NVTX Range,Style,PID,TID,NVTX Inst,Kern Inst,Total Time (ns),Avg (ns),Med (ns),Min (ns),Max (ns),StdDev (ns),Kernel Name
:PHASE3B_STEADY_DECODE_STEP_0,PushPop,667514,667514,1,82,17956544,218982.2,240736.0,78592,307104,67635.9,sm80_xmma_gemm_f16f16_f16f32_f32_tn_n_tilesize32x32x64_stage6_warpsize2x2x1_tensor16x8x16_execute_kernel_trt
:PHASE3B_STEADY_DECODE_STEP_0,PushPop,667514,667514,1,1,10111520,10111520.0,10111520.0,10111520,10111520,0.0,trt_ampere_h16816gemm_128x64_ldg8_nn_v1
:PHASE3B_STEADY_DECODE_STEP_0,PushPop,667514,667514,1,28,6599040,235680.0,255424.0,115104,263104,49289.9,sm80_xmma_gemm_f16f16_f16f16_f16_tn_n_tilesize32x32x64_stage6_warpsize2x2x1_tensor16x8x16_fused
:PHASE3B_STEADY_DECODE_STEP_0,PushPop,667514,667514,1,28,5909856,211066.3,228672.0,104704,230176,43447.7,sm80_xmma_gemm_f16f16_f16f16_f16_nn_n_tilesize64x64x64_stage4_warpsize2x2x1_tensor16x8x16_fused
:PHASE3B_STEADY_DECODE_STEP_0,PushPop,667514,667514,1,28,1242368,44370.3,47888.0,24800,49856,8727.5,sm80_xmma_gemm_f16f16_f16f32_f32_nn_n_tilesize64x128x32_stage5_warpsize2x2x1_tensor16x8x16_aligna2_alignc2_execute_kernel_trt
:PHASE3B_STEADY_DECODE_STEP_0,PushPop,667514,667514,1,28,785664,28059.4,30672.0,13728,31424,6354.6,sm80_xmma_gemm_f16f16_f16f32_f32_nn_n_tilesize32x32x64_stage6_warpsize2x2x1_tensor16x8x16_aligna2_alignc2_execute_kernel_trt
:PHASE3B_STEADY_DECODE_STEP_0,PushPop,667514,667514,1,27,527264,19528.3,20672.0,9984,21792,3757.0,__myl_AddSqrDivMulMulResSliSliNegConMulMulAddConResRepResTra_0x5aea462b6a819ceadd3ebb32874c078f_com
:PHASE3B_STEADY_DECODE_STEP_0,PushPop,667514,667514,1,28,465952,16641.1,18128.0,9184,18496,3156.0,__myl_MovResConResRep_0xeb90291bbf009f8413c8500b92afa70a_com
:PHASE3B_STEADY_DECODE_STEP_0,PushPop,667514,667514,1,27,347712,12878.2,13728.0,6848,14016,2227.7,__myl_AddMulMeaAddSqrDivMulMul_0x37f7a26fc5e98dd1cffe0df41b34ef4f
:PHASE3B_STEADY_DECODE_STEP_0,PushPop,667514,667514,1,28,322592,11521.1,12528.0,5952,13824,2372.3,__myl_MulMeaAddSqrDivMulMul_0x8548fa9a57c713be1fdaa27c95458b99
:PHASE3B_STEADY_DECODE_STEP_0,PushPop,667514,667514,1,28,318336,11369.1,12384.0,5504,12640,2348.2,__myl_MulMaxSubExpSumDivMul_0x1108f5a078d6e65507c06537b9b2e43f_com
:PHASE3B_STEADY_DECODE_STEP_0,PushPop,667514,667514,1,28,311296,11117.7,11808.0,6400,12672,1878.6,__myl_MovResMulMea_0x8729692710be644f17c7f997918851be
:PHASE3B_STEADY_DECODE_STEP_0,PushPop,667514,667514,1,28,266720,9525.7,10464.0,4864,10784,1896.8,__myl_MovResMulMea_0x61ec5b9962acde3fddf5628b2e6fd459
:PHASE3B_STEADY_DECODE_STEP_0,PushPop,667514,667514,1,27,238336,8827.3,9312.0,4320,10528,1462.3,__myl_AddSqrDivMulMulResSliSliNegConMulMulAdd_0xf1ba08cc3beaba8ee91b0504be9c2cf4
:PHASE3B_STEADY_DECODE_STEP_0,PushPop,667514,667514,1,1,142048,142048.0,142048.0,142048,142048,0.0,sm80_xmma_gemm_f16f16_f16f16_f16_tn_n_tilesize32x32x64_stage6_warpsize2x2x1_tensor16x8x16_execute_kernel_trt
:PHASE3B_STEADY_DECODE_STEP_0,PushPop,667514,667514,1,1,74944,74944.0,74944.0,74944,74944,0.0,trt_ampere_h16816gemm_64x64_ldg8_relu_stages_64x5_nn_v1
:PHASE3B_STEADY_DECODE_STEP_0,PushPop,667514,667514,1,1,15648,15648.0,15648.0,15648,15648,0.0,__myl_MovMulMeaAddSqrDivMulMulCas_0x62665ed68e2d72f01be2ec50e848f2e2_vec
:PHASE3B_STEADY_DECODE_STEP_0,PushPop,667514,667514,1,1,13088,13088.0,13088.0,13088,13088,0.0,__myl_CasResMulConSinResCosResAddSqrAddSqrDivMulDivMulMulResSliSliNegConMulMulAddConResRepResTraEtc_0x3beb58e4cd3dae3f69eebdbcbcc43980_com
:PHASE3B_STEADY_DECODE_STEP_0,PushPop,667514,667514,1,1,12704,12704.0,12704.0,12704,12704,0.0,__myl_CasGat_0xdee2c73dd5d0e0fe099a0774cba2143f
:PHASE3B_STEADY_DECODE_STEP_0,PushPop,667514,667514,1,1,11168,11168.0,11168.0,11168,11168,0.0,__myl_MovMulMeaAddSqrDivMulMul_0x2a5532526e8c57d9427ed6b89bda5183
:PHASE3B_STEADY_DECODE_STEP_1,PushPop,667514,667514,1,82,19202464,234176.4,242192.0,101984,310880,58304.0,sm80_xmma_gemm_f16f16_f16f32_f32_tn_n_tilesize32x32x64_stage6_warpsize2x2x1_tensor16x8x16_execute_kernel_trt
:PHASE3B_STEADY_DECODE_STEP_1,PushPop,667514,667514,1,28,7003968,250141.7,255184.0,143296,260928,22706.7,sm80_xmma_gemm_f16f16_f16f16_f16_tn_n_tilesize32x32x64_stage6_warpsize2x2x1_tensor16x8x16_fused
:PHASE3B_STEADY_DECODE_STEP_1,PushPop,667514,667514,1,28,6203776,221563.4,229024.0,108256,230208,27523.7,sm80_xmma_gemm_f16f16_f16f16_f16_nn_n_tilesize64x64x64_stage4_warpsize2x2x1_tensor16x8x16_fused
:PHASE3B_STEADY_DECODE_STEP_1,PushPop,667514,667514,1,1,4696096,4696096.0,4696096.0,4696096,4696096,0.0,trt_ampere_h16816gemm_128x64_ldg8_nn_v1
:PHASE3B_STEADY_DECODE_STEP_1,PushPop,667514,667514,1,28,1394912,49818.3,50176.0,44288,50752,1242.4,sm80_xmma_gemm_f16f16_f16f32_f32_nn_n_tilesize64x128x32_stage5_warpsize2x2x1_tensor16x8x16_aligna2_alignc2_execute_kernel_trt
:PHASE3B_STEADY_DECODE_STEP_1,PushPop,667514,667514,1,27,884992,32777.5,32544.0,31168,33824,815.7,__myl_AddSqrDivMulMulResSliSliNegConMulMulAddConResRepResTra_0x5aea462b6a819ceadd3ebb32874c078f
:PHASE3B_STEADY_DECODE_STEP_1,PushPop,667514,667514,1,28,866560,30948.6,31184.0,28736,31424,535.9,sm80_xmma_gemm_f16f16_f16f32_f32_nn_n_tilesize32x32x64_stage6_warpsize2x2x1_tensor16x8x16_aligna2_alignc2_execute_kernel_trt
:PHASE3B_STEADY_DECODE_STEP_1,PushPop,667514,667514,1,28,796576,28449.1,28320.0,25280,29504,810.5,__myl_MovResConResRep_0xeb90291bbf009f8413c8500b92afa70a
:PHASE3B_STEADY_DECODE_STEP_1,PushPop,667514,667514,1,28,443296,15832.0,15792.0,13984,16672,437.7,__myl_MulMaxSubExpSumDivMul_0x1108f5a078d6e65507c06537b9b2e43f
:PHASE3B_STEADY_DECODE_STEP_1,PushPop,667514,667514,1,27,368672,13654.5,13728.0,10912,14496,570.4,__myl_AddMulMeaAddSqrDivMulMul_0x37f7a26fc5e98dd1cffe0df41b34ef4f
:PHASE3B_STEADY_DECODE_STEP_1,PushPop,667514,667514,1,28,350656,12523.4,12528.0,9984,13856,564.6,__myl_MulMeaAddSqrDivMulMul_0x8548fa9a57c713be1fdaa27c95458b99
:PHASE3B_STEADY_DECODE_STEP_1,PushPop,667514,667514,1,28,329920,11782.9,11808.0,9856,12384,414.4,__myl_MovResMulMea_0x8729692710be644f17c7f997918851be
:PHASE3B_STEADY_DECODE_STEP_1,PushPop,667514,667514,1,1,300448,300448.0,300448.0,300448,300448,0.0,sm80_xmma_gemm_f16f16_f16f16_f16_tn_n_tilesize32x32x64_stage6_warpsize2x2x1_tensor16x8x16_execute_kernel_trt
:PHASE3B_STEADY_DECODE_STEP_1,PushPop,667514,667514,1,28,288064,10288.0,10528.0,8224,10688,506.8,__myl_MovResMulMea_0x61ec5b9962acde3fddf5628b2e6fd459
:PHASE3B_STEADY_DECODE_STEP_1,PushPop,667514,667514,1,27,250976,9295.4,9312.0,7232,10624,485.9,__myl_AddSqrDivMulMulResSliSliNegConMulMulAdd_0xf1ba08cc3beaba8ee91b0504be9c2cf4
:PHASE3B_STEADY_DECODE_STEP_1,PushPop,667514,667514,1,1,157152,157152.0,157152.0,157152,157152,0.0,trt_ampere_h16816gemm_64x64_ldg8_relu_stages_64x5_nn_v1
:PHASE3B_STEADY_DECODE_STEP_1,PushPop,667514,667514,1,1,37152,37152.0,37152.0,37152,37152,0.0,__myl_CasResMulConSinResCosResAddSqrAddSqrDivMulDivMulMulResSliSliNegConMulMulAddConResRepResTraEtc_0x3beb58e4cd3dae3f69eebdbcbcc43980
:PHASE3B_STEADY_DECODE_STEP_1,PushPop,667514,667514,1,1,19072,19072.0,19072.0,19072,19072,0.0,__myl_CasGat_0xdee2c73dd5d0e0fe099a0774cba2143f
:PHASE3B_STEADY_DECODE_STEP_1,PushPop,667514,667514,1,1,18880,18880.0,18880.0,18880,18880,0.0,__myl_MovMulMeaAddSqrDivMulMul_0x2a5532526e8c57d9427ed6b89bda5183
:PHASE3B_STEADY_DECODE_STEP_1,PushPop,667514,667514,1,1,7552,7552.0,7552.0,7552,7552,0.0,__myl_MovMulMeaAddSqrDivMulMulCas_0x62665ed68e2d72f01be2ec50e848f2e2_vec
:PHASE3B_STEADY_DECODE_STEP_2,PushPop,667514,667514,1,82,9171232,111844.3,113200.0,78336,146112,25194.2,sm80_xmma_gemm_f16f16_f16f32_f32_tn_n_tilesize32x32x64_stage6_warpsize2x2x1_tensor16x8x16_execute_kernel_trt
:PHASE3B_STEADY_DECODE_STEP_2,PushPop,667514,667514,1,1,4695424,4695424.0,4695424.0,4695424,4695424,0.0,trt_ampere_h16816gemm_128x64_ldg8_nn_v1
:PHASE3B_STEADY_DECODE_STEP_2,PushPop,667514,667514,1,28,3409248,121758.9,121536.0,119040,125024,1640.9,sm80_xmma_gemm_f16f16_f16f16_f16_tn_n_tilesize32x32x64_stage6_warpsize2x2x1_tensor16x8x16_fused
:PHASE3B_STEADY_DECODE_STEP_2,PushPop,667514,667514,1,28,3059584,109270.9,108800.0,108064,116768,1628.4,sm80_xmma_gemm_f16f16_f16f16_f16_nn_n_tilesize64x64x64_stage4_warpsize2x2x1_tensor16x8x16_fused
:PHASE3B_STEADY_DECODE_STEP_2,PushPop,667514,667514,1,28,711072,25395.4,25504.0,24576,26272,386.1,sm80_xmma_gemm_f16f16_f16f32_f32_nn_n_tilesize64x128x32_stage5_warpsize2x2x1_tensor16x8x16_aligna2_alignc2_execute_kernel_trt
:PHASE3B_STEADY_DECODE_STEP_2,PushPop,667514,667514,1,27,430304,15937.2,15936.0,15424,16928,390.1,__myl_AddSqrDivMulMulResSliSliNegConMulMulAddConResRepResTra_0x5aea462b6a819ceadd3ebb32874c078f
:PHASE3B_STEADY_DECODE_STEP_2,PushPop,667514,667514,1,28,407424,14550.9,14544.0,13920,15648,325.4,__myl_MovResConResRep_0xeb90291bbf009f8413c8500b92afa70a
:PHASE3B_STEADY_DECODE_STEP_2,PushPop,667514,667514,1,28,399008,14250.3,14208.0,13824,14848,240.6,sm80_xmma_gemm_f16f16_f16f32_f32_nn_n_tilesize32x32x64_stage6_warpsize2x2x1_tensor16x8x16_aligna2_alignc2_execute_kernel_trt
:PHASE3B_STEADY_DECODE_STEP_2,PushPop,667514,667514,1,27,213824,7919.4,8000.0,7552,8128,208.2,__myl_AddMulMeaAddSqrDivMulMul_0x37f7a26fc5e98dd1cffe0df41b34ef4f
:PHASE3B_STEADY_DECODE_STEP_2,PushPop,667514,667514,1,28,210880,7531.4,7408.0,7232,8896,343.1,__myl_MulMaxSubExpSumDivMul_0x1108f5a078d6e65507c06537b9b2e43f
:PHASE3B_STEADY_DECODE_STEP_2,PushPop,667514,667514,1,28,192288,6867.4,6752.0,6656,7520,241.3,__myl_MulMeaAddSqrDivMulMul_0x8548fa9a57c713be1fdaa27c95458b99
:PHASE3B_STEADY_DECODE_STEP_2,PushPop,667514,667514,1,28,177920,6354.3,6288.0,6144,7008,215.0,__myl_MovResMulMea_0x8729692710be644f17c7f997918851be
:PHASE3B_STEADY_DECODE_STEP_2,PushPop,667514,667514,1,28,148800,5314.3,5408.0,4768,5760,269.0,__myl_MovResMulMea_0x61ec5b9962acde3fddf5628b2e6fd459
:PHASE3B_STEADY_DECODE_STEP_2,PushPop,667514,667514,1,1,142016,142016.0,142016.0,142016,142016,0.0,sm80_xmma_gemm_f16f16_f16f16_f16_tn_n_tilesize32x32x64_stage6_warpsize2x2x1_tensor16x8x16_execute_kernel_trt
:PHASE3B_STEADY_DECODE_STEP_2,PushPop,667514,667514,1,27,137984,5110.5,5088.0,4544,5856,241.1,__myl_AddSqrDivMulMulResSliSliNegConMulMulAdd_0xf1ba08cc3beaba8ee91b0504be9c2cf4
:PHASE3B_STEADY_DECODE_STEP_2,PushPop,667514,667514,1,1,76960,76960.0,76960.0,76960,76960,0.0,trt_ampere_h16816gemm_64x64_ldg8_relu_stages_64x5_nn_v1
:PHASE3B_STEADY_DECODE_STEP_2,PushPop,667514,667514,1,1,18656,18656.0,18656.0,18656,18656,0.0,__myl_CasResMulConSinResCosResAddSqrAddSqrDivMulDivMulMulResSliSliNegConMulMulAddConResRepResTraEtc_0x3beb58e4cd3dae3f69eebdbcbcc43980
:PHASE3B_STEADY_DECODE_STEP_2,PushPop,667514,667514,1,1,11104,11104.0,11104.0,11104,11104,0.0,__myl_MovMulMeaAddSqrDivMulMul_0x2a5532526e8c57d9427ed6b89bda5183
:PHASE3B_STEADY_DECODE_STEP_2,PushPop,667514,667514,1,1,10688,10688.0,10688.0,10688,10688,0.0,__myl_CasGat_0xdee2c73dd5d0e0fe099a0774cba2143f
:PHASE3B_STEADY_DECODE_STEP_2,PushPop,667514,667514,1,1,8096,8096.0,8096.0,8096,8096,0.0,__myl_MovMulMeaAddSqrDivMulMulCas_0x62665ed68e2d72f01be2ec50e848f2e2_vec
:PHASE3B_STEADY_DECODE_STEP_3,PushPop,667514,667514,1,82,14618528,178274.7,182320.0,123104,235232,42650.8,sm80_xmma_gemm_f16f16_f16f32_f32_tn_n_tilesize32x32x64_stage6_warpsize2x2x1_tensor16x8x16_execute_kernel_trt
:PHASE3B_STEADY_DECODE_STEP_3,PushPop,667514,667514,1,1,7591040,7591040.0,7591040.0,7591040,7591040,0.0,trt_ampere_h16816gemm_128x64_ldg8_nn_v1
:PHASE3B_STEADY_DECODE_STEP_3,PushPop,667514,667514,1,28,5461312,195046.9,194960.0,189024,198816,2404.0,sm80_xmma_gemm_f16f16_f16f16_f16_tn_n_tilesize32x32x64_stage6_warpsize2x2x1_tensor16x8x16_fused
:PHASE3B_STEADY_DECODE_STEP_3,PushPop,667514,667514,1,28,4852288,173296.0,173408.0,172288,174240,499.8,sm80_xmma_gemm_f16f16_f16f16_f16_nn_n_tilesize64x64x64_stage4_warpsize2x2x1_tensor16x8x16_fused
:PHASE3B_STEADY_DECODE_STEP_3,PushPop,667514,667514,1,28,1100160,39291.4,39344.0,38688,40032,364.5,sm80_xmma_gemm_f16f16_f16f32_f32_nn_n_tilesize64x128x32_stage5_warpsize2x2x1_tensor16x8x16_aligna2_alignc2_execute_kernel_trt
:PHASE3B_STEADY_DECODE_STEP_3,PushPop,667514,667514,1,27,736576,27280.6,27264.0,26656,28480,438.2,__myl_AddSqrDivMulMulResSliSliNegConMulMulAddConResRepResTra_0x5aea462b6a819ceadd3ebb32874c078f
:PHASE3B_STEADY_DECODE_STEP_3,PushPop,667514,667514,1,28,665760,23777.1,23552.0,23328,24704,416.4,__myl_MovResConResRep_0xeb90291bbf009f8413c8500b92afa70a
:PHASE3B_STEADY_DECODE_STEP_3,PushPop,667514,667514,1,28,659616,23557.7,23504.0,23136,24384,283.6,sm80_xmma_gemm_f16f16_f16f32_f32_nn_n_tilesize32x32x64_stage6_warpsize2x2x1_tensor16x8x16_aligna2_alignc2_execute_kernel_trt
:PHASE3B_STEADY_DECODE_STEP_3,PushPop,667514,667514,1,28,335360,11977.1,11840.0,11680,13536,358.4,__myl_MulMaxSubExpSumDivMul_0x1108f5a078d6e65507c06537b9b2e43f
:PHASE3B_STEADY_DECODE_STEP_3,PushPop,667514,667514,1,27,299360,11087.4,11040.0,10976,11296,97.0,__myl_AddMulMeaAddSqrDivMulMul_0x37f7a26fc5e98dd1cffe0df41b34ef4f
:PHASE3B_STEADY_DECODE_STEP_3,PushPop,667514,667514,1,28,281088,10038.9,9968.0,9856,11136,245.4,__myl_MulMeaAddSqrDivMulMul_0x8548fa9a57c713be1fdaa27c95458b99
:PHASE3B_STEADY_DECODE_STEP_3,PushPop,667514,667514,1,28,266048,9501.7,9456.0,9312,10016,184.5,__myl_MovResMulMea_0x8729692710be644f17c7f997918851be
:PHASE3B_STEADY_DECODE_STEP_3,PushPop,667514,667514,1,1,227808,227808.0,227808.0,227808,227808,0.0,sm80_xmma_gemm_f16f16_f16f16_f16_tn_n_tilesize32x32x64_stage6_warpsize2x2x1_tensor16x8x16_execute_kernel_trt
:PHASE3B_STEADY_DECODE_STEP_3,PushPop,667514,667514,1,28,223296,7974.9,7792.0,7488,8448,364.2,__myl_MovResMulMea_0x61ec5b9962acde3fddf5628b2e6fd459
:PHASE3B_STEADY_DECODE_STEP_3,PushPop,667514,667514,1,27,198016,7333.9,7168.0,7072,8416,388.4,__myl_AddSqrDivMulMulResSliSliNegConMulMulAdd_0xf1ba08cc3beaba8ee91b0504be9c2cf4
:PHASE3B_STEADY_DECODE_STEP_3,PushPop,667514,667514,1,1,118432,118432.0,118432.0,118432,118432,0.0,trt_ampere_h16816gemm_64x64_ldg8_relu_stages_64x5_nn_v1
:PHASE3B_STEADY_DECODE_STEP_3,PushPop,667514,667514,1,1,31808,31808.0,31808.0,31808,31808,0.0,__myl_CasResMulConSinResCosResAddSqrAddSqrDivMulDivMulMulResSliSliNegConMulMulAddConResRepResTraEtc_0x3beb58e4cd3dae3f69eebdbcbcc43980
:PHASE3B_STEADY_DECODE_STEP_3,PushPop,667514,667514,1,1,15648,15648.0,15648.0,15648,15648,0.0,__myl_MovMulMeaAddSqrDivMulMul_0x2a5532526e8c57d9427ed6b89bda5183
:PHASE3B_STEADY_DECODE_STEP_3,PushPop,667514,667514,1,1,12256,12256.0,12256.0,12256,12256,0.0,__myl_MovMulMeaAddSqrDivMulMulCas_0x62665ed68e2d72f01be2ec50e848f2e2_vec
:PHASE3B_STEADY_DECODE_STEP_3,PushPop,667514,667514,1,1,9888,9888.0,9888.0,9888,9888,0.0,__myl_CasGat_0xdee2c73dd5d0e0fe099a0774cba2143f
:PHASE3B_STEADY_PREFILL_S8,PushPop,667514,667514,1,84,10220256,121669.7,111904.0,108864,150752,14934.0,trt_ampere_h16816gemm_256x64_ldg8_tn_v1
:PHASE3B_STEADY_PREFILL_S8,PushPop,667514,667514,1,56,5709248,101950.9,100960.0,79680,127712,17533.6,sm80_xmma_gemm_f16f16_f16f16_f16_nn_n_tilesize128x64x64_stage3_warpsize2x2x1_tensor16x8x16_fused
:PHASE3B_STEADY_PREFILL_S8,PushPop,667514,667514,1,1,4697824,4697824.0,4697824.0,4697824,4697824,0.0,trt_ampere_h16816gemm_128x64_ldg8_nn_v1
:PHASE3B_STEADY_PREFILL_S8,PushPop,667514,667514,1,28,300192,10721.1,10848.0,10112,11104,303.4,_gemm_mha_v2_0xb1de950b39aeff343f8e5a6b250b0cff
:PHASE3B_STEADY_PREFILL_S8,PushPop,667514,667514,1,27,256928,9515.9,9504.0,8928,10048,268.0,__myl_AddSqrDivMulMulTraSliSliNegConMulMulAddResSliRepResTraRes_0x4ad536b524b3f7a2415d97f02da12733_com
:PHASE3B_STEADY_PREFILL_S8,PushPop,667514,667514,1,28,234208,8364.6,8320.0,8096,9024,200.8,__myl_NegExpAddDivMulMul_0x35e9fa130a3939e5b59c6ddbd0568b35_com_vec
:PHASE3B_STEADY_PREFILL_S8,PushPop,667514,667514,1,28,224896,8032.0,7952.0,7680,8864,287.9,__myl_MulMeaAddSqrDivMulMul_0xecca72c958a3414a0b497095c432af2e_com_vec
:PHASE3B_STEADY_PREFILL_S8,PushPop,667514,667514,1,28,223936,7997.7,7904.0,7648,8672,277.3,__myl_ResTraResSliRepRes_0xc9f73409107decab95699693f5f53538_com
:PHASE3B_STEADY_PREFILL_S8,PushPop,667514,667514,1,27,214240,7934.8,7904.0,7648,8352,201.1,__myl_MulMeaAddSqrDivMulMul_0x7950617bc96f544a93cba59dd9f0896c_com_vec
:PHASE3B_STEADY_PREFILL_S8,PushPop,667514,667514,1,27,191968,7109.9,7008.0,6880,8032,283.2,__myl_AddSqrDivMulMulTraSliSliNegConMulMulAddRes_0x6acc4948abd0f5b32a0e9f68913929b0_com
:PHASE3B_STEADY_PREFILL_S8,PushPop,667514,667514,1,28,181376,6477.7,6352.0,5984,6944,350.2,__myl_ResMulMea_0xae152563f1149376365003f94aabf3c4_com_vec
:PHASE3B_STEADY_PREFILL_S8,PushPop,667514,667514,1,28,174560,6234.3,6192.0,5696,6880,249.3,__myl_ResMulMea_0xa004b8b1aee1c828801c9405f41c9d8a_com_vec
:PHASE3B_STEADY_PREFILL_S8,PushPop,667514,667514,1,1,15520,15520.0,15520.0,15520,15520,0.0,__myl_CasGat_0xdee2c73dd5d0e0fe099a0774cba2143f_com
:PHASE3B_STEADY_PREFILL_S8,PushPop,667514,667514,1,1,13856,13856.0,13856.0,13856,13856,0.0,__myl_CasResMulConSinResCosResAddSqrAddSqrDivMulDivMulMulTraSliSliNegConMulMulAddResSliRepResTraEtc_0xeeda8c3ad0b01a41e68bda37288b89cd_com
:PHASE3B_STEADY_PREFILL_S8,PushPop,667514,667514,1,1,10528,10528.0,10528.0,10528,10528,0.0,"void <unnamed>::elementwise_kernel_with_index<int, at::native::arange_cuda_out(const c10::Scalar &, const c10::Scalar &, const c10::Scalar &, at::Tensor &)::[lambda() (instance 1)]::operator ()() const::[lambda() (instance 4)]::operator ()() const::[lambda(long) (instance 1)]>(T1, T2, function_traits<T2>::result_type *)"
:PHASE3B_STEADY_PREFILL_S8,PushPop,667514,667514,1,1,10176,10176.0,10176.0,10176,10176,0.0,__myl_MovMulMeaAddSqrDivMulMulCas_0x62665ed68e2d72f01be2ec50e848f2e2_vec
:PHASE3B_STEADY_PREFILL_S8,PushPop,667514,667514,1,1,5472,5472.0,5472.0,5472,5472,0.0,__myl_MovMulMeaAddSqrDivMulMul_0x8c7c765d132892c540be4329124deccc_com_vec
:PHASE3B_STEADY_PREFILL_S8,PushPop,667514,667514,1,1,4736,4736.0,4736.0,4736,4736,0.0,__myl_RepIotIotRepCasAddCasEqlLtOrSel_0xeed00a2999d9a920ce4be4d44852c879_com
:PHASE3B_WARMUP,PushPop,667514,667514,1,168,43353440,258056.2,237184.0,233728,302752,30602.5,trt_ampere_h16816gemm_256x64_ldg8_tn_v1
:PHASE3B_WARMUP,PushPop,667514,667514,1,112,22980160,205180.0,204656.0,161856,260064,37715.5,sm80_xmma_gemm_f16f16_f16f16_f16_nn_n_tilesize128x64x64_stage3_warpsize2x2x1_tensor16x8x16_fused
:PHASE3B_WARMUP,PushPop,667514,667514,1,2,20222080,10111040.0,10111040.0,10110144,10111936,1267.1,trt_ampere_h16816gemm_128x64_ldg8_nn_v1
:PHASE3B_WARMUP,PushPop,667514,667514,1,56,1241664,22172.6,22368.0,21440,22976,406.3,_gemm_mha_v2_0xb1de950b39aeff343f8e5a6b250b0cff
:PHASE3B_WARMUP,PushPop,667514,667514,1,54,995040,18426.7,18576.0,17248,19360,463.3,__myl_AddSqrDivMulMulTraSliSliNegConMulMulAddResSliRepResTraRes_0x4ad536b524b3f7a2415d97f02da12733_com
:PHASE3B_WARMUP,PushPop,667514,667514,1,56,865280,15451.4,15328.0,14848,16160,367.6,__myl_NegExpAddDivMulMul_0x35e9fa130a3939e5b59c6ddbd0568b35_com_vec
:PHASE3B_WARMUP,PushPop,667514,667514,1,56,848160,15145.7,14944.0,14688,17056,509.9,__myl_ResTraResSliRepRes_0xc9f73409107decab95699693f5f53538_com
:PHASE3B_WARMUP,PushPop,667514,667514,1,56,802592,14332.0,14080.0,13728,16256,594.8,__myl_MulMeaAddSqrDivMulMul_0xecca72c958a3414a0b497095c432af2e_com_vec
:PHASE3B_WARMUP,PushPop,667514,667514,1,54,780128,14446.8,14576.0,13728,15104,427.5,__myl_AddSqrDivMulMulTraSliSliNegConMulMulAddRes_0x6acc4948abd0f5b32a0e9f68913929b0_com
:PHASE3B_WARMUP,PushPop,667514,667514,1,54,773504,14324.1,14272.0,13600,14944,414.9,__myl_MulMeaAddSqrDivMulMul_0x7950617bc96f544a93cba59dd9f0896c_com_vec
:PHASE3B_WARMUP,PushPop,667514,667514,1,56,675616,12064.6,12192.0,10880,12768,410.7,__myl_ResMulMea_0xae152563f1149376365003f94aabf3c4_com_vec
:PHASE3B_WARMUP,PushPop,667514,667514,1,56,637344,11381.1,11264.0,11008,12736,324.9,__myl_ResMulMea_0xa004b8b1aee1c828801c9405f41c9d8a_com_vec
:PHASE3B_WARMUP,PushPop,667514,667514,1,2,58656,29328.0,29328.0,29056,29600,384.7,__myl_CasResMulConSinResCosResAddSqrAddSqrDivMulDivMulMulTraSliSliNegConMulMulAddResSliRepResTraEtc_0xeeda8c3ad0b01a41e68bda37288b89cd_com
:PHASE3B_WARMUP,PushPop,667514,667514,1,2,37952,18976.0,18976.0,18624,19328,497.8,__myl_MovMulMeaAddSqrDivMulMulCas_0x62665ed68e2d72f01be2ec50e848f2e2_vec
:PHASE3B_WARMUP,PushPop,667514,667514,1,2,31104,15552.0,15552.0,15520,15584,45.3,__myl_CasGat_0xdee2c73dd5d0e0fe099a0774cba2143f_com
:PHASE3B_WARMUP,PushPop,667514,667514,1,2,22400,11200.0,11200.0,11200,11200,0.0,__myl_MovMulMeaAddSqrDivMulMul_0x8c7c765d132892c540be4329124deccc_com_vec
:PHASE3B_WARMUP,PushPop,667514,667514,1,2,20032,10016.0,10016.0,9504,10528,724.1,"void <unnamed>::elementwise_kernel_with_index<int, at::native::arange_cuda_out(const c10::Scalar &, const c10::Scalar &, const c10::Scalar &, at::Tensor &)::[lambda() (instance 1)]::operator ()() const::[lambda() (instance 4)]::operator ()() const::[lambda(long) (instance 1)]>(T1, T2, function_traits<T2>::result_type *)"
:PHASE3B_WARMUP,PushPop,667514,667514,1,2,16992,8496.0,8496.0,8224,8768,384.7,__myl_RepIotIotRepCasAddCasEqlLtOrSel_0xeed00a2999d9a920ce4be4d44852c879_com
TensorRT:ExecutionContext::enqueue,PushPop,667514,667514,4,328,60948768,185819.4,166368.0,78336,310880,69510.7,sm80_xmma_gemm_f16f16_f16f32_f32_tn_n_tilesize32x32x64_stage6_warpsize2x2x1_tensor16x8x16_execute_kernel_trt
TensorRT:ExecutionContext::enqueue,PushPop,667514,667514,3,252,53573696,212594.0,236192.0,108864,302752,69619.9,trt_ampere_h16816gemm_256x64_ldg8_tn_v1
TensorRT:ExecutionContext::enqueue,PushPop,667514,667514,7,7,52013984,7430569.1,7591040.0,4695424,10111936,2708300.7,trt_ampere_h16816gemm_128x64_ldg8_nn_v1
TensorRT:ExecutionContext::enqueue,PushPop,667514,667514,3,168,28689408,170770.3,165120.0,79680,260064,58557.3,sm80_xmma_gemm_f16f16_f16f16_f16_nn_n_tilesize128x64x64_stage3_warpsize2x2x1_tensor16x8x16_fused
TensorRT:ExecutionContext::enqueue,PushPop,667514,667514,4,112,22473568,200656.9,197744.0,115104,263104,56778.0,sm80_xmma_gemm_f16f16_f16f16_f16_tn_n_tilesize32x32x64_stage6_warpsize2x2x1_tensor16x8x16_fused
TensorRT:ExecutionContext::enqueue,PushPop,667514,667514,4,112,20025504,178799.1,173680.0,104704,230208,50942.8,sm80_xmma_gemm_f16f16_f16f16_f16_nn_n_tilesize64x64x64_stage4_warpsize2x2x1_tensor16x8x16_fused
TensorRT:ExecutionContext::enqueue,PushPop,667514,667514,4,112,4448512,39718.9,39488.0,24576,50752,10097.4,sm80_xmma_gemm_f16f16_f16f32_f32_nn_n_tilesize64x128x32_stage5_warpsize2x2x1_tensor16x8x16_aligna2_alignc2_execute_kernel_trt
TensorRT:ExecutionContext::enqueue,PushPop,667514,667514,4,112,2710848,24204.0,23792.0,13728,31424,7088.6,sm80_xmma_gemm_f16f16_f16f32_f32_nn_n_tilesize32x32x64_stage6_warpsize2x2x1_tensor16x8x16_aligna2_alignc2_execute_kernel_trt
TensorRT:ExecutionContext::enqueue,PushPop,667514,667514,3,81,2051872,25331.8,27264.0,15424,33824,7078.7,__myl_AddSqrDivMulMulResSliSliNegConMulMulAddConResRepResTra_0x5aea462b6a819ceadd3ebb32874c078f
TensorRT:ExecutionContext::enqueue,PushPop,667514,667514,3,84,1869760,22259.0,23552.0,13920,29504,5835.4,__myl_MovResConResRep_0xeb90291bbf009f8413c8500b92afa70a
TensorRT:ExecutionContext::enqueue,PushPop,667514,667514,3,84,1541856,18355.4,21856.0,10112,22976,5443.5,_gemm_mha_v2_0xb1de950b39aeff343f8e5a6b250b0cff
TensorRT:ExecutionContext::enqueue,PushPop,667514,667514,3,81,1251968,15456.4,18208.0,8928,19360,4246.3,__myl_AddSqrDivMulMulTraSliSliNegConMulMulAddResSliRepResTraRes_0x4ad536b524b3f7a2415d97f02da12733_com
TensorRT:ExecutionContext::enqueue,PushPop,667514,667514,4,108,1229568,11384.9,11168.0,6848,14496,2492.6,__myl_AddMulMeaAddSqrDivMulMul_0x37f7a26fc5e98dd1cffe0df41b34ef4f
TensorRT:ExecutionContext::enqueue,PushPop,667514,667514,4,112,1146624,10237.7,10048.0,5952,13856,2466.6,__myl_MulMeaAddSqrDivMulMul_0x8548fa9a57c713be1fdaa27c95458b99
TensorRT:ExecutionContext::enqueue,PushPop,667514,667514,3,84,1099488,13089.1,15184.0,8096,16160,3376.1,__myl_NegExpAddDivMulMul_0x35e9fa130a3939e5b59c6ddbd0568b35_com_vec
TensorRT:ExecutionContext::enqueue,PushPop,667514,667514,4,112,1085184,9689.1,9632.0,6144,12672,2314.0,__myl_MovResMulMea_0x8729692710be644f17c7f997918851be
TensorRT:ExecutionContext::enqueue,PushPop,667514,667514,3,84,1072096,12763.0,14816.0,7648,17056,3418.8,__myl_ResTraResSliRepRes_0xc9f73409107decab95699693f5f53538_com
TensorRT:ExecutionContext::enqueue,PushPop,667514,667514,3,84,1027488,12232.0,13888.0,7680,16256,3031.1,__myl_MulMeaAddSqrDivMulMul_0xecca72c958a3414a0b497095c432af2e_com_vec
TensorRT:ExecutionContext::enqueue,PushPop,667514,667514,3,84,989536,11780.2,11840.0,7232,16672,3432.7,__myl_MulMaxSubExpSumDivMul_0x1108f5a078d6e65507c06537b9b2e43f
TensorRT:ExecutionContext::enqueue,PushPop,667514,667514,3,81,987744,12194.4,13920.0,7648,14944,3051.6,__myl_MulMeaAddSqrDivMulMul_0x7950617bc96f544a93cba59dd9f0896c_com_vec
TensorRT:ExecutionContext::enqueue,PushPop,667514,667514,3,81,972096,12001.2,13984.0,6880,15104,3501.3,__myl_AddSqrDivMulMulTraSliSliNegConMulMulAddRes_0x6acc4948abd0f5b32a0e9f68913929b0_com
TensorRT:ExecutionContext::enqueue,PushPop,667514,667514,4,112,926880,8275.7,8352.0,4768,10784,2153.6,__myl_MovResMulMea_0x61ec5b9962acde3fddf5628b2e6fd459
TensorRT:ExecutionContext::enqueue,PushPop,667514,667514,3,84,856992,10202.3,11920.0,5984,12768,2678.0,__myl_ResMulMea_0xae152563f1149376365003f94aabf3c4_com_vec
TensorRT:ExecutionContext::enqueue,PushPop,667514,667514,4,108,825312,7641.8,7744.0,4320,10624,1820.2,__myl_AddSqrDivMulMulResSliSliNegConMulMulAdd_0xf1ba08cc3beaba8ee91b0504be9c2cf4
TensorRT:ExecutionContext::enqueue,PushPop,667514,667514,4,4,812320,203080.0,184928.0,142016,300448,76476.0,sm80_xmma_gemm_f16f16_f16f16_f16_tn_n_tilesize32x32x64_stage6_warpsize2x2x1_tensor16x8x16_execute_kernel_trt
TensorRT:ExecutionContext::enqueue,PushPop,667514,667514,3,84,811904,9665.5,11232.0,5696,12736,2459.2,__myl_ResMulMea_0xa004b8b1aee1c828801c9405f41c9d8a_com_vec
TensorRT:ExecutionContext::enqueue,PushPop,667514,667514,1,27,527264,19528.3,20672.0,9984,21792,3757.0,__myl_AddSqrDivMulMulResSliSliNegConMulMulAddConResRepResTra_0x5aea462b6a819ceadd3ebb32874c078f_com
TensorRT:ExecutionContext::enqueue,PushPop,667514,667514,1,28,465952,16641.1,18128.0,9184,18496,3156.0,__myl_MovResConResRep_0xeb90291bbf009f8413c8500b92afa70a_com
TensorRT:ExecutionContext::enqueue,PushPop,667514,667514,4,4,427488,106872.0,97696.0,74944,157152,39054.8,trt_ampere_h16816gemm_64x64_ldg8_relu_stages_64x5_nn_v1
TensorRT:ExecutionContext::enqueue,PushPop,667514,667514,1,28,318336,11369.1,12384.0,5504,12640,2348.2,__myl_MulMaxSubExpSumDivMul_0x1108f5a078d6e65507c06537b9b2e43f_com
TensorRT:ExecutionContext::enqueue,PushPop,667514,667514,7,7,91680,13097.1,12256.0,7552,19328,4845.6,__myl_MovMulMeaAddSqrDivMulMulCas_0x62665ed68e2d72f01be2ec50e848f2e2_vec
TensorRT:ExecutionContext::enqueue,PushPop,667514,667514,3,3,87616,29205.3,31808.0,18656,37152,9518.7,__myl_CasResMulConSinResCosResAddSqrAddSqrDivMulDivMulMulResSliSliNegConMulMulAddConResRepResTraEtc_0x3beb58e4cd3dae3f69eebdbcbcc43980
TensorRT:ExecutionContext::enqueue,PushPop,667514,667514,3,3,72512,24170.7,29056.0,13856,29600,8936.9,__myl_CasResMulConSinResCosResAddSqrAddSqrDivMulDivMulMulTraSliSliNegConMulMulAddResSliRepResTraEtc_0xeeda8c3ad0b01a41e68bda37288b89cd_com
TensorRT:ExecutionContext::enqueue,PushPop,667514,667514,4,4,56800,14200.0,13408.0,11104,18880,3776.1,__myl_MovMulMeaAddSqrDivMulMul_0x2a5532526e8c57d9427ed6b89bda5183
TensorRT:ExecutionContext::enqueue,PushPop,667514,667514,4,4,52352,13088.0,11696.0,9888,19072,4161.6,__myl_CasGat_0xdee2c73dd5d0e0fe099a0774cba2143f
TensorRT:ExecutionContext::enqueue,PushPop,667514,667514,3,3,46624,15541.3,15520.0,15520,15584,37.0,__myl_CasGat_0xdee2c73dd5d0e0fe099a0774cba2143f_com
TensorRT:ExecutionContext::enqueue,PushPop,667514,667514,3,3,27872,9290.7,11200.0,5472,11200,3307.1,__myl_MovMulMeaAddSqrDivMulMul_0x8c7c765d132892c540be4329124deccc_com_vec
TensorRT:ExecutionContext::enqueue,PushPop,667514,667514,3,3,21728,7242.7,8224.0,4736,8768,2187.8,__myl_RepIotIotRepCasAddCasEqlLtOrSel_0xeed00a2999d9a920ce4be4d44852c879_com
TensorRT:ExecutionContext::enqueue,PushPop,667514,667514,1,1,13088,13088.0,13088.0,13088,13088,0.0,__myl_CasResMulConSinResCosResAddSqrAddSqrDivMulDivMulMulResSliSliNegConMulMulAddConResRepResTraEtc_0x3beb58e4cd3dae3f69eebdbcbcc43980_com
TensorRT:{ForeignNode[/Cast.../Add_111]},PushPop,667514,667514,4,328,60948768,185819.4,166368.0,78336,310880,69510.7,sm80_xmma_gemm_f16f16_f16f32_f32_tn_n_tilesize32x32x64_stage6_warpsize2x2x1_tensor16x8x16_execute_kernel_trt
TensorRT:{ForeignNode[/Cast.../Add_111]},PushPop,667514,667514,3,252,53573696,212594.0,236192.0,108864,302752,69619.9,trt_ampere_h16816gemm_256x64_ldg8_tn_v1
TensorRT:{ForeignNode[/Cast.../Add_111]},PushPop,667514,667514,3,168,28689408,170770.3,165120.0,79680,260064,58557.3,sm80_xmma_gemm_f16f16_f16f16_f16_nn_n_tilesize128x64x64_stage3_warpsize2x2x1_tensor16x8x16_fused
TensorRT:{ForeignNode[/Cast.../Add_111]},PushPop,667514,667514,4,112,22473568,200656.9,197744.0,115104,263104,56778.0,sm80_xmma_gemm_f16f16_f16f16_f16_tn_n_tilesize32x32x64_stage6_warpsize2x2x1_tensor16x8x16_fused
TensorRT:{ForeignNode[/Cast.../Add_111]},PushPop,667514,667514,4,112,20025504,178799.1,173680.0,104704,230208,50942.8,sm80_xmma_gemm_f16f16_f16f16_f16_nn_n_tilesize64x64x64_stage4_warpsize2x2x1_tensor16x8x16_fused
TensorRT:{ForeignNode[/Cast.../Add_111]},PushPop,667514,667514,4,112,4448512,39718.9,39488.0,24576,50752,10097.4,sm80_xmma_gemm_f16f16_f16f32_f32_nn_n_tilesize64x128x32_stage5_warpsize2x2x1_tensor16x8x16_aligna2_alignc2_execute_kernel_trt
TensorRT:{ForeignNode[/Cast.../Add_111]},PushPop,667514,667514,4,112,2710848,24204.0,23792.0,13728,31424,7088.6,sm80_xmma_gemm_f16f16_f16f32_f32_nn_n_tilesize32x32x64_stage6_warpsize2x2x1_tensor16x8x16_aligna2_alignc2_execute_kernel_trt
TensorRT:{ForeignNode[/Cast.../Add_111]},PushPop,667514,667514,3,81,2051872,25331.8,27264.0,15424,33824,7078.7,__myl_AddSqrDivMulMulResSliSliNegConMulMulAddConResRepResTra_0x5aea462b6a819ceadd3ebb32874c078f
TensorRT:{ForeignNode[/Cast.../Add_111]},PushPop,667514,667514,3,84,1869760,22259.0,23552.0,13920,29504,5835.4,__myl_MovResConResRep_0xeb90291bbf009f8413c8500b92afa70a
TensorRT:{ForeignNode[/Cast.../Add_111]},PushPop,667514,667514,3,84,1541856,18355.4,21856.0,10112,22976,5443.5,_gemm_mha_v2_0xb1de950b39aeff343f8e5a6b250b0cff
TensorRT:{ForeignNode[/Cast.../Add_111]},PushPop,667514,667514,3,81,1251968,15456.4,18208.0,8928,19360,4246.3,__myl_AddSqrDivMulMulTraSliSliNegConMulMulAddResSliRepResTraRes_0x4ad536b524b3f7a2415d97f02da12733_com
TensorRT:{ForeignNode[/Cast.../Add_111]},PushPop,667514,667514,4,108,1229568,11384.9,11168.0,6848,14496,2492.6,__myl_AddMulMeaAddSqrDivMulMul_0x37f7a26fc5e98dd1cffe0df41b34ef4f
TensorRT:{ForeignNode[/Cast.../Add_111]},PushPop,667514,667514,4,112,1146624,10237.7,10048.0,5952,13856,2466.6,__myl_MulMeaAddSqrDivMulMul_0x8548fa9a57c713be1fdaa27c95458b99
TensorRT:{ForeignNode[/Cast.../Add_111]},PushPop,667514,667514,3,84,1099488,13089.1,15184.0,8096,16160,3376.1,__myl_NegExpAddDivMulMul_0x35e9fa130a3939e5b59c6ddbd0568b35_com_vec
TensorRT:{ForeignNode[/Cast.../Add_111]},PushPop,667514,667514,4,112,1085184,9689.1,9632.0,6144,12672,2314.0,__myl_MovResMulMea_0x8729692710be644f17c7f997918851be
TensorRT:{ForeignNode[/Cast.../Add_111]},PushPop,667514,667514,3,84,1072096,12763.0,14816.0,7648,17056,3418.8,__myl_ResTraResSliRepRes_0xc9f73409107decab95699693f5f53538_com
TensorRT:{ForeignNode[/Cast.../Add_111]},PushPop,667514,667514,3,84,1027488,12232.0,13888.0,7680,16256,3031.1,__myl_MulMeaAddSqrDivMulMul_0xecca72c958a3414a0b497095c432af2e_com_vec
TensorRT:{ForeignNode[/Cast.../Add_111]},PushPop,667514,667514,3,84,989536,11780.2,11840.0,7232,16672,3432.7,__myl_MulMaxSubExpSumDivMul_0x1108f5a078d6e65507c06537b9b2e43f
TensorRT:{ForeignNode[/Cast.../Add_111]},PushPop,667514,667514,3,81,987744,12194.4,13920.0,7648,14944,3051.6,__myl_MulMeaAddSqrDivMulMul_0x7950617bc96f544a93cba59dd9f0896c_com_vec
TensorRT:{ForeignNode[/Cast.../Add_111]},PushPop,667514,667514,3,81,972096,12001.2,13984.0,6880,15104,3501.3,__myl_AddSqrDivMulMulTraSliSliNegConMulMulAddRes_0x6acc4948abd0f5b32a0e9f68913929b0_com
TensorRT:{ForeignNode[/Cast.../Add_111]},PushPop,667514,667514,4,112,926880,8275.7,8352.0,4768,10784,2153.6,__myl_MovResMulMea_0x61ec5b9962acde3fddf5628b2e6fd459
TensorRT:{ForeignNode[/Cast.../Add_111]},PushPop,667514,667514,3,84,856992,10202.3,11920.0,5984,12768,2678.0,__myl_ResMulMea_0xae152563f1149376365003f94aabf3c4_com_vec
TensorRT:{ForeignNode[/Cast.../Add_111]},PushPop,667514,667514,4,108,825312,7641.8,7744.0,4320,10624,1820.2,__myl_AddSqrDivMulMulResSliSliNegConMulMulAdd_0xf1ba08cc3beaba8ee91b0504be9c2cf4
TensorRT:{ForeignNode[/Cast.../Add_111]},PushPop,667514,667514,4,4,812320,203080.0,184928.0,142016,300448,76476.0,sm80_xmma_gemm_f16f16_f16f16_f16_tn_n_tilesize32x32x64_stage6_warpsize2x2x1_tensor16x8x16_execute_kernel_trt
TensorRT:{ForeignNode[/Cast.../Add_111]},PushPop,667514,667514,3,84,811904,9665.5,11232.0,5696,12736,2459.2,__myl_ResMulMea_0xa004b8b1aee1c828801c9405f41c9d8a_com_vec
TensorRT:{ForeignNode[/Cast.../Add_111]},PushPop,667514,667514,1,27,527264,19528.3,20672.0,9984,21792,3757.0,__myl_AddSqrDivMulMulResSliSliNegConMulMulAddConResRepResTra_0x5aea462b6a819ceadd3ebb32874c078f_com
TensorRT:{ForeignNode[/Cast.../Add_111]},PushPop,667514,667514,1,28,465952,16641.1,18128.0,9184,18496,3156.0,__myl_MovResConResRep_0xeb90291bbf009f8413c8500b92afa70a_com
TensorRT:{ForeignNode[/Cast.../Add_111]},PushPop,667514,667514,4,4,427488,106872.0,97696.0,74944,157152,39054.8,trt_ampere_h16816gemm_64x64_ldg8_relu_stages_64x5_nn_v1
TensorRT:{ForeignNode[/Cast.../Add_111]},PushPop,667514,667514,1,28,318336,11369.1,12384.0,5504,12640,2348.2,__myl_MulMaxSubExpSumDivMul_0x1108f5a078d6e65507c06537b9b2e43f_com
TensorRT:{ForeignNode[/Cast.../Add_111]},PushPop,667514,667514,3,3,87616,29205.3,31808.0,18656,37152,9518.7,__myl_CasResMulConSinResCosResAddSqrAddSqrDivMulDivMulMulResSliSliNegConMulMulAddConResRepResTraEtc_0x3beb58e4cd3dae3f69eebdbcbcc43980
TensorRT:{ForeignNode[/Cast.../Add_111]},PushPop,667514,667514,3,3,72512,24170.7,29056.0,13856,29600,8936.9,__myl_CasResMulConSinResCosResAddSqrAddSqrDivMulDivMulMulTraSliSliNegConMulMulAddResSliRepResTraEtc_0xeeda8c3ad0b01a41e68bda37288b89cd_com
TensorRT:{ForeignNode[/Cast.../Add_111]},PushPop,667514,667514,4,4,56800,14200.0,13408.0,11104,18880,3776.1,__myl_MovMulMeaAddSqrDivMulMul_0x2a5532526e8c57d9427ed6b89bda5183
TensorRT:{ForeignNode[/Cast.../Add_111]},PushPop,667514,667514,3,3,27872,9290.7,11200.0,5472,11200,3307.1,__myl_MovMulMeaAddSqrDivMulMul_0x8c7c765d132892c540be4329124deccc_com_vec
TensorRT:{ForeignNode[/Cast.../Add_111]},PushPop,667514,667514,3,3,21728,7242.7,8224.0,4736,8768,2187.8,__myl_RepIotIotRepCasAddCasEqlLtOrSel_0xeed00a2999d9a920ce4be4d44852c879_com
TensorRT:{ForeignNode[/Cast.../Add_111]},PushPop,667514,667514,1,1,13088,13088.0,13088.0,13088,13088,0.0,__myl_CasResMulConSinResCosResAddSqrAddSqrDivMulDivMulMulResSliSliNegConMulMulAddConResRepResTraEtc_0x3beb58e4cd3dae3f69eebdbcbcc43980_com
TensorRT:{ForeignNode[/Cast.../Cast_1]},PushPop,667514,667514,7,7,91680,13097.1,12256.0,7552,19328,4845.6,__myl_MovMulMeaAddSqrDivMulMulCas_0x62665ed68e2d72f01be2ec50e848f2e2_vec
TensorRT:{ForeignNode[ONNXTRT_castHelper.../Gather]},PushPop,667514,667514,4,4,52352,13088.0,11696.0,9888,19072,4161.6,__myl_CasGat_0xdee2c73dd5d0e0fe099a0774cba2143f
TensorRT:{ForeignNode[ONNXTRT_castHelper.../Gather]},PushPop,667514,667514,3,3,46624,15541.3,15520.0,15520,15584,37.0,__myl_CasGat_0xdee2c73dd5d0e0fe099a0774cba2143f_com
TensorRT:{ForeignNode[onnx::MatMul_4 + ONNXTRT_Broadcast.../MatMul]},PushPop,667514,667514,7,7,52013984,7430569.1,7591040.0,4695424,10111936,2708300.7,trt_ampere_h16816gemm_128x64_ldg8_nn_v1
myelin-exec:/MatMul,PushPop,667514,667514,7,7,52013984,7430569.1,7591040.0,4695424,10111936,2708300.7,trt_ampere_h16816gemm_128x64_ldg8_nn_v1
myelin-exec:/MatMul,PushPop,667514,667514,4,4,85184,21296.0,19664.0,14624,31232,8023.4,sm80_xmma_gemm_f16f16_f16f32_f32_nn_n_tilesize32x32x64_stage6_warpsize2x2x1_tensor16x8x16_aligna2_alignc2_execute_kernel_trt
myelin-exec:/MatMul_1,PushPop,667514,667514,4,4,141600,35400.0,32960.0,25728,49952,11642.9,sm80_xmma_gemm_f16f16_f16f32_f32_nn_n_tilesize64x128x32_stage5_warpsize2x2x1_tensor16x8x16_aligna2_alignc2_execute_kernel_trt
myelin-exec:/MatMul_10,PushPop,667514,667514,4,4,100416,25104.0,27472.0,14240,31232,8034.2,sm80_xmma_gemm_f16f16_f16f32_f32_nn_n_tilesize32x32x64_stage6_warpsize2x2x1_tensor16x8x16_aligna2_alignc2_execute_kernel_trt
myelin-exec:/MatMul_11,PushPop,667514,667514,4,4,161728,40432.0,43248.0,25760,49472,10825.4,sm80_xmma_gemm_f16f16_f16f32_f32_nn_n_tilesize64x128x32_stage5_warpsize2x2x1_tensor16x8x16_aligna2_alignc2_execute_kernel_trt
myelin-exec:/MatMul_12,PushPop,667514,667514,4,4,99232,24808.0,27136.0,14240,30720,7794.3,sm80_xmma_gemm_f16f16_f16f32_f32_nn_n_tilesize32x32x64_stage6_warpsize2x2x1_tensor16x8x16_aligna2_alignc2_execute_kernel_trt
myelin-exec:/MatMul_13,PushPop,667514,667514,4,4,162528,40632.0,43904.0,25536,49184,11207.9,sm80_xmma_gemm_f16f16_f16f32_f32_nn_n_tilesize64x128x32_stage5_warpsize2x2x1_tensor16x8x16_aligna2_alignc2_execute_kernel_trt
myelin-exec:/MatMul_14,PushPop,667514,667514,4,4,99104,24776.0,27104.0,13920,30976,8017.1,sm80_xmma_gemm_f16f16_f16f32_f32_nn_n_tilesize32x32x64_stage6_warpsize2x2x1_tensor16x8x16_aligna2_alignc2_execute_kernel_trt
myelin-exec:/MatMul_15,PushPop,667514,667514,4,4,162496,40624.0,43584.0,25568,49760,11134.5,sm80_xmma_gemm_f16f16_f16f32_f32_nn_n_tilesize64x128x32_stage5_warpsize2x2x1_tensor16x8x16_aligna2_alignc2_execute_kernel_trt
myelin-exec:/MatMul_16,PushPop,667514,667514,4,4,100672,25168.0,27264.0,14720,31424,7786.0,sm80_xmma_gemm_f16f16_f16f32_f32_nn_n_tilesize32x32x64_stage6_warpsize2x2x1_tensor16x8x16_aligna2_alignc2_execute_kernel_trt
myelin-exec:/MatMul_17,PushPop,667514,667514,4,4,162496,40624.0,43680.0,25408,49728,11269.9,sm80_xmma_gemm_f16f16_f16f32_f32_nn_n_tilesize64x128x32_stage5_warpsize2x2x1_tensor16x8x16_aligna2_alignc2_execute_kernel_trt
myelin-exec:/MatMul_18,PushPop,667514,667514,4,4,100704,25176.0,27296.0,14688,31424,7749.7,sm80_xmma_gemm_f16f16_f16f32_f32_nn_n_tilesize32x32x64_stage6_warpsize2x2x1_tensor16x8x16_aligna2_alignc2_execute_kernel_trt
myelin-exec:/MatMul_19,PushPop,667514,667514,4,4,160800,40200.0,42560.0,25216,50464,11091.2,sm80_xmma_gemm_f16f16_f16f32_f32_nn_n_tilesize64x128x32_stage5_warpsize2x2x1_tensor16x8x16_aligna2_alignc2_execute_kernel_trt
myelin-exec:/MatMul_2,PushPop,667514,667514,4,4,82144,20536.0,18928.0,13728,30560,8020.9,sm80_xmma_gemm_f16f16_f16f32_f32_nn_n_tilesize32x32x64_stage6_warpsize2x2x1_tensor16x8x16_aligna2_alignc2_execute_kernel_trt
myelin-exec:/MatMul_20,PushPop,667514,667514,4,4,100000,25000.0,27280.0,14240,31200,7894.7,sm80_xmma_gemm_f16f16_f16f32_f32_nn_n_tilesize32x32x64_stage6_warpsize2x2x1_tensor16x8x16_aligna2_alignc2_execute_kernel_trt
myelin-exec:/MatMul_21,PushPop,667514,667514,4,4,162976,40744.0,43600.0,25280,50496,11520.7,sm80_xmma_gemm_f16f16_f16f32_f32_nn_n_tilesize64x128x32_stage5_warpsize2x2x1_tensor16x8x16_aligna2_alignc2_execute_kernel_trt
myelin-exec:/MatMul_22,PushPop,667514,667514,4,4,100288,25072.0,27408.0,14112,31360,8191.6,sm80_xmma_gemm_f16f16_f16f32_f32_nn_n_tilesize32x32x64_stage6_warpsize2x2x1_tensor16x8x16_aligna2_alignc2_execute_kernel_trt
myelin-exec:/MatMul_23,PushPop,667514,667514,4,4,162368,40592.0,43376.0,24896,50720,11499.3,sm80_xmma_gemm_f16f16_f16f32_f32_nn_n_tilesize64x128x32_stage5_warpsize2x2x1_tensor16x8x16_aligna2_alignc2_execute_kernel_trt
myelin-exec:/MatMul_24,PushPop,667514,667514,4,4,98656,24664.0,26864.0,14368,30560,7687.7,sm80_xmma_gemm_f16f16_f16f32_f32_nn_n_tilesize32x32x64_stage6_warpsize2x2x1_tensor16x8x16_aligna2_alignc2_execute_kernel_trt
myelin-exec:/MatMul_25,PushPop,667514,667514,4,4,162720,40680.0,44048.0,24864,49760,11571.0,sm80_xmma_gemm_f16f16_f16f32_f32_nn_n_tilesize64x128x32_stage5_warpsize2x2x1_tensor16x8x16_aligna2_alignc2_execute_kernel_trt
myelin-exec:/MatMul_26,PushPop,667514,667514,4,4,98400,24600.0,27008.0,13824,30560,7897.9,sm80_xmma_gemm_f16f16_f16f32_f32_nn_n_tilesize32x32x64_stage6_warpsize2x2x1_tensor16x8x16_aligna2_alignc2_execute_kernel_trt
myelin-exec:/MatMul_27,PushPop,667514,667514,4,4,160224,40056.0,43504.0,24576,48640,11159.3,sm80_xmma_gemm_f16f16_f16f32_f32_nn_n_tilesize64x128x32_stage5_warpsize2x2x1_tensor16x8x16_aligna2_alignc2_execute_kernel_trt
myelin-exec:/MatMul_28,PushPop,667514,667514,4,4,100896,25224.0,27328.0,14848,31392,7693.5,sm80_xmma_gemm_f16f16_f16f32_f32_nn_n_tilesize32x32x64_stage6_warpsize2x2x1_tensor16x8x16_aligna2_alignc2_execute_kernel_trt
myelin-exec:/MatMul_29,PushPop,667514,667514,4,4,162688,40672.0,43328.0,25504,50528,11178.4,sm80_xmma_gemm_f16f16_f16f32_f32_nn_n_tilesize64x128x32_stage5_warpsize2x2x1_tensor16x8x16_aligna2_alignc2_execute_kernel_trt
myelin-exec:/MatMul_3,PushPop,667514,667514,4,4,140224,35056.0,32592.0,25184,49856,11860.2,sm80_xmma_gemm_f16f16_f16f32_f32_nn_n_tilesize64x128x32_stage5_warpsize2x2x1_tensor16x8x16_aligna2_alignc2_execute_kernel_trt
myelin-exec:/MatMul_30,PushPop,667514,667514,4,4,99712,24928.0,27024.0,14240,31424,7934.8,sm80_xmma_gemm_f16f16_f16f32_f32_nn_n_tilesize32x32x64_stage6_warpsize2x2x1_tensor16x8x16_aligna2_alignc2_execute_kernel_trt
myelin-exec:/MatMul_31,PushPop,667514,667514,4,4,162048,40512.0,43184.0,25120,50560,11275.4,sm80_xmma_gemm_f16f16_f16f32_f32_nn_n_tilesize64x128x32_stage5_warpsize2x2x1_tensor16x8x16_aligna2_alignc2_execute_kernel_trt
myelin-exec:/MatMul_32,PushPop,667514,667514,4,4,100384,25096.0,27424.0,14176,31360,8120.7,sm80_xmma_gemm_f16f16_f16f32_f32_nn_n_tilesize32x32x64_stage6_warpsize2x2x1_tensor16x8x16_aligna2_alignc2_execute_kernel_trt
myelin-exec:/MatMul_33,PushPop,667514,667514,4,4,163904,40976.0,43952.0,25376,50624,11477.0,sm80_xmma_gemm_f16f16_f16f32_f32_nn_n_tilesize64x128x32_stage5_warpsize2x2x1_tensor16x8x16_aligna2_alignc2_execute_kernel_trt
myelin-exec:/MatMul_34,PushPop,667514,667514,4,4,99488,24872.0,27008.0,14144,31328,8010.6,sm80_xmma_gemm_f16f16_f16f32_f32_nn_n_tilesize32x32x64_stage6_warpsize2x2x1_tensor16x8x16_aligna2_alignc2_execute_kernel_trt
myelin-exec:/MatMul_35,PushPop,667514,667514,4,4,163424,40856.0,43728.0,25472,50496,11276.9,sm80_xmma_gemm_f16f16_f16f32_f32_nn_n_tilesize64x128x32_stage5_warpsize2x2x1_tensor16x8x16_aligna2_alignc2_execute_kernel_trt
myelin-exec:/MatMul_36,PushPop,667514,667514,4,4,99808,24952.0,27168.0,14080,31392,8174.7,sm80_xmma_gemm_f16f16_f16f32_f32_nn_n_tilesize32x32x64_stage6_warpsize2x2x1_tensor16x8x16_aligna2_alignc2_execute_kernel_trt
myelin-exec:/MatMul_37,PushPop,667514,667514,4,4,164416,41104.0,44112.0,25632,50560,11440.7,sm80_xmma_gemm_f16f16_f16f32_f32_nn_n_tilesize64x128x32_stage5_warpsize2x2x1_tensor16x8x16_aligna2_alignc2_execute_kernel_trt
myelin-exec:/MatMul_38,PushPop,667514,667514,4,4,100224,25056.0,27264.0,14336,31360,8101.9,sm80_xmma_gemm_f16f16_f16f32_f32_nn_n_tilesize32x32x64_stage6_warpsize2x2x1_tensor16x8x16_aligna2_alignc2_execute_kernel_trt
myelin-exec:/MatMul_39,PushPop,667514,667514,4,4,163136,40784.0,43472.0,25664,50528,11125.1,sm80_xmma_gemm_f16f16_f16f32_f32_nn_n_tilesize64x128x32_stage5_warpsize2x2x1_tensor16x8x16_aligna2_alignc2_execute_kernel_trt
myelin-exec:/MatMul_4,PushPop,667514,667514,4,4,83136,20784.0,18976.0,14016,31168,8267.0,sm80_xmma_gemm_f16f16_f16f32_f32_nn_n_tilesize32x32x64_stage6_warpsize2x2x1_tensor16x8x16_aligna2_alignc2_execute_kernel_trt
myelin-exec:/MatMul_40,PushPop,667514,667514,4,4,99456,24864.0,27056.0,13984,31360,8075.5,sm80_xmma_gemm_f16f16_f16f32_f32_nn_n_tilesize32x32x64_stage6_warpsize2x2x1_tensor16x8x16_aligna2_alignc2_execute_kernel_trt
myelin-exec:/MatMul_41,PushPop,667514,667514,4,4,163264,40816.0,43600.0,25568,50496,11219.9,sm80_xmma_gemm_f16f16_f16f32_f32_nn_n_tilesize64x128x32_stage5_warpsize2x2x1_tensor16x8x16_aligna2_alignc2_execute_kernel_trt
myelin-exec:/MatMul_42,PushPop,667514,667514,4,4,99616,24904.0,27024.0,14368,31200,7854.9,sm80_xmma_gemm_f16f16_f16f32_f32_nn_n_tilesize32x32x64_stage6_warpsize2x2x1_tensor16x8x16_aligna2_alignc2_execute_kernel_trt
myelin-exec:/MatMul_43,PushPop,667514,667514,4,4,164896,41224.0,44768.0,25664,49696,11311.8,sm80_xmma_gemm_f16f16_f16f32_f32_nn_n_tilesize64x128x32_stage5_warpsize2x2x1_tensor16x8x16_aligna2_alignc2_execute_kernel_trt
myelin-exec:/MatMul_44,PushPop,667514,667514,4,4,99328,24832.0,26880.0,14144,31424,8043.9,sm80_xmma_gemm_f16f16_f16f32_f32_nn_n_tilesize32x32x64_stage6_warpsize2x2x1_tensor16x8x16_aligna2_alignc2_execute_kernel_trt
myelin-exec:/MatMul_45,PushPop,667514,667514,4,4,163328,40832.0,43968.0,24864,50528,11681.5,sm80_xmma_gemm_f16f16_f16f32_f32_nn_n_tilesize64x128x32_stage5_warpsize2x2x1_tensor16x8x16_aligna2_alignc2_execute_kernel_trt
myelin-exec:/MatMul_46,PushPop,667514,667514,4,4,100128,25032.0,27296.0,14176,31360,8189.0,sm80_xmma_gemm_f16f16_f16f32_f32_nn_n_tilesize32x32x64_stage6_warpsize2x2x1_tensor16x8x16_aligna2_alignc2_execute_kernel_trt
myelin-exec:/MatMul_47,PushPop,667514,667514,4,4,165824,41456.0,44928.0,25504,50464,11666.1,sm80_xmma_gemm_f16f16_f16f32_f32_nn_n_tilesize64x128x32_stage5_warpsize2x2x1_tensor16x8x16_aligna2_alignc2_execute_kernel_trt
myelin-exec:/MatMul_48,PushPop,667514,667514,4,4,100192,25048.0,27392.0,14144,31264,8104.3,sm80_xmma_gemm_f16f16_f16f32_f32_nn_n_tilesize32x32x64_stage6_warpsize2x2x1_tensor16x8x16_aligna2_alignc2_execute_kernel_trt
myelin-exec:/MatMul_49,PushPop,667514,667514,4,4,165920,41480.0,44720.0,25728,50752,11533.2,sm80_xmma_gemm_f16f16_f16f32_f32_nn_n_tilesize64x128x32_stage5_warpsize2x2x1_tensor16x8x16_aligna2_alignc2_execute_kernel_trt
myelin-exec:/MatMul_5,PushPop,667514,667514,4,4,138848,34712.0,32352.0,24800,49344,11696.0,sm80_xmma_gemm_f16f16_f16f32_f32_nn_n_tilesize64x128x32_stage5_warpsize2x2x1_tensor16x8x16_aligna2_alignc2_execute_kernel_trt
myelin-exec:/MatMul_50,PushPop,667514,667514,4,4,99392,24848.0,26992.0,14080,31328,7993.5,sm80_xmma_gemm_f16f16_f16f32_f32_nn_n_tilesize32x32x64_stage6_warpsize2x2x1_tensor16x8x16_aligna2_alignc2_execute_kernel_trt
myelin-exec:/MatMul_51,PushPop,667514,667514,4,4,163904,40976.0,44304.0,24896,50400,11846.0,sm80_xmma_gemm_f16f16_f16f32_f32_nn_n_tilesize64x128x32_stage5_warpsize2x2x1_tensor16x8x16_aligna2_alignc2_execute_kernel_trt
myelin-exec:/MatMul_52,PushPop,667514,667514,4,4,99584,24896.0,27072.0,14240,31200,7935.4,sm80_xmma_gemm_f16f16_f16f32_f32_nn_n_tilesize32x32x64_stage6_warpsize2x2x1_tensor16x8x16_aligna2_alignc2_execute_kernel_trt
myelin-exec:/MatMul_53,PushPop,667514,667514,4,4,162016,40504.0,43424.0,25600,49568,10917.3,sm80_xmma_gemm_f16f16_f16f32_f32_nn_n_tilesize64x128x32_stage5_warpsize2x2x1_tensor16x8x16_aligna2_alignc2_execute_kernel_trt
myelin-exec:/MatMul_54,PushPop,667514,667514,4,4,96704,24176.0,26000.0,14080,30624,7419.1,sm80_xmma_gemm_f16f16_f16f32_f32_nn_n_tilesize32x32x64_stage6_warpsize2x2x1_tensor16x8x16_aligna2_alignc2_execute_kernel_trt
myelin-exec:/MatMul_55,PushPop,667514,667514,4,4,158080,39520.0,41840.0,24800,49600,10662.0,sm80_xmma_gemm_f16f16_f16f32_f32_nn_n_tilesize64x128x32_stage5_warpsize2x2x1_tensor16x8x16_aligna2_alignc2_execute_kernel_trt
myelin-exec:/MatMul_6,PushPop,667514,667514,4,4,82656,20664.0,18832.0,14176,30816,8006.2,sm80_xmma_gemm_f16f16_f16f32_f32_nn_n_tilesize32x32x64_stage6_warpsize2x2x1_tensor16x8x16_aligna2_alignc2_execute_kernel_trt
myelin-exec:/MatMul_7,PushPop,667514,667514,4,4,138784,34696.0,32256.0,24992,49280,11853.7,sm80_xmma_gemm_f16f16_f16f32_f32_nn_n_tilesize64x128x32_stage5_warpsize2x2x1_tensor16x8x16_aligna2_alignc2_execute_kernel_trt
myelin-exec:/MatMul_8,PushPop,667514,667514,4,4,85344,21336.0,20064.0,14400,30816,7500.5,sm80_xmma_gemm_f16f16_f16f32_f32_nn_n_tilesize32x32x64_stage6_warpsize2x2x1_tensor16x8x16_aligna2_alignc2_execute_kernel_trt
myelin-exec:/MatMul_9,PushPop,667514,667514,4,4,143872,35968.0,34672.0,25696,48832,10262.3,sm80_xmma_gemm_f16f16_f16f32_f32_nn_n_tilesize64x128x32_stage5_warpsize2x2x1_tensor16x8x16_aligna2_alignc2_execute_kernel_trt
myelin-exec:/gate_proj/MatMul,PushPop,667514,667514,3,3,582816,194272.0,235424.0,111648,235744,71554.7,trt_ampere_h16816gemm_256x64_ldg8_tn_v1
myelin-exec:/gate_proj_1/MatMul,PushPop,667514,667514,3,3,582304,194101.3,234752.0,110848,236704,72106.1,trt_ampere_h16816gemm_256x64_ldg8_tn_v1
myelin-exec:/gate_proj_10/MatMul,PushPop,667514,667514,3,3,584032,194677.3,236800.0,110368,236864,73014.0,trt_ampere_h16816gemm_256x64_ldg8_tn_v1
myelin-exec:/gate_proj_11/MatMul,PushPop,667514,667514,3,3,584800,194933.3,236192.0,111392,237216,72350.7,trt_ampere_h16816gemm_256x64_ldg8_tn_v1
myelin-exec:/gate_proj_12/MatMul,PushPop,667514,667514,3,3,588736,196245.3,237280.0,112000,239456,72966.7,trt_ampere_h16816gemm_256x64_ldg8_tn_v1
myelin-exec:/gate_proj_13/MatMul,PushPop,667514,667514,3,3,581920,193973.3,234848.0,111488,235584,71435.3,trt_ampere_h16816gemm_256x64_ldg8_tn_v1
myelin-exec:/gate_proj_14/MatMul,PushPop,667514,667514,3,3,583488,194496.0,235520.0,112192,235776,71277.5,trt_ampere_h16816gemm_256x64_ldg8_tn_v1
myelin-exec:/gate_proj_15/MatMul,PushPop,667514,667514,3,3,586592,195530.7,237248.0,111456,237888,72811.5,trt_ampere_h16816gemm_256x64_ldg8_tn_v1
myelin-exec:/gate_proj_16/MatMul,PushPop,667514,667514,3,3,583456,194485.3,235904.0,111104,236448,72210.9,trt_ampere_h16816gemm_256x64_ldg8_tn_v1
myelin-exec:/gate_proj_17/MatMul,PushPop,667514,667514,3,3,582624,194208.0,235936.0,110336,236352,72635.6,trt_ampere_h16816gemm_256x64_ldg8_tn_v1
myelin-exec:/gate_proj_18/MatMul,PushPop,667514,667514,3,3,585600,195200.0,236768.0,111136,237696,72803.0,trt_ampere_h16816gemm_256x64_ldg8_tn_v1
myelin-exec:/gate_proj_19/MatMul,PushPop,667514,667514,3,3,583296,194432.0,234976.0,113056,235264,70473.8,trt_ampere_h16816gemm_256x64_ldg8_tn_v1
myelin-exec:/gate_proj_2/MatMul,PushPop,667514,667514,3,3,586144,195381.3,236448.0,112864,236832,71462.4,trt_ampere_h16816gemm_256x64_ldg8_tn_v1
myelin-exec:/gate_proj_20/MatMul,PushPop,667514,667514,3,3,581536,193845.3,235712.0,109504,236320,73042.4,trt_ampere_h16816gemm_256x64_ldg8_tn_v1
myelin-exec:/gate_proj_21/MatMul,PushPop,667514,667514,3,3,581952,193984.0,235360.0,110016,236576,72721.0,trt_ampere_h16816gemm_256x64_ldg8_tn_v1
myelin-exec:/gate_proj_22/MatMul,PushPop,667514,667514,3,3,583488,194496.0,236288.0,110528,236672,72718.7,trt_ampere_h16816gemm_256x64_ldg8_tn_v1
myelin-exec:/gate_proj_23/MatMul,PushPop,667514,667514,3,3,581760,193920.0,235840.0,109568,236352,73051.4,trt_ampere_h16816gemm_256x64_ldg8_tn_v1
myelin-exec:/gate_proj_24/MatMul,PushPop,667514,667514,3,3,581120,193706.7,235200.0,110624,235296,71951.7,trt_ampere_h16816gemm_256x64_ldg8_tn_v1
myelin-exec:/gate_proj_25/MatMul,PushPop,667514,667514,3,3,583296,194432.0,236192.0,110048,237056,73080.0,trt_ampere_h16816gemm_256x64_ldg8_tn_v1
myelin-exec:/gate_proj_26/MatMul,PushPop,667514,667514,3,3,583840,194613.3,236160.0,110528,237152,72821.7,trt_ampere_h16816gemm_256x64_ldg8_tn_v1
myelin-exec:/gate_proj_27/MatMul,PushPop,667514,667514,3,3,580800,193600.0,235328.0,109824,235648,72552.3,trt_ampere_h16816gemm_256x64_ldg8_tn_v1
myelin-exec:/gate_proj_3/MatMul,PushPop,667514,667514,3,3,583744,194581.3,235872.0,110560,237312,72768.2,trt_ampere_h16816gemm_256x64_ldg8_tn_v1
myelin-exec:/gate_proj_4/MatMul,PushPop,667514,667514,3,3,585248,195082.7,236160.0,112256,236832,71730.8,trt_ampere_h16816gemm_256x64_ldg8_tn_v1
myelin-exec:/gate_proj_5/MatMul,PushPop,667514,667514,3,3,582496,194165.3,235040.0,111232,236224,71824.8,trt_ampere_h16816gemm_256x64_ldg8_tn_v1
myelin-exec:/gate_proj_6/MatMul,PushPop,667514,667514,3,3,582944,194314.7,236128.0,110560,236256,72533.7,trt_ampere_h16816gemm_256x64_ldg8_tn_v1
myelin-exec:/gate_proj_7/MatMul,PushPop,667514,667514,3,3,582080,194026.7,235424.0,111104,235552,71813.2,trt_ampere_h16816gemm_256x64_ldg8_tn_v1
myelin-exec:/gate_proj_8/MatMul,PushPop,667514,667514,3,3,584864,194954.7,236352.0,111904,236608,71924.1,trt_ampere_h16816gemm_256x64_ldg8_tn_v1
myelin-exec:/gate_proj_9/MatMul,PushPop,667514,667514,3,3,585280,195093.3,236512.0,111744,237024,72183.1,trt_ampere_h16816gemm_256x64_ldg8_tn_v1
myelin-exec:/o_proj/MatMul,PushPop,667514,667514,4,4,427488,106872.0,97696.0,74944,157152,39054.8,trt_ampere_h16816gemm_64x64_ldg8_relu_stages_64x5_nn_v1
myelin-exec:/o_proj_1/MatMul,PushPop,667514,667514,4,4,450048,112512.0,102432.0,79360,165824,41482.3,sm80_xmma_gemm_f16f16_f16f32_f32_tn_n_tilesize32x32x64_stage6_warpsize2x2x1_tensor16x8x16_execute_kernel_trt
myelin-exec:/o_proj_10/MatMul,PushPop,667514,667514,4,4,533152,133288.0,144288.0,79296,165280,40904.3,sm80_xmma_gemm_f16f16_f16f32_f32_tn_n_tilesize32x32x64_stage6_warpsize2x2x1_tensor16x8x16_execute_kernel_trt
myelin-exec:/o_proj_11/MatMul,PushPop,667514,667514,4,4,535648,133912.0,144832.0,80256,165728,40515.9,sm80_xmma_gemm_f16f16_f16f32_f32_tn_n_tilesize32x32x64_stage6_warpsize2x2x1_tensor16x8x16_execute_kernel_trt
myelin-exec:/o_proj_12/MatMul,PushPop,667514,667514,4,4,537184,134296.0,145024.0,80896,166240,40801.4,sm80_xmma_gemm_f16f16_f16f32_f32_tn_n_tilesize32x32x64_stage6_warpsize2x2x1_tensor16x8x16_execute_kernel_trt
myelin-exec:/o_proj_13/MatMul,PushPop,667514,667514,4,4,535552,133888.0,144656.0,80640,165600,40234.1,sm80_xmma_gemm_f16f16_f16f32_f32_tn_n_tilesize32x32x64_stage6_warpsize2x2x1_tensor16x8x16_execute_kernel_trt
myelin-exec:/o_proj_14/MatMul,PushPop,667514,667514,4,4,535872,133968.0,144656.0,80352,166208,40818.9,sm80_xmma_gemm_f16f16_f16f32_f32_tn_n_tilesize32x32x64_stage6_warpsize2x2x1_tensor16x8x16_execute_kernel_trt
myelin-exec:/o_proj_15/MatMul,PushPop,667514,667514,4,4,536640,134160.0,144912.0,81312,165504,40129.3,sm80_xmma_gemm_f16f16_f16f32_f32_tn_n_tilesize32x32x64_stage6_warpsize2x2x1_tensor16x8x16_execute_kernel_trt
myelin-exec:/o_proj_16/MatMul,PushPop,667514,667514,4,4,535968,133992.0,144672.0,81248,165376,40075.8,sm80_xmma_gemm_f16f16_f16f32_f32_tn_n_tilesize32x32x64_stage6_warpsize2x2x1_tensor16x8x16_execute_kernel_trt
myelin-exec:/o_proj_17/MatMul,PushPop,667514,667514,4,4,535808,133952.0,144816.0,80416,165760,40445.5,sm80_xmma_gemm_f16f16_f16f32_f32_tn_n_tilesize32x32x64_stage6_warpsize2x2x1_tensor16x8x16_execute_kernel_trt
myelin-exec:/o_proj_18/MatMul,PushPop,667514,667514,4,4,536096,134024.0,144560.0,81440,165536,39721.7,sm80_xmma_gemm_f16f16_f16f32_f32_tn_n_tilesize32x32x64_stage6_warpsize2x2x1_tensor16x8x16_execute_kernel_trt
myelin-exec:/o_proj_19/MatMul,PushPop,667514,667514,4,4,533216,133304.0,144448.0,80480,163840,39504.0,sm80_xmma_gemm_f16f16_f16f32_f32_tn_n_tilesize32x32x64_stage6_warpsize2x2x1_tensor16x8x16_execute_kernel_trt
myelin-exec:/o_proj_2/MatMul,PushPop,667514,667514,4,4,448192,112048.0,102096.0,78592,165408,41238.9,sm80_xmma_gemm_f16f16_f16f32_f32_tn_n_tilesize32x32x64_stage6_warpsize2x2x1_tensor16x8x16_execute_kernel_trt
myelin-exec:/o_proj_20/MatMul,PushPop,667514,667514,4,4,531104,132776.0,143552.0,79712,164288,40320.7,sm80_xmma_gemm_f16f16_f16f32_f32_tn_n_tilesize32x32x64_stage6_warpsize2x2x1_tensor16x8x16_execute_kernel_trt
myelin-exec:/o_proj_21/MatMul,PushPop,667514,667514,4,4,541312,135328.0,144864.0,86368,165216,37782.3,sm80_xmma_gemm_f16f16_f16f32_f32_tn_n_tilesize32x32x64_stage6_warpsize2x2x1_tensor16x8x16_execute_kernel_trt
myelin-exec:/o_proj_22/MatMul,PushPop,667514,667514,4,4,540672,135168.0,145968.0,81792,166944,40557.7,sm80_xmma_gemm_f16f16_f16f32_f32_tn_n_tilesize32x32x64_stage6_warpsize2x2x1_tensor16x8x16_execute_kernel_trt
myelin-exec:/o_proj_23/MatMul,PushPop,667514,667514,4,4,537088,134272.0,145280.0,80608,165920,40565.3,sm80_xmma_gemm_f16f16_f16f32_f32_tn_n_tilesize32x32x64_stage6_warpsize2x2x1_tensor16x8x16_execute_kernel_trt
myelin-exec:/o_proj_24/MatMul,PushPop,667514,667514,4,4,533728,133432.0,144288.0,79424,165728,40997.3,sm80_xmma_gemm_f16f16_f16f32_f32_tn_n_tilesize32x32x64_stage6_warpsize2x2x1_tensor16x8x16_execute_kernel_trt
myelin-exec:/o_proj_25/MatMul,PushPop,667514,667514,4,4,535360,133840.0,145088.0,79136,166048,41393.4,sm80_xmma_gemm_f16f16_f16f32_f32_tn_n_tilesize32x32x64_stage6_warpsize2x2x1_tensor16x8x16_execute_kernel_trt
myelin-exec:/o_proj_26/MatMul,PushPop,667514,667514,4,4,536512,134128.0,145520.0,78336,167136,42314.7,sm80_xmma_gemm_f16f16_f16f32_f32_tn_n_tilesize32x32x64_stage6_warpsize2x2x1_tensor16x8x16_execute_kernel_trt
myelin-exec:/o_proj_27/MatMul,PushPop,667514,667514,4,4,469952,117488.0,112592.0,79008,165760,36895.8,sm80_xmma_gemm_f16f16_f16f32_f32_tn_n_tilesize32x32x64_stage6_warpsize2x2x1_tensor16x8x16_execute_kernel_trt
myelin-exec:/o_proj_3/MatMul,PushPop,667514,667514,4,4,447424,111856.0,101904.0,79616,164000,40388.8,sm80_xmma_gemm_f16f16_f16f32_f32_tn_n_tilesize32x32x64_stage6_warpsize2x2x1_tensor16x8x16_execute_kernel_trt
myelin-exec:/o_proj_4/MatMul,PushPop,667514,667514,4,4,520064,130016.0,136608.0,79776,167072,37702.7,sm80_xmma_gemm_f16f16_f16f32_f32_tn_n_tilesize32x32x64_stage6_warpsize2x2x1_tensor16x8x16_execute_kernel_trt
myelin-exec:/o_proj_5/MatMul,PushPop,667514,667514,4,4,534592,133648.0,144752.0,79552,165536,40968.5,sm80_xmma_gemm_f16f16_f16f32_f32_tn_n_tilesize32x32x64_stage6_warpsize2x2x1_tensor16x8x16_execute_kernel_trt
myelin-exec:/o_proj_6/MatMul,PushPop,667514,667514,4,4,539968,134992.0,145840.0,80832,167456,41241.4,sm80_xmma_gemm_f16f16_f16f32_f32_tn_n_tilesize32x32x64_stage6_warpsize2x2x1_tensor16x8x16_execute_kernel_trt
myelin-exec:/o_proj_7/MatMul,PushPop,667514,667514,4,4,536192,134048.0,144624.0,80864,166080,40309.0,sm80_xmma_gemm_f16f16_f16f32_f32_tn_n_tilesize32x32x64_stage6_warpsize2x2x1_tensor16x8x16_execute_kernel_trt
myelin-exec:/o_proj_8/MatMul,PushPop,667514,667514,4,4,532928,133232.0,144192.0,79520,165024,40193.1,sm80_xmma_gemm_f16f16_f16f32_f32_tn_n_tilesize32x32x64_stage6_warpsize2x2x1_tensor16x8x16_execute_kernel_trt
myelin-exec:/o_proj_9/MatMul,PushPop,667514,667514,4,4,537856,134464.0,144944.0,80608,167360,41213.8,sm80_xmma_gemm_f16f16_f16f32_f32_tn_n_tilesize32x32x64_stage6_warpsize2x2x1_tensor16x8x16_execute_kernel_trt
myelin-exec:/up_proj/MatMul,PushPop,667514,667514,4,4,646528,161632.0,146256.0,111040,242976,63212.4,sm80_xmma_gemm_f16f16_f16f32_f32_tn_n_tilesize32x32x64_stage6_warpsize2x2x1_tensor16x8x16_execute_kernel_trt
myelin-exec:/up_proj/MatMul,PushPop,667514,667514,3,3,586784,195594.7,236416.0,111904,238464,72485.5,trt_ampere_h16816gemm_256x64_ldg8_tn_v1
myelin-exec:/up_proj_1/MatMul,PushPop,667514,667514,4,4,652224,163056.0,149232.0,111552,242208,62214.4,sm80_xmma_gemm_f16f16_f16f32_f32_tn_n_tilesize32x32x64_stage6_warpsize2x2x1_tensor16x8x16_execute_kernel_trt
myelin-exec:/up_proj_1/MatMul,PushPop,667514,667514,3,3,584256,194752.0,235488.0,110784,237984,72729.1,trt_ampere_h16816gemm_256x64_ldg8_tn_v1
myelin-exec:/up_proj_10/MatMul,PushPop,667514,667514,4,4,781888,195472.0,211776.0,114080,244256,61708.0,sm80_xmma_gemm_f16f16_f16f32_f32_tn_n_tilesize32x32x64_stage6_warpsize2x2x1_tensor16x8x16_execute_kernel_trt
myelin-exec:/up_proj_10/MatMul,PushPop,667514,667514,3,3,584896,194965.3,236448.0,111936,236512,71905.5,trt_ampere_h16816gemm_256x64_ldg8_tn_v1
myelin-exec:/up_proj_11/MatMul,PushPop,667514,667514,4,4,784224,196056.0,212896.0,114784,243648,61429.7,sm80_xmma_gemm_f16f16_f16f32_f32_tn_n_tilesize32x32x64_stage6_warpsize2x2x1_tensor16x8x16_execute_kernel_trt
myelin-exec:/up_proj_11/MatMul,PushPop,667514,667514,3,3,586272,195424.0,237792.0,110592,237888,73466.7,trt_ampere_h16816gemm_256x64_ldg8_tn_v1
myelin-exec:/up_proj_12/MatMul,PushPop,667514,667514,4,4,781152,195288.0,212720.0,113504,242208,60758.6,sm80_xmma_gemm_f16f16_f16f32_f32_tn_n_tilesize32x32x64_stage6_warpsize2x2x1_tensor16x8x16_execute_kernel_trt
myelin-exec:/up_proj_12/MatMul,PushPop,667514,667514,3,3,586912,195637.3,236896.0,112736,237280,71794.9,trt_ampere_h16816gemm_256x64_ldg8_tn_v1
myelin-exec:/up_proj_13/MatMul,PushPop,667514,667514,4,4,785440,196360.0,213184.0,113344,245728,62268.6,sm80_xmma_gemm_f16f16_f16f32_f32_tn_n_tilesize32x32x64_stage6_warpsize2x2x1_tensor16x8x16_execute_kernel_trt
myelin-exec:/up_proj_13/MatMul,PushPop,667514,667514,3,3,587744,195914.7,235776.0,115168,236800,69930.5,trt_ampere_h16816gemm_256x64_ldg8_tn_v1
myelin-exec:/up_proj_14/MatMul,PushPop,667514,667514,4,4,787936,196984.0,212784.0,116128,246240,60943.5,sm80_xmma_gemm_f16f16_f16f32_f32_tn_n_tilesize32x32x64_stage6_warpsize2x2x1_tensor16x8x16_execute_kernel_trt
myelin-exec:/up_proj_14/MatMul,PushPop,667514,667514,3,3,584736,194912.0,235872.0,112640,236224,71249.9,trt_ampere_h16816gemm_256x64_ldg8_tn_v1
myelin-exec:/up_proj_15/MatMul,PushPop,667514,667514,4,4,788416,197104.0,212960.0,116448,246048,61190.0,sm80_xmma_gemm_f16f16_f16f32_f32_tn_n_tilesize32x32x64_stage6_warpsize2x2x1_tensor16x8x16_execute_kernel_trt
myelin-exec:/up_proj_15/MatMul,PushPop,667514,667514,3,3,587488,195829.3,236928.0,112608,237952,72073.6,trt_ampere_h16816gemm_256x64_ldg8_tn_v1
myelin-exec:/up_proj_16/MatMul,PushPop,667514,667514,4,4,777152,194288.0,211440.0,110784,243488,61759.0,sm80_xmma_gemm_f16f16_f16f32_f32_tn_n_tilesize32x32x64_stage6_warpsize2x2x1_tensor16x8x16_execute_kernel_trt
myelin-exec:/up_proj_16/MatMul,PushPop,667514,667514,3,3,584608,194869.3,236480.0,111328,236800,72349.1,trt_ampere_h16816gemm_256x64_ldg8_tn_v1
myelin-exec:/up_proj_17/MatMul,PushPop,667514,667514,4,4,784704,196176.0,212544.0,114176,245440,61945.7,sm80_xmma_gemm_f16f16_f16f32_f32_tn_n_tilesize32x32x64_stage6_warpsize2x2x1_tensor16x8x16_execute_kernel_trt
myelin-exec:/up_proj_17/MatMul,PushPop,667514,667514,3,3,586624,195541.3,237312.0,111936,237376,72404.3,trt_ampere_h16816gemm_256x64_ldg8_tn_v1
myelin-exec:/up_proj_18/MatMul,PushPop,667514,667514,4,4,779936,194984.0,210176.0,114784,244800,60249.4,sm80_xmma_gemm_f16f16_f16f32_f32_tn_n_tilesize32x32x64_stage6_warpsize2x2x1_tensor16x8x16_execute_kernel_trt
myelin-exec:/up_proj_18/MatMul,PushPop,667514,667514,3,3,585152,195050.7,236640.0,111168,237344,72645.4,trt_ampere_h16816gemm_256x64_ldg8_tn_v1
myelin-exec:/up_proj_19/MatMul,PushPop,667514,667514,4,4,771584,192896.0,207568.0,114400,242048,58432.1,sm80_xmma_gemm_f16f16_f16f32_f32_tn_n_tilesize32x32x64_stage6_warpsize2x2x1_tensor16x8x16_execute_kernel_trt
myelin-exec:/up_proj_19/MatMul,PushPop,667514,667514,3,3,581152,193717.3,235008.0,109760,236384,72712.4,trt_ampere_h16816gemm_256x64_ldg8_tn_v1
myelin-exec:/up_proj_2/MatMul,PushPop,667514,667514,4,4,643904,160976.0,147920.0,112480,235584,59794.0,sm80_xmma_gemm_f16f16_f16f32_f32_tn_n_tilesize32x32x64_stage6_warpsize2x2x1_tensor16x8x16_execute_kernel_trt
myelin-exec:/up_proj_2/MatMul,PushPop,667514,667514,3,3,586112,195370.7,236768.0,112096,237248,72118.4,trt_ampere_h16816gemm_256x64_ldg8_tn_v1
myelin-exec:/up_proj_20/MatMul,PushPop,667514,667514,4,4,780288,195072.0,211888.0,112704,243808,61848.4,sm80_xmma_gemm_f16f16_f16f32_f32_tn_n_tilesize32x32x64_stage6_warpsize2x2x1_tensor16x8x16_execute_kernel_trt
myelin-exec:/up_proj_20/MatMul,PushPop,667514,667514,3,3,586688,195562.7,238208.0,109984,238496,74113.4,trt_ampere_h16816gemm_256x64_ldg8_tn_v1
myelin-exec:/up_proj_21/MatMul,PushPop,667514,667514,4,4,771936,192984.0,208224.0,113312,242176,59686.4,sm80_xmma_gemm_f16f16_f16f32_f32_tn_n_tilesize32x32x64_stage6_warpsize2x2x1_tensor16x8x16_execute_kernel_trt
myelin-exec:/up_proj_21/MatMul,PushPop,667514,667514,3,3,583232,194410.7,235840.0,111168,236224,72090.5,trt_ampere_h16816gemm_256x64_ldg8_tn_v1
myelin-exec:/up_proj_22/MatMul,PushPop,667514,667514,4,4,774976,193744.0,209344.0,111904,244384,62861.4,sm80_xmma_gemm_f16f16_f16f32_f32_tn_n_tilesize32x32x64_stage6_warpsize2x2x1_tensor16x8x16_execute_kernel_trt
myelin-exec:/up_proj_22/MatMul,PushPop,667514,667514,3,3,583840,194613.3,235968.0,111328,236544,72127.8,trt_ampere_h16816gemm_256x64_ldg8_tn_v1
myelin-exec:/up_proj_23/MatMul,PushPop,667514,667514,4,4,772032,193008.0,208640.0,113120,241632,58712.5,sm80_xmma_gemm_f16f16_f16f32_f32_tn_n_tilesize32x32x64_stage6_warpsize2x2x1_tensor16x8x16_execute_kernel_trt
myelin-exec:/up_proj_23/MatMul,PushPop,667514,667514,3,3,581920,193973.3,235424.0,110208,236288,72544.2,trt_ampere_h16816gemm_256x64_ldg8_tn_v1
myelin-exec:/up_proj_24/MatMul,PushPop,667514,667514,4,4,773184,193296.0,209872.0,111392,242048,62278.2,sm80_xmma_gemm_f16f16_f16f32_f32_tn_n_tilesize32x32x64_stage6_warpsize2x2x1_tensor16x8x16_execute_kernel_trt
myelin-exec:/up_proj_24/MatMul,PushPop,667514,667514,3,3,581664,193888.0,235744.0,109824,236096,72801.8,trt_ampere_h16816gemm_256x64_ldg8_tn_v1
myelin-exec:/up_proj_25/MatMul,PushPop,667514,667514,4,4,780992,195248.0,212000.0,111200,245792,63589.6,sm80_xmma_gemm_f16f16_f16f32_f32_tn_n_tilesize32x32x64_stage6_warpsize2x2x1_tensor16x8x16_execute_kernel_trt
myelin-exec:/up_proj_25/MatMul,PushPop,667514,667514,3,3,584832,194944.0,235840.0,111264,237728,72475.2,trt_ampere_h16816gemm_256x64_ldg8_tn_v1
myelin-exec:/up_proj_26/MatMul,PushPop,667514,667514,4,4,783040,195760.0,212896.0,112000,245248,62728.0,sm80_xmma_gemm_f16f16_f16f32_f32_tn_n_tilesize32x32x64_stage6_warpsize2x2x1_tensor16x8x16_execute_kernel_trt
myelin-exec:/up_proj_26/MatMul,PushPop,667514,667514,3,3,585920,195306.7,237376.0,110944,237600,73060.3,trt_ampere_h16816gemm_256x64_ldg8_tn_v1
myelin-exec:/up_proj_27/MatMul,PushPop,667514,667514,4,4,695744,173936.0,168800.0,113280,244864,54563.1,sm80_xmma_gemm_f16f16_f16f32_f32_tn_n_tilesize32x32x64_stage6_warpsize2x2x1_tensor16x8x16_execute_kernel_trt
myelin-exec:/up_proj_27/MatMul,PushPop,667514,667514,3,3,577152,192384.0,233728.0,108864,234560,72331.6,trt_ampere_h16816gemm_256x64_ldg8_tn_v1
myelin-exec:/up_proj_3/MatMul,PushPop,667514,667514,4,4,647488,161872.0,145824.0,112640,243200,62076.2,sm80_xmma_gemm_f16f16_f16f32_f32_tn_n_tilesize32x32x64_stage6_warpsize2x2x1_tensor16x8x16_execute_kernel_trt
myelin-exec:/up_proj_3/MatMul,PushPop,667514,667514,3,3,587520,195840.0,237824.0,111424,238272,73106.7,trt_ampere_h16816gemm_256x64_ldg8_tn_v1
myelin-exec:/up_proj_4/MatMul,PushPop,667514,667514,4,4,757280,189320.0,199280.0,114752,243968,56261.5,sm80_xmma_gemm_f16f16_f16f32_f32_tn_n_tilesize32x32x64_stage6_warpsize2x2x1_tensor16x8x16_execute_kernel_trt
myelin-exec:/up_proj_4/MatMul,PushPop,667514,667514,3,3,585824,195274.7,237344.0,110944,237536,73032.6,trt_ampere_h16816gemm_256x64_ldg8_tn_v1
myelin-exec:/up_proj_5/MatMul,PushPop,667514,667514,4,4,781952,195488.0,212080.0,112160,245632,62872.4,sm80_xmma_gemm_f16f16_f16f32_f32_tn_n_tilesize32x32x64_stage6_warpsize2x2x1_tensor16x8x16_execute_kernel_trt
myelin-exec:/up_proj_5/MatMul,PushPop,667514,667514,3,3,583776,194592.0,236096.0,111328,236352,72108.9,trt_ampere_h16816gemm_256x64_ldg8_tn_v1
myelin-exec:/up_proj_6/MatMul,PushPop,667514,667514,4,4,764864,191216.0,207728.0,109984,239424,61390.9,sm80_xmma_gemm_f16f16_f16f32_f32_tn_n_tilesize32x32x64_stage6_warpsize2x2x1_tensor16x8x16_execute_kernel_trt
myelin-exec:/up_proj_6/MatMul,PushPop,667514,667514,3,3,585408,195136.0,236064.0,111520,237824,72418.9,trt_ampere_h16816gemm_256x64_ldg8_tn_v1
myelin-exec:/up_proj_7/MatMul,PushPop,667514,667514,4,4,765824,191456.0,208592.0,110816,237824,59198.5,sm80_xmma_gemm_f16f16_f16f32_f32_tn_n_tilesize32x32x64_stage6_warpsize2x2x1_tensor16x8x16_execute_kernel_trt
myelin-exec:/up_proj_7/MatMul,PushPop,667514,667514,3,3,584896,194965.3,236512.0,111744,236640,72071.8,trt_ampere_h16816gemm_256x64_ldg8_tn_v1
myelin-exec:/up_proj_8/MatMul,PushPop,667514,667514,4,4,781664,195416.0,211616.0,112608,245824,62006.2,sm80_xmma_gemm_f16f16_f16f32_f32_tn_n_tilesize32x32x64_stage6_warpsize2x2x1_tensor16x8x16_execute_kernel_trt
myelin-exec:/up_proj_8/MatMul,PushPop,667514,667514,3,3,584000,194666.7,236192.0,110976,236832,72478.9,trt_ampere_h16816gemm_256x64_ldg8_tn_v1
myelin-exec:/up_proj_9/MatMul,PushPop,667514,667514,4,4,781536,195384.0,212128.0,111040,246240,64001.4,sm80_xmma_gemm_f16f16_f16f32_f32_tn_n_tilesize32x32x64_stage6_warpsize2x2x1_tensor16x8x16_execute_kernel_trt
myelin-exec:/up_proj_9/MatMul,PushPop,667514,667514,3,3,585472,195157.3,235968.0,112192,237312,71853.2,trt_ampere_h16816gemm_256x64_ldg8_tn_v1
myelin-exec:/v_proj/MatMul+/k_proj/MatMul+/q_proj/MatMul,PushPop,667514,667514,4,4,812320,203080.0,184928.0,142016,300448,76476.0,sm80_xmma_gemm_f16f16_f16f16_f16_tn_n_tilesize32x32x64_stage6_warpsize2x2x1_tensor16x8x16_execute_kernel_trt
myelin-exec:/v_proj/MatMul+/k_proj/MatMul+/q_proj/MatMul,PushPop,667514,667514,3,3,742080,247360.0,300000.0,141760,300320,91452.4,trt_ampere_h16816gemm_256x64_ldg8_tn_v1
myelin-exec:/v_proj_1/MatMul+/k_proj_1/MatMul+/q_proj_1/MatMul,PushPop,667514,667514,4,4,817120,204280.0,186768.0,140928,302656,78026.6,sm80_xmma_gemm_f16f16_f16f32_f32_tn_n_tilesize32x32x64_stage6_warpsize2x2x1_tensor16x8x16_execute_kernel_trt
myelin-exec:/v_proj_1/MatMul+/k_proj_1/MatMul+/q_proj_1/MatMul,PushPop,667514,667514,3,3,742688,247562.7,300416.0,141792,300480,91600.1,trt_ampere_h16816gemm_256x64_ldg8_tn_v1
myelin-exec:/v_proj_10/MatMul+/k_proj_10/MatMul+/q_proj_10/MatMul,PushPop,667514,667514,4,4,974656,243664.0,264272.0,142336,303776,76528.3,sm80_xmma_gemm_f16f16_f16f32_f32_tn_n_tilesize32x32x64_stage6_warpsize2x2x1_tensor16x8x16_execute_kernel_trt
myelin-exec:/v_proj_10/MatMul+/k_proj_10/MatMul+/q_proj_10/MatMul,PushPop,667514,667514,3,3,746592,248864.0,301376.0,143104,302112,91591.6,trt_ampere_h16816gemm_256x64_ldg8_tn_v1
myelin-exec:/v_proj_11/MatMul+/k_proj_11/MatMul+/q_proj_11/MatMul,PushPop,667514,667514,4,4,989056,247264.0,267872.0,143776,309536,77189.5,sm80_xmma_gemm_f16f16_f16f32_f32_tn_n_tilesize32x32x64_stage6_warpsize2x2x1_tensor16x8x16_execute_kernel_trt
myelin-exec:/v_proj_11/MatMul+/k_proj_11/MatMul+/q_proj_11/MatMul,PushPop,667514,667514,3,3,744032,248010.7,300448.0,142752,300832,91156.9,trt_ampere_h16816gemm_256x64_ldg8_tn_v1
myelin-exec:/v_proj_12/MatMul+/k_proj_12/MatMul+/q_proj_12/MatMul,PushPop,667514,667514,4,4,975264,243816.0,264640.0,141376,304608,76943.0,sm80_xmma_gemm_f16f16_f16f32_f32_tn_n_tilesize32x32x64_stage6_warpsize2x2x1_tensor16x8x16_execute_kernel_trt
myelin-exec:/v_proj_12/MatMul+/k_proj_12/MatMul+/q_proj_12/MatMul,PushPop,667514,667514,3,3,744992,248330.7,300640.0,142848,301504,91351.7,trt_ampere_h16816gemm_256x64_ldg8_tn_v1
myelin-exec:/v_proj_13/MatMul+/k_proj_13/MatMul+/q_proj_13/MatMul,PushPop,667514,667514,4,4,989184,247296.0,268656.0,144576,307296,75934.7,sm80_xmma_gemm_f16f16_f16f32_f32_tn_n_tilesize32x32x64_stage6_warpsize2x2x1_tensor16x8x16_execute_kernel_trt
myelin-exec:/v_proj_13/MatMul+/k_proj_13/MatMul+/q_proj_13/MatMul,PushPop,667514,667514,3,3,744928,248309.3,300096.0,142880,301952,91309.2,trt_ampere_h16816gemm_256x64_ldg8_tn_v1
myelin-exec:/v_proj_14/MatMul+/k_proj_14/MatMul+/q_proj_14/MatMul,PushPop,667514,667514,4,4,977280,244320.0,264592.0,144448,303648,75078.7,sm80_xmma_gemm_f16f16_f16f32_f32_tn_n_tilesize32x32x64_stage6_warpsize2x2x1_tensor16x8x16_execute_kernel_trt
myelin-exec:/v_proj_14/MatMul+/k_proj_14/MatMul+/q_proj_14/MatMul,PushPop,667514,667514,3,3,745152,248384.0,300096.0,143808,301248,90567.3,trt_ampere_h16816gemm_256x64_ldg8_tn_v1
myelin-exec:/v_proj_15/MatMul+/k_proj_15/MatMul+/q_proj_15/MatMul,PushPop,667514,667514,4,4,977056,244264.0,264144.0,142592,306176,77123.0,sm80_xmma_gemm_f16f16_f16f32_f32_tn_n_tilesize32x32x64_stage6_warpsize2x2x1_tensor16x8x16_execute_kernel_trt
myelin-exec:/v_proj_15/MatMul+/k_proj_15/MatMul+/q_proj_15/MatMul,PushPop,667514,667514,3,3,745632,248544.0,300192.0,143488,301952,90985.4,trt_ampere_h16816gemm_256x64_ldg8_tn_v1
myelin-exec:/v_proj_16/MatMul+/k_proj_16/MatMul+/q_proj_16/MatMul,PushPop,667514,667514,4,4,970144,242536.0,264176.0,140800,300992,76005.6,sm80_xmma_gemm_f16f16_f16f32_f32_tn_n_tilesize32x32x64_stage6_warpsize2x2x1_tensor16x8x16_execute_kernel_trt
myelin-exec:/v_proj_16/MatMul+/k_proj_16/MatMul+/q_proj_16/MatMul,PushPop,667514,667514,3,3,746560,248853.3,301408.0,143296,301856,91415.6,trt_ampere_h16816gemm_256x64_ldg8_tn_v1
myelin-exec:/v_proj_17/MatMul+/k_proj_17/MatMul+/q_proj_17/MatMul,PushPop,667514,667514,4,4,968736,242184.0,262864.0,140352,302656,76910.5,sm80_xmma_gemm_f16f16_f16f32_f32_tn_n_tilesize32x32x64_stage6_warpsize2x2x1_tensor16x8x16_execute_kernel_trt
myelin-exec:/v_proj_17/MatMul+/k_proj_17/MatMul+/q_proj_17/MatMul,PushPop,667514,667514,3,3,753568,251189.3,301248.0,150752,301568,86981.4,trt_ampere_h16816gemm_256x64_ldg8_tn_v1
myelin-exec:/v_proj_18/MatMul+/k_proj_18/MatMul+/q_proj_18/MatMul,PushPop,667514,667514,4,4,980576,245144.0,266704.0,141408,305760,77253.7,sm80_xmma_gemm_f16f16_f16f32_f32_tn_n_tilesize32x32x64_stage6_warpsize2x2x1_tensor16x8x16_execute_kernel_trt
myelin-exec:/v_proj_18/MatMul+/k_proj_18/MatMul+/q_proj_18/MatMul,PushPop,667514,667514,3,3,743072,247690.7,300512.0,141120,301440,92294.1,trt_ampere_h16816gemm_256x64_ldg8_tn_v1
myelin-exec:/v_proj_19/MatMul+/k_proj_19/MatMul+/q_proj_19/MatMul,PushPop,667514,667514,4,4,979648,244912.0,264992.0,142528,307136,77177.7,sm80_xmma_gemm_f16f16_f16f32_f32_tn_n_tilesize32x32x64_stage6_warpsize2x2x1_tensor16x8x16_execute_kernel_trt
myelin-exec:/v_proj_19/MatMul+/k_proj_19/MatMul+/q_proj_19/MatMul,PushPop,667514,667514,3,3,743552,247850.7,301184.0,140960,301408,92570.1,trt_ampere_h16816gemm_256x64_ldg8_tn_v1
myelin-exec:/v_proj_2/MatMul+/k_proj_2/MatMul+/q_proj_2/MatMul,PushPop,667514,667514,4,4,818944,204736.0,185776.0,141376,306016,79194.6,sm80_xmma_gemm_f16f16_f16f32_f32_tn_n_tilesize32x32x64_stage6_warpsize2x2x1_tensor16x8x16_execute_kernel_trt
myelin-exec:/v_proj_2/MatMul+/k_proj_2/MatMul+/q_proj_2/MatMul,PushPop,667514,667514,3,3,743136,247712.0,300992.0,140960,301184,92450.0,trt_ampere_h16816gemm_256x64_ldg8_tn_v1
myelin-exec:/v_proj_20/MatMul+/k_proj_20/MatMul+/q_proj_20/MatMul,PushPop,667514,667514,4,4,976640,244160.0,264416.0,144800,303008,75145.4,sm80_xmma_gemm_f16f16_f16f32_f32_tn_n_tilesize32x32x64_stage6_warpsize2x2x1_tensor16x8x16_execute_kernel_trt
myelin-exec:/v_proj_20/MatMul+/k_proj_20/MatMul+/q_proj_20/MatMul,PushPop,667514,667514,3,3,742656,247552.0,300832.0,140800,301024,92450.0,trt_ampere_h16816gemm_256x64_ldg8_tn_v1
myelin-exec:/v_proj_21/MatMul+/k_proj_21/MatMul+/q_proj_21/MatMul,PushPop,667514,667514,4,4,970400,242600.0,263344.0,142656,301056,74785.3,sm80_xmma_gemm_f16f16_f16f32_f32_tn_n_tilesize32x32x64_stage6_warpsize2x2x1_tensor16x8x16_execute_kernel_trt
myelin-exec:/v_proj_21/MatMul+/k_proj_21/MatMul+/q_proj_21/MatMul,PushPop,667514,667514,3,3,742720,247573.3,300864.0,140352,301504,92856.9,trt_ampere_h16816gemm_256x64_ldg8_tn_v1
myelin-exec:/v_proj_22/MatMul+/k_proj_22/MatMul+/q_proj_22/MatMul,PushPop,667514,667514,4,4,977824,244456.0,263120.0,141408,310176,77620.1,sm80_xmma_gemm_f16f16_f16f32_f32_tn_n_tilesize32x32x64_stage6_warpsize2x2x1_tensor16x8x16_execute_kernel_trt
myelin-exec:/v_proj_22/MatMul+/k_proj_22/MatMul+/q_proj_22/MatMul,PushPop,667514,667514,3,3,746624,248874.7,301920.0,142240,302464,92348.7,trt_ampere_h16816gemm_256x64_ldg8_tn_v1
myelin-exec:/v_proj_23/MatMul+/k_proj_23/MatMul+/q_proj_23/MatMul,PushPop,667514,667514,4,4,964992,241248.0,262224.0,139072,301472,76668.5,sm80_xmma_gemm_f16f16_f16f32_f32_tn_n_tilesize32x32x64_stage6_warpsize2x2x1_tensor16x8x16_execute_kernel_trt
myelin-exec:/v_proj_23/MatMul+/k_proj_23/MatMul+/q_proj_23/MatMul,PushPop,667514,667514,3,3,744576,248192.0,301376.0,140992,302208,92838.9,trt_ampere_h16816gemm_256x64_ldg8_tn_v1
myelin-exec:/v_proj_24/MatMul+/k_proj_24/MatMul+/q_proj_24/MatMul,PushPop,667514,667514,4,4,974496,243624.0,262672.0,140032,309120,78288.5,sm80_xmma_gemm_f16f16_f16f32_f32_tn_n_tilesize32x32x64_stage6_warpsize2x2x1_tensor16x8x16_execute_kernel_trt
myelin-exec:/v_proj_24/MatMul+/k_proj_24/MatMul+/q_proj_24/MatMul,PushPop,667514,667514,3,3,745984,248661.3,301472.0,142752,301760,91720.3,trt_ampere_h16816gemm_256x64_ldg8_tn_v1
myelin-exec:/v_proj_25/MatMul+/k_proj_25/MatMul+/q_proj_25/MatMul,PushPop,667514,667514,4,4,980128,245032.0,267040.0,139904,306144,78754.7,sm80_xmma_gemm_f16f16_f16f32_f32_tn_n_tilesize32x32x64_stage6_warpsize2x2x1_tensor16x8x16_execute_kernel_trt
myelin-exec:/v_proj_25/MatMul+/k_proj_25/MatMul+/q_proj_25/MatMul,PushPop,667514,667514,3,3,744480,248160.0,301152.0,142016,301312,91923.4,trt_ampere_h16816gemm_256x64_ldg8_tn_v1
myelin-exec:/v_proj_26/MatMul+/k_proj_26/MatMul+/q_proj_26/MatMul,PushPop,667514,667514,4,4,973056,243264.0,264752.0,140544,303008,76971.7,sm80_xmma_gemm_f16f16_f16f32_f32_tn_n_tilesize32x32x64_stage6_warpsize2x2x1_tensor16x8x16_execute_kernel_trt
myelin-exec:/v_proj_26/MatMul+/k_proj_26/MatMul+/q_proj_26/MatMul,PushPop,667514,667514,3,3,742880,247626.7,300064.0,141504,301312,91907.0,trt_ampere_h16816gemm_256x64_ldg8_tn_v1
myelin-exec:/v_proj_27/MatMul+/k_proj_27/MatMul+/q_proj_27/MatMul,PushPop,667514,667514,4,4,875872,218968.0,215312.0,146112,299136,63151.2,sm80_xmma_gemm_f16f16_f16f32_f32_tn_n_tilesize32x32x64_stage6_warpsize2x2x1_tensor16x8x16_execute_kernel_trt
myelin-exec:/v_proj_27/MatMul+/k_proj_27/MatMul+/q_proj_27/MatMul,PushPop,667514,667514,3,3,742912,247637.3,301056.0,140576,301280,92717.9,trt_ampere_h16816gemm_256x64_ldg8_tn_v1
myelin-exec:/v_proj_3/MatMul+/k_proj_3/MatMul+/q_proj_3/MatMul,PushPop,667514,667514,4,4,816352,204088.0,185408.0,142272,303264,77224.9,sm80_xmma_gemm_f16f16_f16f32_f32_tn_n_tilesize32x32x64_stage6_warpsize2x2x1_tensor16x8x16_execute_kernel_trt
myelin-exec:/v_proj_3/MatMul+/k_proj_3/MatMul+/q_proj_3/MatMul,PushPop,667514,667514,3,3,742976,247658.7,300128.0,142240,300608,91295.6,trt_ampere_h16816gemm_256x64_ldg8_tn_v1
myelin-exec:/v_proj_4/MatMul+/k_proj_4/MatMul+/q_proj_4/MatMul,PushPop,667514,667514,4,4,823104,205776.0,191248.0,141312,299296,75678.4,sm80_xmma_gemm_f16f16_f16f32_f32_tn_n_tilesize32x32x64_stage6_warpsize2x2x1_tensor16x8x16_execute_kernel_trt
myelin-exec:/v_proj_4/MatMul+/k_proj_4/MatMul+/q_proj_4/MatMul,PushPop,667514,667514,3,3,743328,247776.0,299904.0,142752,300672,90954.3,trt_ampere_h16816gemm_256x64_ldg8_tn_v1
myelin-exec:/v_proj_5/MatMul+/k_proj_5/MatMul+/q_proj_5/MatMul,PushPop,667514,667514,4,4,982048,245512.0,267312.0,140320,307104,77507.8,sm80_xmma_gemm_f16f16_f16f32_f32_tn_n_tilesize32x32x64_stage6_warpsize2x2x1_tensor16x8x16_execute_kernel_trt
myelin-exec:/v_proj_5/MatMul+/k_proj_5/MatMul+/q_proj_5/MatMul,PushPop,667514,667514,3,3,744160,248053.3,300640.0,142592,300928,91332.3,trt_ampere_h16816gemm_256x64_ldg8_tn_v1
myelin-exec:/v_proj_6/MatMul+/k_proj_6/MatMul+/q_proj_6/MatMul,PushPop,667514,667514,4,4,973952,243488.0,264192.0,143104,302464,75358.7,sm80_xmma_gemm_f16f16_f16f32_f32_tn_n_tilesize32x32x64_stage6_warpsize2x2x1_tensor16x8x16_execute_kernel_trt
myelin-exec:/v_proj_6/MatMul+/k_proj_6/MatMul+/q_proj_6/MatMul,PushPop,667514,667514,3,3,748992,249664.0,301952.0,144288,302752,91259.2,trt_ampere_h16816gemm_256x64_ldg8_tn_v1
myelin-exec:/v_proj_7/MatMul+/k_proj_7/MatMul+/q_proj_7/MatMul,PushPop,667514,667514,4,4,986048,246512.0,267248.0,140672,310880,80179.2,sm80_xmma_gemm_f16f16_f16f32_f32_tn_n_tilesize32x32x64_stage6_warpsize2x2x1_tensor16x8x16_execute_kernel_trt
myelin-exec:/v_proj_7/MatMul+/k_proj_7/MatMul+/q_proj_7/MatMul,PushPop,667514,667514,3,3,746464,248821.3,301664.0,142880,301920,91748.0,trt_ampere_h16816gemm_256x64_ldg8_tn_v1
myelin-exec:/v_proj_8/MatMul+/k_proj_8/MatMul+/q_proj_8/MatMul,PushPop,667514,667514,4,4,973312,243328.0,263008.0,140192,307104,77892.3,sm80_xmma_gemm_f16f16_f16f32_f32_tn_n_tilesize32x32x64_stage6_warpsize2x2x1_tensor16x8x16_execute_kernel_trt
myelin-exec:/v_proj_8/MatMul+/k_proj_8/MatMul+/q_proj_8/MatMul,PushPop,667514,667514,3,3,747200,249066.7,301408.0,143712,302080,91240.4,trt_ampere_h16816gemm_256x64_ldg8_tn_v1
myelin-exec:/v_proj_9/MatMul+/k_proj_9/MatMul+/q_proj_9/MatMul,PushPop,667514,667514,4,4,976864,244216.0,263104.0,143712,306944,76481.1,sm80_xmma_gemm_f16f16_f16f32_f32_tn_n_tilesize32x32x64_stage6_warpsize2x2x1_tensor16x8x16_execute_kernel_trt
myelin-exec:/v_proj_9/MatMul+/k_proj_9/MatMul+/q_proj_9/MatMul,PushPop,667514,667514,3,3,746624,248874.7,301792.0,142784,302048,91877.3,trt_ampere_h16816gemm_256x64_ldg8_tn_v1
myelin-exec:__myl_AddMulMeaAddSqrDivMulMul,PushPop,667514,667514,108,108,1229568,11384.9,11168.0,6848,14496,2492.6,__myl_AddMulMeaAddSqrDivMulMul_0x37f7a26fc5e98dd1cffe0df41b34ef4f
myelin-exec:__myl_AddSqrDivMulMulResSliSliNegConMulMulAdd,PushPop,667514,667514,108,108,825312,7641.8,7744.0,4320,10624,1820.2,__myl_AddSqrDivMulMulResSliSliNegConMulMulAdd_0xf1ba08cc3beaba8ee91b0504be9c2cf4
myelin-exec:__myl_AddSqrDivMulMulResSliSliNegConMulMulAddConResRepResTra,PushPop,667514,667514,81,81,2051872,25331.8,27264.0,15424,33824,7078.7,__myl_AddSqrDivMulMulResSliSliNegConMulMulAddConResRepResTra_0x5aea462b6a819ceadd3ebb32874c078f
myelin-exec:__myl_AddSqrDivMulMulResSliSliNegConMulMulAddConResRepResTra,PushPop,667514,667514,27,27,527264,19528.3,20672.0,9984,21792,3757.0,__myl_AddSqrDivMulMulResSliSliNegConMulMulAddConResRepResTra_0x5aea462b6a819ceadd3ebb32874c078f_com
myelin-exec:__myl_AddSqrDivMulMulTraSliSliNegConMulMulAddRes,PushPop,667514,667514,81,81,972096,12001.2,13984.0,6880,15104,3501.3,__myl_AddSqrDivMulMulTraSliSliNegConMulMulAddRes_0x6acc4948abd0f5b32a0e9f68913929b0_com
myelin-exec:__myl_AddSqrDivMulMulTraSliSliNegConMulMulAddResSliRepResTraRes,PushPop,667514,667514,81,81,1251968,15456.4,18208.0,8928,19360,4246.3,__myl_AddSqrDivMulMulTraSliSliNegConMulMulAddResSliRepResTraRes_0x4ad536b524b3f7a2415d97f02da12733_com
myelin-exec:__myl_CasGat,PushPop,667514,667514,4,4,52352,13088.0,11696.0,9888,19072,4161.6,__myl_CasGat_0xdee2c73dd5d0e0fe099a0774cba2143f
myelin-exec:__myl_CasGat,PushPop,667514,667514,3,3,46624,15541.3,15520.0,15520,15584,37.0,__myl_CasGat_0xdee2c73dd5d0e0fe099a0774cba2143f_com
myelin-exec:__myl_CasResMulConSinResCosResAddSqrAddSqrDivMulDivMulMulResSliSliNegConMulMulAddConResRepResTraEtc,PushPop,667514,667514,3,3,87616,29205.3,31808.0,18656,37152,9518.7,__myl_CasResMulConSinResCosResAddSqrAddSqrDivMulDivMulMulResSliSliNegConMulMulAddConResRepResTraEtc_0x3beb58e4cd3dae3f69eebdbcbcc43980
myelin-exec:__myl_CasResMulConSinResCosResAddSqrAddSqrDivMulDivMulMulResSliSliNegConMulMulAddConResRepResTraEtc,PushPop,667514,667514,1,1,13088,13088.0,13088.0,13088,13088,0.0,__myl_CasResMulConSinResCosResAddSqrAddSqrDivMulDivMulMulResSliSliNegConMulMulAddConResRepResTraEtc_0x3beb58e4cd3dae3f69eebdbcbcc43980_com
myelin-exec:__myl_CasResMulConSinResCosResAddSqrAddSqrDivMulDivMulMulTraSliSliNegConMulMulAddResSliRepResTraEtc,PushPop,667514,667514,3,3,72512,24170.7,29056.0,13856,29600,8936.9,__myl_CasResMulConSinResCosResAddSqrAddSqrDivMulDivMulMulTraSliSliNegConMulMulAddResSliRepResTraEtc_0xeeda8c3ad0b01a41e68bda37288b89cd_com
myelin-exec:__myl_FcAdd,PushPop,667514,667514,168,168,28689408,170770.3,165120.0,79680,260064,58557.3,sm80_xmma_gemm_f16f16_f16f16_f16_nn_n_tilesize128x64x64_stage3_warpsize2x2x1_tensor16x8x16_fused
myelin-exec:__myl_FcAdd,PushPop,667514,667514,112,112,20025504,178799.1,173680.0,104704,230208,50942.8,sm80_xmma_gemm_f16f16_f16f16_f16_nn_n_tilesize64x64x64_stage4_warpsize2x2x1_tensor16x8x16_fused
myelin-exec:__myl_FcNegExpAddDivMulMul,PushPop,667514,667514,112,112,22473568,200656.9,197744.0,115104,263104,56778.0,sm80_xmma_gemm_f16f16_f16f16_f16_tn_n_tilesize32x32x64_stage6_warpsize2x2x1_tensor16x8x16_fused
myelin-exec:__myl_MovMulMeaAddSqrDivMulMul,PushPop,667514,667514,4,4,56800,14200.0,13408.0,11104,18880,3776.1,__myl_MovMulMeaAddSqrDivMulMul_0x2a5532526e8c57d9427ed6b89bda5183
myelin-exec:__myl_MovMulMeaAddSqrDivMulMul,PushPop,667514,667514,3,3,27872,9290.7,11200.0,5472,11200,3307.1,__myl_MovMulMeaAddSqrDivMulMul_0x8c7c765d132892c540be4329124deccc_com_vec
myelin-exec:__myl_MovMulMeaAddSqrDivMulMulCas,PushPop,667514,667514,7,7,91680,13097.1,12256.0,7552,19328,4845.6,__myl_MovMulMeaAddSqrDivMulMulCas_0x62665ed68e2d72f01be2ec50e848f2e2_vec
myelin-exec:__myl_MovResConResRep,PushPop,667514,667514,84,84,1869760,22259.0,23552.0,13920,29504,5835.4,__myl_MovResConResRep_0xeb90291bbf009f8413c8500b92afa70a
myelin-exec:__myl_MovResConResRep,PushPop,667514,667514,28,28,465952,16641.1,18128.0,9184,18496,3156.0,__myl_MovResConResRep_0xeb90291bbf009f8413c8500b92afa70a_com
myelin-exec:__myl_MovResMulMea,PushPop,667514,667514,112,112,1085184,9689.1,9632.0,6144,12672,2314.0,__myl_MovResMulMea_0x8729692710be644f17c7f997918851be
myelin-exec:__myl_MovResMulMea,PushPop,667514,667514,112,112,926880,8275.7,8352.0,4768,10784,2153.6,__myl_MovResMulMea_0x61ec5b9962acde3fddf5628b2e6fd459
myelin-exec:__myl_MulMaxSubExpSumDivMul,PushPop,667514,667514,84,84,989536,11780.2,11840.0,7232,16672,3432.7,__myl_MulMaxSubExpSumDivMul_0x1108f5a078d6e65507c06537b9b2e43f
myelin-exec:__myl_MulMaxSubExpSumDivMul,PushPop,667514,667514,28,28,318336,11369.1,12384.0,5504,12640,2348.2,__myl_MulMaxSubExpSumDivMul_0x1108f5a078d6e65507c06537b9b2e43f_com
myelin-exec:__myl_MulMeaAddSqrDivMulMul,PushPop,667514,667514,112,112,1146624,10237.7,10048.0,5952,13856,2466.6,__myl_MulMeaAddSqrDivMulMul_0x8548fa9a57c713be1fdaa27c95458b99
myelin-exec:__myl_MulMeaAddSqrDivMulMul,PushPop,667514,667514,84,84,1027488,12232.0,13888.0,7680,16256,3031.1,__myl_MulMeaAddSqrDivMulMul_0xecca72c958a3414a0b497095c432af2e_com_vec
myelin-exec:__myl_MulMeaAddSqrDivMulMul,PushPop,667514,667514,81,81,987744,12194.4,13920.0,7648,14944,3051.6,__myl_MulMeaAddSqrDivMulMul_0x7950617bc96f544a93cba59dd9f0896c_com_vec
myelin-exec:__myl_NegExpAddDivMulMul,PushPop,667514,667514,84,84,1099488,13089.1,15184.0,8096,16160,3376.1,__myl_NegExpAddDivMulMul_0x35e9fa130a3939e5b59c6ddbd0568b35_com_vec
myelin-exec:__myl_RepIotIotRepCasAddCasEqlLtOrSel,PushPop,667514,667514,3,3,21728,7242.7,8224.0,4736,8768,2187.8,__myl_RepIotIotRepCasAddCasEqlLtOrSel_0xeed00a2999d9a920ce4be4d44852c879_com
myelin-exec:__myl_ResMulMea,PushPop,667514,667514,84,84,856992,10202.3,11920.0,5984,12768,2678.0,__myl_ResMulMea_0xae152563f1149376365003f94aabf3c4_com_vec
myelin-exec:__myl_ResMulMea,PushPop,667514,667514,84,84,811904,9665.5,11232.0,5696,12736,2459.2,__myl_ResMulMea_0xa004b8b1aee1c828801c9405f41c9d8a_com_vec
myelin-exec:__myl_ResTraResSliRepRes,PushPop,667514,667514,84,84,1072096,12763.0,14816.0,7648,17056,3418.8,__myl_ResTraResSliRepRes_0xc9f73409107decab95699693f5f53538_com
myelin-exec:_gemm_mha_v2,PushPop,667514,667514,84,84,1541856,18355.4,21856.0,10112,22976,5443.5,_gemm_mha_v2_0xb1de950b39aeff343f8e5a6b250b0cff
myelin-exec:myelinGraphExecute ,StartEnd,667514,667514,4,328,60948768,185819.4,166368.0,78336,310880,69510.7,sm80_xmma_gemm_f16f16_f16f32_f32_tn_n_tilesize32x32x64_stage6_warpsize2x2x1_tensor16x8x16_execute_kernel_trt
myelin-exec:myelinGraphExecute ,StartEnd,667514,667514,3,252,53573696,212594.0,236192.0,108864,302752,69619.9,trt_ampere_h16816gemm_256x64_ldg8_tn_v1
myelin-exec:myelinGraphExecute ,StartEnd,667514,667514,7,7,52013984,7430569.1,7591040.0,4695424,10111936,2708300.7,trt_ampere_h16816gemm_128x64_ldg8_nn_v1
myelin-exec:myelinGraphExecute ,StartEnd,667514,667514,3,168,28689408,170770.3,165120.0,79680,260064,58557.3,sm80_xmma_gemm_f16f16_f16f16_f16_nn_n_tilesize128x64x64_stage3_warpsize2x2x1_tensor16x8x16_fused
myelin-exec:myelinGraphExecute ,StartEnd,667514,667514,4,112,22473568,200656.9,197744.0,115104,263104,56778.0,sm80_xmma_gemm_f16f16_f16f16_f16_tn_n_tilesize32x32x64_stage6_warpsize2x2x1_tensor16x8x16_fused
myelin-exec:myelinGraphExecute ,StartEnd,667514,667514,4,112,20025504,178799.1,173680.0,104704,230208,50942.8,sm80_xmma_gemm_f16f16_f16f16_f16_nn_n_tilesize64x64x64_stage4_warpsize2x2x1_tensor16x8x16_fused
myelin-exec:myelinGraphExecute ,StartEnd,667514,667514,4,112,4448512,39718.9,39488.0,24576,50752,10097.4,sm80_xmma_gemm_f16f16_f16f32_f32_nn_n_tilesize64x128x32_stage5_warpsize2x2x1_tensor16x8x16_aligna2_alignc2_execute_kernel_trt
myelin-exec:myelinGraphExecute ,StartEnd,667514,667514,4,112,2710848,24204.0,23792.0,13728,31424,7088.6,sm80_xmma_gemm_f16f16_f16f32_f32_nn_n_tilesize32x32x64_stage6_warpsize2x2x1_tensor16x8x16_aligna2_alignc2_execute_kernel_trt
myelin-exec:myelinGraphExecute ,StartEnd,667514,667514,3,81,2051872,25331.8,27264.0,15424,33824,7078.7,__myl_AddSqrDivMulMulResSliSliNegConMulMulAddConResRepResTra_0x5aea462b6a819ceadd3ebb32874c078f
myelin-exec:myelinGraphExecute ,StartEnd,667514,667514,3,84,1869760,22259.0,23552.0,13920,29504,5835.4,__myl_MovResConResRep_0xeb90291bbf009f8413c8500b92afa70a
myelin-exec:myelinGraphExecute ,StartEnd,667514,667514,3,84,1541856,18355.4,21856.0,10112,22976,5443.5,_gemm_mha_v2_0xb1de950b39aeff343f8e5a6b250b0cff
myelin-exec:myelinGraphExecute ,StartEnd,667514,667514,3,81,1251968,15456.4,18208.0,8928,19360,4246.3,__myl_AddSqrDivMulMulTraSliSliNegConMulMulAddResSliRepResTraRes_0x4ad536b524b3f7a2415d97f02da12733_com
myelin-exec:myelinGraphExecute ,StartEnd,667514,667514,4,108,1229568,11384.9,11168.0,6848,14496,2492.6,__myl_AddMulMeaAddSqrDivMulMul_0x37f7a26fc5e98dd1cffe0df41b34ef4f
myelin-exec:myelinGraphExecute ,StartEnd,667514,667514,4,112,1146624,10237.7,10048.0,5952,13856,2466.6,__myl_MulMeaAddSqrDivMulMul_0x8548fa9a57c713be1fdaa27c95458b99
myelin-exec:myelinGraphExecute ,StartEnd,667514,667514,3,84,1099488,13089.1,15184.0,8096,16160,3376.1,__myl_NegExpAddDivMulMul_0x35e9fa130a3939e5b59c6ddbd0568b35_com_vec
myelin-exec:myelinGraphExecute ,StartEnd,667514,667514,4,112,1085184,9689.1,9632.0,6144,12672,2314.0,__myl_MovResMulMea_0x8729692710be644f17c7f997918851be
myelin-exec:myelinGraphExecute ,StartEnd,667514,667514,3,84,1072096,12763.0,14816.0,7648,17056,3418.8,__myl_ResTraResSliRepRes_0xc9f73409107decab95699693f5f53538_com
myelin-exec:myelinGraphExecute ,StartEnd,667514,667514,3,84,1027488,12232.0,13888.0,7680,16256,3031.1,__myl_MulMeaAddSqrDivMulMul_0xecca72c958a3414a0b497095c432af2e_com_vec
myelin-exec:myelinGraphExecute ,StartEnd,667514,667514,3,84,989536,11780.2,11840.0,7232,16672,3432.7,__myl_MulMaxSubExpSumDivMul_0x1108f5a078d6e65507c06537b9b2e43f
myelin-exec:myelinGraphExecute ,StartEnd,667514,667514,3,81,987744,12194.4,13920.0,7648,14944,3051.6,__myl_MulMeaAddSqrDivMulMul_0x7950617bc96f544a93cba59dd9f0896c_com_vec
myelin-exec:myelinGraphExecute ,StartEnd,667514,667514,3,81,972096,12001.2,13984.0,6880,15104,3501.3,__myl_AddSqrDivMulMulTraSliSliNegConMulMulAddRes_0x6acc4948abd0f5b32a0e9f68913929b0_com
myelin-exec:myelinGraphExecute ,StartEnd,667514,667514,4,112,926880,8275.7,8352.0,4768,10784,2153.6,__myl_MovResMulMea_0x61ec5b9962acde3fddf5628b2e6fd459
myelin-exec:myelinGraphExecute ,StartEnd,667514,667514,3,84,856992,10202.3,11920.0,5984,12768,2678.0,__myl_ResMulMea_0xae152563f1149376365003f94aabf3c4_com_vec
myelin-exec:myelinGraphExecute ,StartEnd,667514,667514,4,108,825312,7641.8,7744.0,4320,10624,1820.2,__myl_AddSqrDivMulMulResSliSliNegConMulMulAdd_0xf1ba08cc3beaba8ee91b0504be9c2cf4
myelin-exec:myelinGraphExecute ,StartEnd,667514,667514,4,4,812320,203080.0,184928.0,142016,300448,76476.0,sm80_xmma_gemm_f16f16_f16f16_f16_tn_n_tilesize32x32x64_stage6_warpsize2x2x1_tensor16x8x16_execute_kernel_trt
myelin-exec:myelinGraphExecute ,StartEnd,667514,667514,3,84,811904,9665.5,11232.0,5696,12736,2459.2,__myl_ResMulMea_0xa004b8b1aee1c828801c9405f41c9d8a_com_vec
myelin-exec:myelinGraphExecute ,StartEnd,667514,667514,1,27,527264,19528.3,20672.0,9984,21792,3757.0,__myl_AddSqrDivMulMulResSliSliNegConMulMulAddConResRepResTra_0x5aea462b6a819ceadd3ebb32874c078f_com
myelin-exec:myelinGraphExecute ,StartEnd,667514,667514,1,28,465952,16641.1,18128.0,9184,18496,3156.0,__myl_MovResConResRep_0xeb90291bbf009f8413c8500b92afa70a_com
myelin-exec:myelinGraphExecute ,StartEnd,667514,667514,4,4,427488,106872.0,97696.0,74944,157152,39054.8,trt_ampere_h16816gemm_64x64_ldg8_relu_stages_64x5_nn_v1
myelin-exec:myelinGraphExecute ,StartEnd,667514,667514,1,28,318336,11369.1,12384.0,5504,12640,2348.2,__myl_MulMaxSubExpSumDivMul_0x1108f5a078d6e65507c06537b9b2e43f_com
myelin-exec:myelinGraphExecute ,StartEnd,667514,667514,7,7,91680,13097.1,12256.0,7552,19328,4845.6,__myl_MovMulMeaAddSqrDivMulMulCas_0x62665ed68e2d72f01be2ec50e848f2e2_vec
myelin-exec:myelinGraphExecute ,StartEnd,667514,667514,3,3,87616,29205.3,31808.0,18656,37152,9518.7,__myl_CasResMulConSinResCosResAddSqrAddSqrDivMulDivMulMulResSliSliNegConMulMulAddConResRepResTraEtc_0x3beb58e4cd3dae3f69eebdbcbcc43980
myelin-exec:myelinGraphExecute ,StartEnd,667514,667514,3,3,72512,24170.7,29056.0,13856,29600,8936.9,__myl_CasResMulConSinResCosResAddSqrAddSqrDivMulDivMulMulTraSliSliNegConMulMulAddResSliRepResTraEtc_0xeeda8c3ad0b01a41e68bda37288b89cd_com
myelin-exec:myelinGraphExecute ,StartEnd,667514,667514,4,4,56800,14200.0,13408.0,11104,18880,3776.1,__myl_MovMulMeaAddSqrDivMulMul_0x2a5532526e8c57d9427ed6b89bda5183
myelin-exec:myelinGraphExecute ,StartEnd,667514,667514,4,4,52352,13088.0,11696.0,9888,19072,4161.6,__myl_CasGat_0xdee2c73dd5d0e0fe099a0774cba2143f
myelin-exec:myelinGraphExecute ,StartEnd,667514,667514,3,3,46624,15541.3,15520.0,15520,15584,37.0,__myl_CasGat_0xdee2c73dd5d0e0fe099a0774cba2143f_com
myelin-exec:myelinGraphExecute ,StartEnd,667514,667514,3,3,27872,9290.7,11200.0,5472,11200,3307.1,__myl_MovMulMeaAddSqrDivMulMul_0x8c7c765d132892c540be4329124deccc_com_vec
myelin-exec:myelinGraphExecute ,StartEnd,667514,667514,3,3,21728,7242.7,8224.0,4736,8768,2187.8,__myl_RepIotIotRepCasAddCasEqlLtOrSel_0xeed00a2999d9a920ce4be4d44852c879_com
myelin-exec:myelinGraphExecute ,StartEnd,667514,667514,1,1,13088,13088.0,13088.0,13088,13088,0.0,__myl_CasResMulConSinResCosResAddSqrAddSqrDivMulDivMulMulResSliSliNegConMulMulAddConResRepResTraEtc_0x3beb58e4cd3dae3f69eebdbcbcc43980_com
