diagnostic_layers,stage,layer_id,mem_available_bytes,swap_used_bytes,cuda_free_bytes,cuda_total_bytes,torch_allocated_bytes,torch_reserved_bytes,torch_max_allocated_bytes,torch_max_reserved_bytes
4,before_load,-1,5012160512,1924288512,4997529600,7989940224,0,0,0,0
4,after_load,-1,4032475136,1924288512,4032475136,7989940224,1192638976,1509949440,1503803392,1509949440
4,prefill,0,3708715008,1924288512,3708715008,7989940224,1201210368,1509949440,1503803392,1509949440
4,prefill,1,3708452864,1924288512,3708452864,7989940224,1201243136,1509949440,1503803392,1509949440
4,prefill,2,3708452864,1924288512,3708452864,7989940224,1201275904,1509949440,1503803392,1509949440
4,prefill,3,3708690432,1924288512,3708686336,7989940224,1201308672,1509949440,1503803392,1509949440
4,decode_8_to_9,0,3626434560,1924288512,3626430464,7989940224,1201315328,1509949440,1503803392,1509949440
4,decode_8_to_9,1,3626434560,1924288512,3626430464,7989940224,1201319424,1509949440,1503803392,1509949440
4,decode_8_to_9,2,3626434560,1924288512,3626430464,7989940224,1201323520,1509949440,1503803392,1509949440
4,decode_8_to_9,3,3626176512,1924288512,3626172416,7989940224,1201327616,1509949440,1503803392,1509949440
8,before_load,-1,5057708032,1924288512,5036007424,7989940224,0,0,0,0
8,after_load,-1,4036784128,1924288512,4036640768,7989940224,1192638976,1509949440,1503803392,1509949440
8,prefill,0,3619762176,1924288512,3619762176,7989940224,1201210368,1509949440,1503803392,1509949440
8,prefill,1,3619762176,1924288512,3619762176,7989940224,1201243136,1509949440,1503803392,1509949440
8,prefill,2,3619762176,1924288512,3619762176,7989940224,1201275904,1509949440,1503803392,1509949440
8,prefill,3,3619762176,1924288512,3619762176,7989940224,1201308672,1509949440,1503803392,1509949440
8,prefill,4,3619762176,1924288512,3619762176,7989940224,1201341440,1509949440,1503803392,1509949440
8,prefill,5,3619504128,1924288512,3619504128,7989940224,1201374208,1509949440,1503803392,1509949440
8,prefill,6,3616145408,1924288512,3616321536,7989940224,1201406976,1509949440,1503803392,1509949440
8,prefill,7,3616317440,1924288512,3616317440,7989940224,1201439744,1509949440,1503803392,1509949440
8,decode_8_to_9,0,3609251840,1924288512,3607515136,7989940224,1201446400,1509949440,1503803392,1509949440
8,decode_8_to_9,1,3609108480,1924288512,3609108480,7989940224,1201450496,1509949440,1503803392,1509949440
8,decode_8_to_9,2,3609108480,1924288512,3609108480,7989940224,1201454592,1509949440,1503803392,1509949440
8,decode_8_to_9,3,3609108480,1924288512,3609108480,7989940224,1201458688,1509949440,1503803392,1509949440
8,decode_8_to_9,4,3609108480,1924288512,3609108480,7989940224,1201462784,1509949440,1503803392,1509949440
8,decode_8_to_9,5,3609108480,1924288512,3609108480,7989940224,1201466880,1509949440,1503803392,1509949440
8,decode_8_to_9,6,3609108480,1924288512,3609108480,7989940224,1201470976,1509949440,1503803392,1509949440
8,decode_8_to_9,7,3609108480,1924288512,3609108480,7989940224,1201475072,1509949440,1503803392,1509949440
28,before_load,-1,5047365632,1924026368,5030600704,7989940224,0,0,0,0
28,after_load,-1,4164608000,1924026368,4162367488,7989940224,1192638976,1509949440,1503803392,1509949440
28,prefill,0,3680210944,1924026368,3680210944,7989940224,1201210368,1509949440,1503803392,1509949440
28,prefill,1,3679952896,1924026368,3679952896,7989940224,1201243136,1509949440,1503803392,1509949440
28,prefill,2,3679952896,1924026368,3679952896,7989940224,1201275904,1509949440,1503803392,1509949440
28,prefill,3,3679952896,1924026368,3679952896,7989940224,1201308672,1509949440,1503803392,1509949440
28,prefill,4,3679952896,1924026368,3679952896,7989940224,1201341440,1509949440,1503803392,1509949440
28,prefill,5,3679952896,1924026368,3679952896,7989940224,1201374208,1509949440,1503803392,1509949440
28,prefill,6,3679952896,1924026368,3679952896,7989940224,1201406976,1509949440,1503803392,1509949440
28,prefill,7,3679952896,1924026368,3679952896,7989940224,1201439744,1509949440,1503803392,1509949440
28,prefill,8,3679952896,1924026368,3679952896,7989940224,1201472512,1509949440,1503803392,1509949440
28,prefill,9,3679694848,1924026368,3679694848,7989940224,1201505280,1509949440,1503803392,1509949440
28,prefill,10,3679694848,1924026368,3679694848,7989940224,1201538048,1509949440,1503803392,1509949440
28,prefill,11,3679694848,1924026368,3679694848,7989940224,1201570816,1509949440,1503803392,1509949440
28,prefill,12,3679694848,1924026368,3679694848,7989940224,1201603584,1509949440,1503803392,1509949440
28,prefill,13,3679694848,1924026368,3679694848,7989940224,1201636352,1509949440,1503803392,1509949440
28,prefill,14,3679694848,1924026368,3679694848,7989940224,1201669120,1509949440,1503803392,1509949440
28,prefill,15,3679694848,1924026368,3679694848,7989940224,1201701888,1509949440,1503803392,1509949440
28,prefill,16,3679694848,1924026368,3679694848,7989940224,1201734656,1509949440,1503803392,1509949440
28,prefill,17,3679694848,1924026368,3679694848,7989940224,1201767424,1509949440,1503803392,1509949440
28,prefill,18,3679694848,1924026368,3679694848,7989940224,1201800192,1509949440,1503803392,1509949440
28,prefill,19,3679694848,1924026368,3679694848,7989940224,1201832960,1509949440,1503803392,1509949440
28,prefill,20,3679694848,1924026368,3679694848,7989940224,1201865728,1509949440,1503803392,1509949440
28,prefill,21,3679694848,1924026368,3679694848,7989940224,1201898496,1509949440,1503803392,1509949440
28,prefill,22,3679694848,1924026368,3679694848,7989940224,1201931264,1509949440,1503803392,1509949440
28,prefill,23,3679694848,1924026368,3679694848,7989940224,1201964032,1509949440,1503803392,1509949440
28,prefill,24,3679694848,1924026368,3679694848,7989940224,1201996800,1509949440,1503803392,1509949440
28,prefill,25,3679694848,1924026368,3679694848,7989940224,1202029568,1509949440,1503803392,1509949440
28,prefill,26,3679694848,1924026368,3679694848,7989940224,1202062336,1509949440,1503803392,1509949440
28,prefill,27,3679694848,1924026368,3679694848,7989940224,1202095104,1509949440,1503803392,1509949440
28,decode_8_to_9,0,3669630976,1924026368,3669630976,7989940224,1202101760,1509949440,1503803392,1509949440
28,decode_8_to_9,1,3669630976,1924026368,3669630976,7989940224,1202105856,1509949440,1503803392,1509949440
28,decode_8_to_9,2,3669630976,1924026368,3669630976,7989940224,1202109952,1509949440,1503803392,1509949440
28,decode_8_to_9,3,3669630976,1924026368,3669630976,7989940224,1202114048,1509949440,1503803392,1509949440
28,decode_8_to_9,4,3669630976,1924026368,3669630976,7989940224,1202118144,1509949440,1503803392,1509949440
28,decode_8_to_9,5,3669630976,1924026368,3669630976,7989940224,1202122240,1509949440,1503803392,1509949440
28,decode_8_to_9,6,3669630976,1924026368,3669630976,7989940224,1202126336,1509949440,1503803392,1509949440
28,decode_8_to_9,7,3669630976,1924026368,3669630976,7989940224,1202130432,1509949440,1503803392,1509949440
28,decode_8_to_9,8,3669630976,1924026368,3669630976,7989940224,1202134528,1509949440,1503803392,1509949440
28,decode_8_to_9,9,3669630976,1924026368,3669630976,7989940224,1202138624,1509949440,1503803392,1509949440
28,decode_8_to_9,10,3669630976,1924026368,3669630976,7989940224,1202142720,1509949440,1503803392,1509949440
28,decode_8_to_9,11,3669630976,1924026368,3669630976,7989940224,1202146816,1509949440,1503803392,1509949440
28,decode_8_to_9,12,3669630976,1924026368,3669630976,7989940224,1202150912,1509949440,1503803392,1509949440
28,decode_8_to_9,13,3669630976,1924026368,3669630976,7989940224,1202155008,1509949440,1503803392,1509949440
28,decode_8_to_9,14,3669630976,1924026368,3669630976,7989940224,1202159104,1509949440,1503803392,1509949440
28,decode_8_to_9,15,3669630976,1924026368,3669630976,7989940224,1202163200,1509949440,1503803392,1509949440
28,decode_8_to_9,16,3669630976,1924026368,3669630976,7989940224,1202167296,1509949440,1503803392,1509949440
28,decode_8_to_9,17,3669630976,1924026368,3669630976,7989940224,1202171392,1509949440,1503803392,1509949440
28,decode_8_to_9,18,3669630976,1924026368,3669630976,7989940224,1202175488,1509949440,1503803392,1509949440
28,decode_8_to_9,19,3669630976,1924026368,3669630976,7989940224,1202179584,1509949440,1503803392,1509949440
28,decode_8_to_9,20,3669630976,1924026368,3669630976,7989940224,1202183680,1509949440,1503803392,1509949440
28,decode_8_to_9,21,3669630976,1924026368,3669630976,7989940224,1202187776,1509949440,1503803392,1509949440
28,decode_8_to_9,22,3669630976,1924026368,3669630976,7989940224,1202191872,1509949440,1503803392,1509949440
28,decode_8_to_9,23,3669630976,1924026368,3669630976,7989940224,1202195968,1509949440,1503803392,1509949440
28,decode_8_to_9,24,3669630976,1924026368,3669630976,7989940224,1202200064,1509949440,1503803392,1509949440
28,decode_8_to_9,25,3669630976,1924026368,3669630976,7989940224,1202204160,1509949440,1503803392,1509949440
28,decode_8_to_9,26,3669630976,1924026368,3669630976,7989940224,1202208256,1509949440,1503803392,1509949440
28,decode_8_to_9,27,3669630976,1924026368,3669630976,7989940224,1202212352,1509949440,1503803392,1509949440
