invocation_index,layer_index,layer_name,nvtx_start_ns,nvtx_end_ns,nvtx_duration_ns,correlation_id,kernel_family,kernel_name,kernel_start_ns,kernel_end_ns,kernel_duration_ns,kernel_overlap_with_nvtx_ns,kernel_after_nvtx_end_ns,kernel_before_nvtx_start_ns,kernel_launch_api,kernel_launch_api_duration_ns
1,0,/up_proj/MatMul,10736829376,10786304192,49474816,8021,h16816,trt_ampere_h16816gemm_128x64_ldg8_nn_v1,10786801280,10787054912,253632,0,750720,0,cudaLaunchKernel_v7000,49372288
1,1,/up_proj_1/MatMul,10787906912,10788069536,162624,8064,h16816,trt_ampere_h16816gemm_256x64_ldg8_tn_v1,10788073248,10788308096,234848,0,238560,0,cudaLaunchKernel_v7000,20224
1,2,/up_proj_2/MatMul,10788856992,10788904416,47424,8096,h16816,trt_ampere_h16816gemm_256x64_ldg8_tn_v1,10789264928,10789499488,234560,0,595072,0,cudaLaunchKernel_v7000,16448
1,3,/up_proj_3/MatMul,10790121312,10790175264,53952,8134,h16816,trt_ampere_h16816gemm_128x64_ldg8_nn_v1,10790379040,10790632768,253728,0,457504,0,cudaLaunchKernel_v7000,19424
1,4,/up_proj_4/MatMul,10791425472,10791475232,49760,8172,h16816,trt_ampere_h16816gemm_128x64_ldg8_nn_v1,10791509056,10791778752,269696,0,303520,0,cudaLaunchKernel_v7000,17760
1,5,/up_proj_5/MatMul,10792662496,10792709888,47392,8210,h16816,trt_ampere_h16816gemm_128x64_ldg8_nn_v1,10792742272,10792986400,244128,0,276512,0,cudaLaunchKernel_v7000,15840
1,6,/up_proj_6/MatMul,10793890176,10793933472,43296,8248,h16816,trt_ampere_h16816gemm_128x64_ldg8_nn_v1,10793976608,10794214176,237568,0,280704,0,cudaLaunchKernel_v7000,17120
1,7,/up_proj_7/MatMul,10795157920,10795203712,45792,8286,h16816,trt_ampere_h16816gemm_128x64_ldg8_nn_v1,10795239968,10795506016,266048,0,302304,0,cudaLaunchKernel_v7000,18752
1,8,/up_proj_8/MatMul,10796449056,10796498240,49184,8326,h16816,trt_ampere_h16816gemm_128x64_ldg8_nn_v1,10796621504,10796887968,266464,0,389728,0,cudaLaunchKernel_v7000,16928
1,9,/up_proj_9/MatMul,10797674272,10797720864,46592,8364,h16816,trt_ampere_h16816gemm_128x64_ldg8_nn_v1,10797761024,10798023872,262848,0,303008,0,cudaLaunchKernel_v7000,20608
1,10,/up_proj_10/MatMul,10798917344,10798960672,43328,8402,h16816,trt_ampere_h16816gemm_128x64_ldg8_nn_v1,10799002400,10799267680,265280,0,307008,0,cudaLaunchKernel_v7000,15168
1,11,/up_proj_11/MatMul,10800208672,10800260096,51424,8440,h16816,trt_ampere_h16816gemm_128x64_ldg8_nn_v1,10800294144,10800554464,260320,0,294368,0,cudaLaunchKernel_v7000,23488
1,12,/up_proj_12/MatMul,10801449472,10801495744,46272,8478,h16816,trt_ampere_h16816gemm_128x64_ldg8_nn_v1,10801534464,10801795648,261184,0,299904,0,cudaLaunchKernel_v7000,19424
1,13,/up_proj_13/MatMul,10802670720,10802717120,46400,8516,h16816,trt_ampere_h16816gemm_128x64_ldg8_nn_v1,10802756704,10803012832,256128,0,295712,0,cudaLaunchKernel_v7000,18272
1,14,/up_proj_14/MatMul,10803961408,10804006496,45088,8556,h16816,trt_ampere_h16816gemm_128x64_ldg8_nn_v1,10804120800,10804372736,251936,0,366240,0,cudaLaunchKernel_v7000,16768
1,15,/up_proj_15/MatMul,10805230944,10805280896,49952,8594,h16816,trt_ampere_h16816gemm_128x64_ldg8_nn_v1,10805295168,10805554688,259520,0,273792,0,cudaLaunchKernel_v7000,15744
1,16,/up_proj_16/MatMul,10806533056,10806582464,49408,8632,h16816,trt_ampere_h16816gemm_128x64_ldg8_nn_v1,10806620384,10806876384,256000,0,293920,0,cudaLaunchKernel_v7000,16000
1,17,/up_proj_17/MatMul,10807899968,10807951872,51904,8670,h16816,trt_ampere_h16816gemm_128x64_ldg8_nn_v1,10807973472,10808241568,268096,0,289696,0,cudaLaunchKernel_v7000,21088
1,18,/up_proj_18/MatMul,10809204192,10809253984,49792,8708,h16816,trt_ampere_h16816gemm_128x64_ldg8_nn_v1,10809281600,10809530144,248544,0,276160,0,cudaLaunchKernel_v7000,18048
1,19,/up_proj_19/MatMul,10810526880,10810579520,52640,8746,h16816,trt_ampere_h16816gemm_128x64_ldg8_nn_v1,10810604160,10810849280,245120,0,269760,0,cudaLaunchKernel_v7000,21248
1,20,/up_proj_20/MatMul,10811849248,10811902816,53568,8784,h16816,trt_ampere_h16816gemm_128x64_ldg8_nn_v1,10811933856,10812182784,248928,0,279968,0,cudaLaunchKernel_v7000,26112
1,21,/up_proj_21/MatMul,10813157280,10813203520,46240,8822,h16816,trt_ampere_h16816gemm_128x64_ldg8_nn_v1,10813242624,10813510272,267648,0,306752,0,cudaLaunchKernel_v7000,16064
1,22,/up_proj_22/MatMul,10814478752,10814532160,53408,8860,h16816,trt_ampere_h16816gemm_128x64_ldg8_nn_v1,10814560576,10814827168,266592,0,295008,0,cudaLaunchKernel_v7000,20480
1,23,/up_proj_23/MatMul,10815835616,10815896096,60480,8898,h16816,trt_ampere_h16816gemm_128x64_ldg8_nn_v1,10815906592,10816171616,265024,0,275520,0,cudaLaunchKernel_v7000,27264
1,24,/up_proj_24/MatMul,10817177952,10817235264,57312,8936,h16816,trt_ampere_h16816gemm_128x64_ldg8_nn_v1,10817262816,10817528672,265856,0,293408,0,cudaLaunchKernel_v7000,25664
1,25,/up_proj_25/MatMul,10818464960,10818514784,49824,8974,h16816,trt_ampere_h16816gemm_128x64_ldg8_nn_v1,10818547840,10818810432,262592,0,295648,0,cudaLaunchKernel_v7000,17152
1,26,/up_proj_26/MatMul,10819843744,10819892512,48768,9012,h16816,trt_ampere_h16816gemm_128x64_ldg8_nn_v1,10819929824,10820190656,260832,0,298144,0,cudaLaunchKernel_v7000,15552
1,27,/up_proj_27/MatMul,10821218400,10821264992,46592,9055,h16816,trt_ampere_h16816gemm_128x64_ldg8_nn_v1,10821582720,10821841536,258816,0,576544,0,cudaLaunchKernel_v7000,24896
2,0,/up_proj/MatMul,10845960320,10845993824,33504,9755,h16816,trt_ampere_h16816gemm_128x64_ldg8_nn_v1,10846670944,10846927072,256128,0,933248,0,cudaLaunchKernel_v7000,20416
2,1,/up_proj_1/MatMul,10846407360,10846446944,39584,9785,h16816,trt_ampere_h16816gemm_256x64_ldg8_tn_v1,10847877504,10848113024,235520,0,1666080,0,cudaLaunchKernel_v7000,21312
2,2,/up_proj_2/MatMul,10846807136,10846833280,26144,9810,h16816,trt_ampere_h16816gemm_256x64_ldg8_tn_v1,10849125184,10849363168,237984,0,2529888,0,cudaLaunchKernel_v7000,14400
2,3,/up_proj_3/MatMul,10847206176,10847230496,24320,9835,h16816,trt_ampere_h16816gemm_128x64_ldg8_nn_v1,10850268832,10850530496,261664,0,3300000,0,cudaLaunchKernel_v7000,14688
2,4,/up_proj_4/MatMul,10847659008,10847685664,26656,9860,h16816,trt_ampere_h16816gemm_128x64_ldg8_nn_v1,10851424160,10851689504,265344,0,4003840,0,cudaLaunchKernel_v7000,18240
2,5,/up_proj_5/MatMul,10848073728,10848102720,28992,9885,h16816,trt_ampere_h16816gemm_128x64_ldg8_nn_v1,10852594368,10852840512,246144,0,4737792,0,cudaLaunchKernel_v7000,19872
2,6,/up_proj_6/MatMul,10848487008,10848508288,21280,9910,h16816,trt_ampere_h16816gemm_128x64_ldg8_nn_v1,10853742016,10853983776,241760,0,5475488,0,cudaLaunchKernel_v7000,12960
2,7,/up_proj_7/MatMul,10848880832,10848902272,21440,9935,h16816,trt_ampere_h16816gemm_128x64_ldg8_nn_v1,10854878624,10855150144,271520,0,6247872,0,cudaLaunchKernel_v7000,12736
2,8,/up_proj_8/MatMul,10849262976,10849289792,26816,9961,h16816,trt_ampere_h16816gemm_128x64_ldg8_nn_v1,10856144672,10856416832,272160,0,7127040,0,cudaLaunchKernel_v7000,17984
2,9,/up_proj_9/MatMul,10849689760,10849716960,27200,9986,h16816,trt_ampere_h16816gemm_128x64_ldg8_nn_v1,10857342720,10857610752,268032,0,7893792,0,cudaLaunchKernel_v7000,18144
2,10,/up_proj_10/MatMul,10850082912,10850104064,21152,10011,h16816,trt_ampere_h16816gemm_128x64_ldg8_nn_v1,10858516000,10858786976,270976,0,8682912,0,cudaLaunchKernel_v7000,13088
2,11,/up_proj_11/MatMul,10850483776,10850505056,21280,10036,h16816,trt_ampere_h16816gemm_128x64_ldg8_nn_v1,10859696608,10859962016,265408,0,9456960,0,cudaLaunchKernel_v7000,13504
2,12,/up_proj_12/MatMul,10850864576,10850890336,25760,10061,h16816,trt_ampere_h16816gemm_128x64_ldg8_nn_v1,10860874720,10861141504,266784,0,10251168,0,cudaLaunchKernel_v7000,17120
2,13,/up_proj_13/MatMul,10851259680,10851285568,25888,10086,h16816,trt_ampere_h16816gemm_128x64_ldg8_nn_v1,10862049568,10862307104,257536,0,11021536,0,cudaLaunchKernel_v7000,18528
2,14,/up_proj_14/MatMul,10851685888,10851707072,21184,10112,h16816,trt_ampere_h16816gemm_128x64_ldg8_nn_v1,10863262816,10863519648,256832,0,11812576,0,cudaLaunchKernel_v7000,12960
2,15,/up_proj_15/MatMul,10852088544,10852109536,20992,10137,h16816,trt_ampere_h16816gemm_128x64_ldg8_nn_v1,10864418944,10864684672,265728,0,12575136,0,cudaLaunchKernel_v7000,13056
2,16,/up_proj_16/MatMul,10852459936,10852481408,21472,10162,h16816,trt_ampere_h16816gemm_128x64_ldg8_nn_v1,10865595168,10865859328,264160,0,13377920,0,cudaLaunchKernel_v7000,13184
2,17,/up_proj_17/MatMul,10852870176,10852900544,30368,10187,h16816,trt_ampere_h16816gemm_128x64_ldg8_nn_v1,10866752832,10867016256,263424,0,14115712,0,cudaLaunchKernel_v7000,21568
2,18,/up_proj_18/MatMul,10853287616,10853314432,26816,10212,h16816,trt_ampere_h16816gemm_128x64_ldg8_nn_v1,10867908960,10868187488,278528,0,14873056,0,cudaLaunchKernel_v7000,18752
2,19,/up_proj_19/MatMul,10853684576,10853706752,22176,10237,h16816,trt_ampere_h16816gemm_128x64_ldg8_nn_v1,10869079488,10869338688,259200,0,15631936,0,cudaLaunchKernel_v7000,13184
2,20,/up_proj_20/MatMul,10854066976,10854088416,21440,10262,h16816,trt_ampere_h16816gemm_128x64_ldg8_nn_v1,10870231392,10870482656,251264,0,16394240,0,cudaLaunchKernel_v7000,12864
2,21,/up_proj_21/MatMul,10854473216,10854495456,22240,10287,h16816,trt_ampere_h16816gemm_128x64_ldg8_nn_v1,10871395392,10871667840,272448,0,17172384,0,cudaLaunchKernel_v7000,13568
2,22,/up_proj_22/MatMul,10854869504,10854891776,22272,10312,h16816,trt_ampere_h16816gemm_128x64_ldg8_nn_v1,10872579168,10872849920,270752,0,17958144,0,cudaLaunchKernel_v7000,13312
2,23,/up_proj_23/MatMul,10855248448,10855274912,26464,10337,h16816,trt_ampere_h16816gemm_128x64_ldg8_nn_v1,10873768352,10874037760,269408,0,18762848,0,cudaLaunchKernel_v7000,18688
2,24,/up_proj_24/MatMul,10855679616,10855701472,21856,10362,h16816,trt_ampere_h16816gemm_128x64_ldg8_nn_v1,10874963136,10875232320,269184,0,19530848,0,cudaLaunchKernel_v7000,13024
2,25,/up_proj_25/MatMul,10856096800,10856118624,21824,10387,h16816,trt_ampere_h16816gemm_128x64_ldg8_nn_v1,10876156608,10876423168,266560,0,20304544,0,cudaLaunchKernel_v7000,12768
2,26,/up_proj_26/MatMul,10856488096,10856512288,24192,10412,h16816,trt_ampere_h16816gemm_128x64_ldg8_nn_v1,10877338144,10877600896,262752,0,21088608,0,cudaLaunchKernel_v7000,15040
2,27,/up_proj_27/MatMul,10856898720,10856920704,21984,10441,h16816,trt_ampere_h16816gemm_128x64_ldg8_nn_v1,10878817632,10879076224,258592,0,22155520,0,cudaLaunchKernel_v7000,14592
3,0,/up_proj/MatMul,10900425120,10900452192,27072,11142,h16816,trt_ampere_h16816gemm_128x64_ldg8_nn_v1,10900679744,10900810336,130592,0,358144,0,cudaLaunchKernel_v7000,15136
3,1,/up_proj_1/MatMul,10900895456,10900929216,33760,11172,h16816,trt_ampere_h16816gemm_256x64_ldg8_tn_v1,10901301440,10901412320,110880,0,483104,0,cudaLaunchKernel_v7000,14496
3,2,/up_proj_2/MatMul,10901300192,10901333728,33536,11197,h16816,trt_ampere_h16816gemm_256x64_ldg8_tn_v1,10901920992,10902035520,114528,0,701792,0,cudaLaunchKernel_v7000,20320
3,3,/up_proj_3/MatMul,10901729248,10901768672,39424,11222,h16816,trt_ampere_h16816gemm_128x64_ldg8_nn_v1,10902499680,10902644256,144576,0,875584,0,cudaLaunchKernel_v7000,29888
3,4,/up_proj_4/MatMul,10902161632,10902184000,22368,11247,h16816,trt_ampere_h16816gemm_128x64_ldg8_nn_v1,10903106816,10903242848,136032,0,1058848,0,cudaLaunchKernel_v7000,13344
3,5,/up_proj_5/MatMul,10902536096,10902557760,21664,11272,h16816,trt_ampere_h16816gemm_128x64_ldg8_nn_v1,10903701760,10903845056,143296,0,1287296,0,cudaLaunchKernel_v7000,13024
3,6,/up_proj_6/MatMul,10902890976,10902916320,25344,11297,h16816,trt_ampere_h16816gemm_128x64_ldg8_nn_v1,10904312768,10904433856,121088,0,1517536,0,cudaLaunchKernel_v7000,16512
3,7,/up_proj_7/MatMul,10903453536,10903491456,37920,11322,h16816,trt_ampere_h16816gemm_128x64_ldg8_nn_v1,10904898976,10905032032,133056,0,1540576,0,cudaLaunchKernel_v7000,27264
3,8,/up_proj_8/MatMul,10903844576,10903866112,21536,11348,h16816,trt_ampere_h16816gemm_128x64_ldg8_nn_v1,10905535328,10905669024,133696,0,1802912,0,cudaLaunchKernel_v7000,13184
3,9,/up_proj_9/MatMul,10904227104,10904247872,20768,11373,h16816,trt_ampere_h16816gemm_128x64_ldg8_nn_v1,10906144000,10906278624,134624,0,2030752,0,cudaLaunchKernel_v7000,12896
3,10,/up_proj_10/MatMul,10904578688,10904600384,21696,11398,h16816,trt_ampere_h16816gemm_128x64_ldg8_nn_v1,10906759872,10906895936,136064,0,2295552,0,cudaLaunchKernel_v7000,12896
3,11,/up_proj_11/MatMul,10904944512,10904965216,20704,11423,h16816,trt_ampere_h16816gemm_128x64_ldg8_nn_v1,10907369664,10907502016,132352,0,2536800,0,cudaLaunchKernel_v7000,12832
3,12,/up_proj_12/MatMul,10905324640,10905345024,20384,11448,h16816,trt_ampere_h16816gemm_128x64_ldg8_nn_v1,10907968128,10908102304,134176,0,2757280,0,cudaLaunchKernel_v7000,12576
3,13,/up_proj_13/MatMul,10905675200,10905694496,19296,11473,h16816,trt_ampere_h16816gemm_128x64_ldg8_nn_v1,10908564480,10908693824,129344,0,2999328,0,cudaLaunchKernel_v7000,12800
3,14,/up_proj_14/MatMul,10906011616,10906031968,20352,11499,h16816,trt_ampere_h16816gemm_128x64_ldg8_nn_v1,10909182560,10909311872,129312,0,3279904,0,cudaLaunchKernel_v7000,12864
3,15,/up_proj_15/MatMul,10906377056,10906400032,22976,11524,h16816,trt_ampere_h16816gemm_128x64_ldg8_nn_v1,10909777152,10909918880,141728,0,3518848,0,cudaLaunchKernel_v7000,15776
3,16,/up_proj_16/MatMul,10906740896,10906765440,24544,11549,h16816,trt_ampere_h16816gemm_128x64_ldg8_nn_v1,10910379104,10910525792,146688,0,3760352,0,cudaLaunchKernel_v7000,16864
3,17,/up_proj_17/MatMul,10907112032,10907132768,20736,11574,h16816,trt_ampere_h16816gemm_128x64_ldg8_nn_v1,10910979680,10911127840,148160,0,3995072,0,cudaLaunchKernel_v7000,12896
3,18,/up_proj_18/MatMul,10907506880,10907529120,22240,11599,h16816,trt_ampere_h16816gemm_128x64_ldg8_nn_v1,10911599808,10911742496,142688,0,4213376,0,cudaLaunchKernel_v7000,13312
3,19,/up_proj_19/MatMul,10907942240,10907963360,21120,11624,h16816,trt_ampere_h16816gemm_128x64_ldg8_nn_v1,10912198144,10912330880,132736,0,4367520,0,cudaLaunchKernel_v7000,13280
3,20,/up_proj_20/MatMul,10908318240,10908339872,21632,11649,h16816,trt_ampere_h16816gemm_128x64_ldg8_nn_v1,10912794912,10912918368,123456,0,4578496,0,cudaLaunchKernel_v7000,13408
3,21,/up_proj_21/MatMul,10908697952,10908718624,20672,11674,h16816,trt_ampere_h16816gemm_128x64_ldg8_nn_v1,10913382208,10913515808,133600,0,4797184,0,cudaLaunchKernel_v7000,12896
3,22,/up_proj_22/MatMul,10909047456,10909068960,21504,11699,h16816,trt_ampere_h16816gemm_128x64_ldg8_nn_v1,10913979200,10914111424,132224,0,5042464,0,cudaLaunchKernel_v7000,13632
3,23,/up_proj_23/MatMul,10909445888,10909467616,21728,11724,h16816,trt_ampere_h16816gemm_128x64_ldg8_nn_v1,10914588896,10914721248,132352,0,5253632,0,cudaLaunchKernel_v7000,12736
3,24,/up_proj_24/MatMul,10909816288,10909837344,21056,11749,h16816,trt_ampere_h16816gemm_128x64_ldg8_nn_v1,10915188640,10915324672,136032,0,5487328,0,cudaLaunchKernel_v7000,12768
3,25,/up_proj_25/MatMul,10910188800,10910208896,20096,11774,h16816,trt_ampere_h16816gemm_128x64_ldg8_nn_v1,10915805600,10915940704,135104,0,5731808,0,cudaLaunchKernel_v7000,12992
3,26,/up_proj_26/MatMul,10910553856,10910575616,21760,11799,h16816,trt_ampere_h16816gemm_128x64_ldg8_nn_v1,10916408640,10916543840,135200,0,5968224,0,cudaLaunchKernel_v7000,14208
3,27,/up_proj_27/MatMul,10910969472,10910998176,28704,11828,h16816,trt_ampere_h16816gemm_128x64_ldg8_nn_v1,10917164288,10917295648,131360,0,6297472,0,cudaLaunchKernel_v7000,21312
4,0,/up_proj/MatMul,10940394016,10940457344,63328,12541,sm80_xmma_gemm,sm80_xmma_gemm_f16f16_f16f16_f16_tn_n_tilesize32x32x64_stage6_warpsize2x2x1_tensor16x8x16_execute_kernel_trt,10940456128,10940571040,114912,1216,113696,0,cuLaunchKernelEx,22336
4,1,/up_proj_1/MatMul,10941804608,10941874464,69856,12587,sm80_xmma_gemm,sm80_xmma_gemm_f16f16_f16f16_f16_tn_n_tilesize32x32x64_stage6_warpsize2x2x1_tensor16x8x16_execute_kernel_trt,10941872416,10941984576,112160,2048,110112,0,cuLaunchKernelEx,24896
4,2,/up_proj_2/MatMul,10942815264,10942888832,73568,12621,sm80_xmma_gemm,sm80_xmma_gemm_f16f16_f16f16_f16_tn_n_tilesize32x32x64_stage6_warpsize2x2x1_tensor16x8x16_execute_kernel_trt,10942887008,10942999456,112448,1824,110624,0,cuLaunchKernelEx,23776
4,3,/up_proj_3/MatMul,10944372864,10944435776,62912,12663,sm80_xmma_gemm,sm80_xmma_gemm_f16f16_f16f16_f16_tn_n_tilesize32x32x64_stage6_warpsize2x2x1_tensor16x8x16_execute_kernel_trt,10944435072,10944546656,111584,704,110880,0,cuLaunchKernelEx,20736
4,4,/up_proj_4/MatMul,10945782848,10945851744,68896,12705,sm80_xmma_gemm,sm80_xmma_gemm_f16f16_f16f16_f16_tn_n_tilesize32x32x64_stage6_warpsize2x2x1_tensor16x8x16_execute_kernel_trt,10945850592,10945960640,110048,1152,108896,0,cuLaunchKernelEx,20512
4,5,/up_proj_5/MatMul,10947192480,10947257792,65312,12747,sm80_xmma_gemm,sm80_xmma_gemm_f16f16_f16f16_f16_tn_n_tilesize32x32x64_stage6_warpsize2x2x1_tensor16x8x16_execute_kernel_trt,10947255904,10947367424,111520,1888,109632,0,cuLaunchKernelEx,22496
4,6,/up_proj_6/MatMul,10948668352,10948734272,65920,12789,sm80_xmma_gemm,sm80_xmma_gemm_f16f16_f16f16_f16_tn_n_tilesize32x32x64_stage6_warpsize2x2x1_tensor16x8x16_execute_kernel_trt,10948732192,10948844128,111936,2080,109856,0,cuLaunchKernelEx,23264
4,7,/up_proj_7/MatMul,10950048128,10950118016,69888,12831,sm80_xmma_gemm,sm80_xmma_gemm_f16f16_f16f16_f16_tn_n_tilesize32x32x64_stage6_warpsize2x2x1_tensor16x8x16_execute_kernel_trt,10950117504,10950232000,114496,512,113984,0,cuLaunchKernelEx,21216
4,8,/up_proj_8/MatMul,10951490624,10951571904,81280,12873,sm80_xmma_gemm,sm80_xmma_gemm_f16f16_f16f32_f32_tn_n_tilesize32x32x64_stage6_warpsize2x2x1_tensor16x8x16_execute_kernel_trt,10951569056,10951683968,114912,2848,112064,0,cuLaunchKernelEx,29024
4,9,/up_proj_9/MatMul,10952947744,10953018528,70784,12915,sm80_xmma_gemm,sm80_xmma_gemm_f16f16_f16f16_f16_tn_n_tilesize32x32x64_stage6_warpsize2x2x1_tensor16x8x16_execute_kernel_trt,10953020160,10953244928,224768,0,226400,0,cuLaunchKernelEx,23552
4,10,/up_proj_10/MatMul,10954366048,10954434560,68512,12957,sm80_xmma_gemm,sm80_xmma_gemm_f16f16_f16f16_f16_tn_n_tilesize32x32x64_stage6_warpsize2x2x1_tensor16x8x16_execute_kernel_trt,10954448832,10954690912,242080,0,256352,0,cuLaunchKernelEx,25568
4,11,/up_proj_11/MatMul,10955829216,10955898432,69216,12999,sm80_xmma_gemm,sm80_xmma_gemm_f16f16_f16f16_f16_tn_n_tilesize32x32x64_stage6_warpsize2x2x1_tensor16x8x16_execute_kernel_trt,10955913472,10956158432,244960,0,260000,0,cuLaunchKernelEx,24896
4,12,/up_proj_12/MatMul,10957260576,10957328384,67808,13041,sm80_xmma_gemm,sm80_xmma_gemm_f16f16_f16f16_f16_tn_n_tilesize32x32x64_stage6_warpsize2x2x1_tensor16x8x16_execute_kernel_trt,10957346720,10957590240,243520,0,261856,0,cuLaunchKernelEx,25376
4,13,/up_proj_13/MatMul,10958685696,10958760480,74784,13083,sm80_xmma_gemm,sm80_xmma_gemm_f16f16_f16f16_f16_tn_n_tilesize32x32x64_stage6_warpsize2x2x1_tensor16x8x16_execute_kernel_trt,10958766720,10959010496,243776,0,250016,0,cuLaunchKernelEx,25024
4,14,/up_proj_14/MatMul,10960116128,10960187648,71520,13125,sm80_xmma_gemm,sm80_xmma_gemm_f16f16_f16f32_f32_tn_n_tilesize32x32x64_stage6_warpsize2x2x1_tensor16x8x16_execute_kernel_trt,10960302624,10960545216,242592,0,357568,0,cuLaunchKernelEx,25984
4,15,/up_proj_15/MatMul,10961487776,10961557664,69888,13167,sm80_xmma_gemm,sm80_xmma_gemm_f16f16_f16f16_f16_tn_n_tilesize32x32x64_stage6_warpsize2x2x1_tensor16x8x16_execute_kernel_trt,10961574144,10961816352,242208,0,258688,0,cuLaunchKernelEx,26048
4,16,/up_proj_16/MatMul,10962863872,10962929120,65248,13209,sm80_xmma_gemm,sm80_xmma_gemm_f16f16_f16f16_f16_tn_n_tilesize32x32x64_stage6_warpsize2x2x1_tensor16x8x16_execute_kernel_trt,10962947424,10963190336,242912,0,261216,0,cuLaunchKernelEx,23584
4,17,/up_proj_17/MatMul,10964357152,10964434560,77408,13251,sm80_xmma_gemm,sm80_xmma_gemm_f16f16_f16f16_f16_tn_n_tilesize32x32x64_stage6_warpsize2x2x1_tensor16x8x16_execute_kernel_trt,10964438144,10964678400,240256,0,243840,0,cuLaunchKernelEx,24352
4,18,/up_proj_18/MatMul,10965761664,10965833824,72160,13293,sm80_xmma_gemm,sm80_xmma_gemm_f16f16_f16f16_f16_tn_n_tilesize32x32x64_stage6_warpsize2x2x1_tensor16x8x16_execute_kernel_trt,10965844352,10966088544,244192,0,254720,0,cuLaunchKernelEx,25280
4,19,/up_proj_19/MatMul,10967160864,10967226432,65568,13335,sm80_xmma_gemm,sm80_xmma_gemm_f16f16_f16f16_f16_tn_n_tilesize32x32x64_stage6_warpsize2x2x1_tensor16x8x16_execute_kernel_trt,10967239616,10967478112,238496,0,251680,0,cuLaunchKernelEx,24064
4,20,/up_proj_20/MatMul,10968600480,10968667296,66816,13377,sm80_xmma_gemm,sm80_xmma_gemm_f16f16_f16f16_f16_tn_n_tilesize32x32x64_stage6_warpsize2x2x1_tensor16x8x16_execute_kernel_trt,10968681600,10968922976,241376,0,255680,0,cuLaunchKernelEx,23680
4,21,/up_proj_21/MatMul,10970029664,10970105600,75936,13419,sm80_xmma_gemm,sm80_xmma_gemm_f16f16_f16f16_f16_tn_n_tilesize32x32x64_stage6_warpsize2x2x1_tensor16x8x16_execute_kernel_trt,10970112352,10970352512,240160,0,246912,0,cuLaunchKernelEx,24384
4,22,/up_proj_22/MatMul,10971491072,10971561696,70624,13461,sm80_xmma_gemm,sm80_xmma_gemm_f16f16_f16f16_f16_tn_n_tilesize32x32x64_stage6_warpsize2x2x1_tensor16x8x16_execute_kernel_trt,10971573344,10971817376,244032,0,255680,0,cuLaunchKernelEx,26304
4,23,/up_proj_23/MatMul,10972878496,10972946048,67552,13503,sm80_xmma_gemm,sm80_xmma_gemm_f16f16_f16f16_f16_tn_n_tilesize32x32x64_stage6_warpsize2x2x1_tensor16x8x16_execute_kernel_trt,10972961024,10973201344,240320,0,255296,0,cuLaunchKernelEx,25024
4,24,/up_proj_24/MatMul,10974314208,10974387392,73184,13545,sm80_xmma_gemm,sm80_xmma_gemm_f16f16_f16f16_f16_tn_n_tilesize32x32x64_stage6_warpsize2x2x1_tensor16x8x16_execute_kernel_trt,10974398144,10974645024,246880,0,257632,0,cuLaunchKernelEx,25792
4,25,/up_proj_25/MatMul,10975744640,10975814368,69728,13587,sm80_xmma_gemm,sm80_xmma_gemm_f16f16_f16f16_f16_tn_n_tilesize32x32x64_stage6_warpsize2x2x1_tensor16x8x16_execute_kernel_trt,10975828704,10976070912,242208,0,256544,0,cuLaunchKernelEx,25632
4,26,/up_proj_26/MatMul,10977157920,10977229088,71168,13629,sm80_xmma_gemm,sm80_xmma_gemm_f16f16_f16f16_f16_tn_n_tilesize32x32x64_stage6_warpsize2x2x1_tensor16x8x16_execute_kernel_trt,10977236512,10977480192,243680,0,251104,0,cuLaunchKernelEx,22368
4,27,/up_proj_27/MatMul,10978552608,10978623520,70912,13671,sm80_xmma_gemm,sm80_xmma_gemm_f16f16_f16f32_f32_tn_n_tilesize32x32x64_stage6_warpsize2x2x1_tensor16x8x16_execute_kernel_trt,10978739168,10978976960,237792,0,353440,0,cuLaunchKernelEx,26016
5,0,/up_proj/MatMul,11004430304,11004478144,47840,14373,sm80_xmma_gemm,sm80_xmma_gemm_f16f16_f16f16_f16_tn_n_tilesize32x32x64_stage6_warpsize2x2x1_tensor16x8x16_execute_kernel_trt,11005144480,11005390592,246112,0,912448,0,cuLaunchKernelEx,14464
5,1,/up_proj_1/MatMul,11004992448,11005039552,47104,14406,sm80_xmma_gemm,sm80_xmma_gemm_f16f16_f16f16_f16_tn_n_tilesize32x32x64_stage6_warpsize2x2x1_tensor16x8x16_execute_kernel_trt,11006428352,11006667840,239488,0,1628288,0,cuLaunchKernelEx,17280
5,2,/up_proj_2/MatMul,11005482592,11005526112,43520,14433,sm80_xmma_gemm,sm80_xmma_gemm_f16f16_f16f16_f16_tn_n_tilesize32x32x64_stage6_warpsize2x2x1_tensor16x8x16_execute_kernel_trt,11007784352,11008024704,240352,0,2498592,0,cuLaunchKernelEx,13472
5,3,/up_proj_3/MatMul,11005982240,11006024224,41984,14462,sm80_xmma_gemm,sm80_xmma_gemm_f16f16_f16f16_f16_tn_n_tilesize32x32x64_stage6_warpsize2x2x1_tensor16x8x16_execute_kernel_trt,11008998496,11009243232,244736,0,3219008,0,cuLaunchKernelEx,13152
5,4,/up_proj_4/MatMul,11006493440,11006547104,53664,14491,sm80_xmma_gemm,sm80_xmma_gemm_f16f16_f16f16_f16_tn_n_tilesize32x32x64_stage6_warpsize2x2x1_tensor16x8x16_execute_kernel_trt,11010216000,11010458080,242080,0,3910976,0,cuLaunchKernelEx,23360
5,5,/up_proj_5/MatMul,11007004640,11007046304,41664,14520,sm80_xmma_gemm,sm80_xmma_gemm_f16f16_f16f16_f16_tn_n_tilesize32x32x64_stage6_warpsize2x2x1_tensor16x8x16_execute_kernel_trt,11011428128,11011666240,238112,0,4619936,0,cuLaunchKernelEx,12704
5,6,/up_proj_6/MatMul,11007578784,11007619424,40640,14549,sm80_xmma_gemm,sm80_xmma_gemm_f16f16_f16f16_f16_tn_n_tilesize32x32x64_stage6_warpsize2x2x1_tensor16x8x16_execute_kernel_trt,11012626048,11012865184,239136,0,5245760,0,cuLaunchKernelEx,13152
5,7,/up_proj_7/MatMul,11008048256,11008088416,40160,14578,sm80_xmma_gemm,sm80_xmma_gemm_f16f16_f16f16_f16_tn_n_tilesize32x32x64_stage6_warpsize2x2x1_tensor16x8x16_execute_kernel_trt,11013852352,11014095552,243200,0,6007136,0,cuLaunchKernelEx,13024
5,8,/up_proj_8/MatMul,11008525472,11008570496,45024,14606,sm80_xmma_gemm,sm80_xmma_gemm_f16f16_f16f32_f32_tn_n_tilesize32x32x64_stage6_warpsize2x2x1_tensor16x8x16_execute_kernel_trt,11015166304,11015409088,242784,0,6838592,0,cuLaunchKernelEx,16512
5,9,/up_proj_9/MatMul,11009019072,11009059008,39936,14635,sm80_xmma_gemm,sm80_xmma_gemm_f16f16_f16f16_f16_tn_n_tilesize32x32x64_stage6_warpsize2x2x1_tensor16x8x16_execute_kernel_trt,11016380384,11016620000,239616,0,7560992,0,cuLaunchKernelEx,12544
5,10,/up_proj_10/MatMul,11009520640,11009561792,41152,14664,sm80_xmma_gemm,sm80_xmma_gemm_f16f16_f16f16_f16_tn_n_tilesize32x32x64_stage6_warpsize2x2x1_tensor16x8x16_execute_kernel_trt,11017593248,11017833824,240576,0,8272032,0,cuLaunchKernelEx,13696
5,11,/up_proj_11/MatMul,11010024256,11010076992,52736,14693,sm80_xmma_gemm,sm80_xmma_gemm_f16f16_f16f16_f16_tn_n_tilesize32x32x64_stage6_warpsize2x2x1_tensor16x8x16_execute_kernel_trt,11018804800,11019048960,244160,0,8971968,0,cuLaunchKernelEx,23008
5,12,/up_proj_12/MatMul,11010581696,11010626240,44544,14722,sm80_xmma_gemm,sm80_xmma_gemm_f16f16_f16f16_f16_tn_n_tilesize32x32x64_stage6_warpsize2x2x1_tensor16x8x16_execute_kernel_trt,11020009152,11020254208,245056,0,9627968,0,cuLaunchKernelEx,16576
5,13,/up_proj_13/MatMul,11011125376,11011166784,41408,14751,sm80_xmma_gemm,sm80_xmma_gemm_f16f16_f16f16_f16_tn_n_tilesize32x32x64_stage6_warpsize2x2x1_tensor16x8x16_execute_kernel_trt,11021223136,11021464640,241504,0,10297856,0,cuLaunchKernelEx,12896
5,14,/up_proj_14/MatMul,11011679456,11011724128,44672,14779,sm80_xmma_gemm,sm80_xmma_gemm_f16f16_f16f32_f32_tn_n_tilesize32x32x64_stage6_warpsize2x2x1_tensor16x8x16_execute_kernel_trt,11022510688,11022756096,245408,0,11031968,0,cuLaunchKernelEx,16768
5,15,/up_proj_15/MatMul,11012189984,11012235520,45536,14808,sm80_xmma_gemm,sm80_xmma_gemm_f16f16_f16f16_f16_tn_n_tilesize32x32x64_stage6_warpsize2x2x1_tensor16x8x16_execute_kernel_trt,11023720896,11023966048,245152,0,11730528,0,cuLaunchKernelEx,16512
5,16,/up_proj_16/MatMul,11012687552,11012732320,44768,14837,sm80_xmma_gemm,sm80_xmma_gemm_f16f16_f16f16_f16_tn_n_tilesize32x32x64_stage6_warpsize2x2x1_tensor16x8x16_execute_kernel_trt,11024933600,11025182016,248416,0,12449696,0,cuLaunchKernelEx,15840
5,17,/up_proj_17/MatMul,11013197792,11013239648,41856,14866,sm80_xmma_gemm,sm80_xmma_gemm_f16f16_f16f16_f16_tn_n_tilesize32x32x64_stage6_warpsize2x2x1_tensor16x8x16_execute_kernel_trt,11026143136,11026382656,239520,0,13143008,0,cuLaunchKernelEx,12576
5,18,/up_proj_18/MatMul,11013720800,11013767872,47072,14895,sm80_xmma_gemm,sm80_xmma_gemm_f16f16_f16f16_f16_tn_n_tilesize32x32x64_stage6_warpsize2x2x1_tensor16x8x16_execute_kernel_trt,11027347520,11027594240,246720,0,13826368,0,cuLaunchKernelEx,19008
5,19,/up_proj_19/MatMul,11014231872,11014272544,40672,14924,sm80_xmma_gemm,sm80_xmma_gemm_f16f16_f16f16_f16_tn_n_tilesize32x32x64_stage6_warpsize2x2x1_tensor16x8x16_execute_kernel_trt,11028574144,11028819712,245568,0,14547168,0,cuLaunchKernelEx,12512
5,20,/up_proj_20/MatMul,11014733024,11014774816,41792,14953,sm80_xmma_gemm,sm80_xmma_gemm_f16f16_f16f16_f16_tn_n_tilesize32x32x64_stage6_warpsize2x2x1_tensor16x8x16_execute_kernel_trt,11029791712,11030026272,234560,0,15251456,0,cuLaunchKernelEx,13568
5,21,/up_proj_21/MatMul,11015227712,11015273920,46208,14982,sm80_xmma_gemm,sm80_xmma_gemm_f16f16_f16f16_f16_tn_n_tilesize32x32x64_stage6_warpsize2x2x1_tensor16x8x16_execute_kernel_trt,11030992736,11031234144,241408,0,15960224,0,cuLaunchKernelEx,18880
5,22,/up_proj_22/MatMul,11015841184,11015884192,43008,15011,sm80_xmma_gemm,sm80_xmma_gemm_f16f16_f16f16_f16_tn_n_tilesize32x32x64_stage6_warpsize2x2x1_tensor16x8x16_execute_kernel_trt,11032216256,11032460320,244064,0,16576128,0,cuLaunchKernelEx,13440
5,23,/up_proj_23/MatMul,11016348224,11016392928,44704,15040,sm80_xmma_gemm,sm80_xmma_gemm_f16f16_f16f16_f16_tn_n_tilesize32x32x64_stage6_warpsize2x2x1_tensor16x8x16_execute_kernel_trt,11033423136,11033663936,240800,0,17271008,0,cuLaunchKernelEx,16832
5,24,/up_proj_24/MatMul,11016843072,11016887968,44896,15069,sm80_xmma_gemm,sm80_xmma_gemm_f16f16_f16f16_f16_tn_n_tilesize32x32x64_stage6_warpsize2x2x1_tensor16x8x16_execute_kernel_trt,11034630688,11034874272,243584,0,17986304,0,cuLaunchKernelEx,16320
5,25,/up_proj_25/MatMul,11017347680,11017385536,37856,15098,sm80_xmma_gemm,sm80_xmma_gemm_f16f16_f16f16_f16_tn_n_tilesize32x32x64_stage6_warpsize2x2x1_tensor16x8x16_execute_kernel_trt,11035846816,11036088928,242112,0,18703392,0,cuLaunchKernelEx,12288
5,26,/up_proj_26/MatMul,11017851136,11017902176,51040,15127,sm80_xmma_gemm,sm80_xmma_gemm_f16f16_f16f16_f16_tn_n_tilesize32x32x64_stage6_warpsize2x2x1_tensor16x8x16_execute_kernel_trt,11037059616,11037303648,244032,0,19401472,0,cuLaunchKernelEx,23072
5,27,/up_proj_27/MatMul,11018367616,11018420160,52544,15155,sm80_xmma_gemm,sm80_xmma_gemm_f16f16_f16f32_f32_tn_n_tilesize32x32x64_stage6_warpsize2x2x1_tensor16x8x16_execute_kernel_trt,11038335264,11038578464,243200,0,20158304,0,cuLaunchKernelEx,23840
6,0,/up_proj/MatMul,11063019680,11063069952,50272,15851,sm80_xmma_gemm,sm80_xmma_gemm_f16f16_f16f16_f16_tn_n_tilesize32x32x64_stage6_warpsize2x2x1_tensor16x8x16_execute_kernel_trt,11063174656,11063289440,114784,0,219488,0,cuLaunchKernelEx,17088
6,1,/up_proj_1/MatMul,11063646816,11063692288,45472,15884,sm80_xmma_gemm,sm80_xmma_gemm_f16f16_f16f16_f16_tn_n_tilesize32x32x64_stage6_warpsize2x2x1_tensor16x8x16_execute_kernel_trt,11063796800,11063910816,114016,0,218528,0,cuLaunchKernelEx,14752
6,2,/up_proj_2/MatMul,11064157024,11064199872,42848,15911,sm80_xmma_gemm,sm80_xmma_gemm_f16f16_f16f16_f16_tn_n_tilesize32x32x64_stage6_warpsize2x2x1_tensor16x8x16_execute_kernel_trt,11064477024,11064590336,113312,0,390464,0,cuLaunchKernelEx,13600
6,3,/up_proj_3/MatMul,11064670304,11064712320,42016,15940,sm80_xmma_gemm,sm80_xmma_gemm_f16f16_f16f16_f16_tn_n_tilesize32x32x64_stage6_warpsize2x2x1_tensor16x8x16_execute_kernel_trt,11065095424,11065209664,114240,0,497344,0,cuLaunchKernelEx,12736
6,4,/up_proj_4/MatMul,11065155616,11065196800,41184,15969,sm80_xmma_gemm,sm80_xmma_gemm_f16f16_f16f16_f16_tn_n_tilesize32x32x64_stage6_warpsize2x2x1_tensor16x8x16_execute_kernel_trt,11065710112,11065823008,112896,0,626208,0,cuLaunchKernelEx,13024
6,5,/up_proj_5/MatMul,11065657504,11065699744,42240,15998,sm80_xmma_gemm,sm80_xmma_gemm_f16f16_f16f16_f16_tn_n_tilesize32x32x64_stage6_warpsize2x2x1_tensor16x8x16_execute_kernel_trt,11066338272,11066452416,114144,0,752672,0,cuLaunchKernelEx,12992
6,6,/up_proj_6/MatMul,11066145760,11066186912,41152,16027,sm80_xmma_gemm,sm80_xmma_gemm_f16f16_f16f16_f16_tn_n_tilesize32x32x64_stage6_warpsize2x2x1_tensor16x8x16_execute_kernel_trt,11066950944,11067063232,112288,0,876320,0,cuLaunchKernelEx,13440
6,7,/up_proj_7/MatMul,11066621984,11066663968,41984,16056,sm80_xmma_gemm,sm80_xmma_gemm_f16f16_f16f16_f16_tn_n_tilesize32x32x64_stage6_warpsize2x2x1_tensor16x8x16_execute_kernel_trt,11067568416,11067684928,116512,0,1020960,0,cuLaunchKernelEx,13088
6,8,/up_proj_8/MatMul,11067117760,11067162976,45216,16084,sm80_xmma_gemm,sm80_xmma_gemm_f16f16_f16f32_f32_tn_n_tilesize32x32x64_stage6_warpsize2x2x1_tensor16x8x16_execute_kernel_trt,11068224224,11068338656,114432,0,1175680,0,cuLaunchKernelEx,16576
6,9,/up_proj_9/MatMul,11067720416,11067761664,41248,16113,sm80_xmma_gemm,sm80_xmma_gemm_f16f16_f16f16_f16_tn_n_tilesize32x32x64_stage6_warpsize2x2x1_tensor16x8x16_execute_kernel_trt,11068850304,11068965056,114752,0,1203392,0,cuLaunchKernelEx,13120
6,10,/up_proj_10/MatMul,11068250560,11068292416,41856,16142,sm80_xmma_gemm,sm80_xmma_gemm_f16f16_f16f16_f16_tn_n_tilesize32x32x64_stage6_warpsize2x2x1_tensor16x8x16_execute_kernel_trt,11069467776,11069581600,113824,0,1289184,0,cuLaunchKernelEx,14016
6,11,/up_proj_11/MatMul,11068734752,11068779936,45184,16171,sm80_xmma_gemm,sm80_xmma_gemm_f16f16_f16f16_f16_tn_n_tilesize32x32x64_stage6_warpsize2x2x1_tensor16x8x16_execute_kernel_trt,11070097248,11070210720,113472,0,1430784,0,cuLaunchKernelEx,15904
6,12,/up_proj_12/MatMul,11069226400,11069266144,39744,16200,sm80_xmma_gemm,sm80_xmma_gemm_f16f16_f16f16_f16_tn_n_tilesize32x32x64_stage6_warpsize2x2x1_tensor16x8x16_execute_kernel_trt,11070718144,11070829440,111296,0,1563296,0,cuLaunchKernelEx,13120
6,13,/up_proj_13/MatMul,11069698592,11069744832,46240,16229,sm80_xmma_gemm,sm80_xmma_gemm_f16f16_f16f16_f16_tn_n_tilesize32x32x64_stage6_warpsize2x2x1_tensor16x8x16_execute_kernel_trt,11071340928,11071456672,115744,0,1711840,0,cuLaunchKernelEx,17696
6,14,/up_proj_14/MatMul,11070158848,11070204512,45664,16257,sm80_xmma_gemm,sm80_xmma_gemm_f16f16_f16f32_f32_tn_n_tilesize32x32x64_stage6_warpsize2x2x1_tensor16x8x16_execute_kernel_trt,11072001344,11072114144,112800,0,1909632,0,cuLaunchKernelEx,18336
6,15,/up_proj_15/MatMul,11070673632,11070718880,45248,16286,sm80_xmma_gemm,sm80_xmma_gemm_f16f16_f16f16_f16_tn_n_tilesize32x32x64_stage6_warpsize2x2x1_tensor16x8x16_execute_kernel_trt,11072631712,11072743904,112192,0,2025024,0,cuLaunchKernelEx,12768
6,16,/up_proj_16/MatMul,11071181824,11071227360,45536,16315,sm80_xmma_gemm,sm80_xmma_gemm_f16f16_f16f16_f16_tn_n_tilesize32x32x64_stage6_warpsize2x2x1_tensor16x8x16_execute_kernel_trt,11073256928,11073372992,116064,0,2145632,0,cuLaunchKernelEx,13856
6,17,/up_proj_17/MatMul,11071724480,11071768160,43680,16344,sm80_xmma_gemm,sm80_xmma_gemm_f16f16_f16f16_f16_tn_n_tilesize32x32x64_stage6_warpsize2x2x1_tensor16x8x16_execute_kernel_trt,11073874592,11073988256,113664,0,2220096,0,cuLaunchKernelEx,15936
6,18,/up_proj_18/MatMul,11072212448,11072259808,47360,16373,sm80_xmma_gemm,sm80_xmma_gemm_f16f16_f16f16_f16_tn_n_tilesize32x32x64_stage6_warpsize2x2x1_tensor16x8x16_execute_kernel_trt,11074502752,11074617632,114880,0,2357824,0,cuLaunchKernelEx,19232
6,19,/up_proj_19/MatMul,11072722496,11072762944,40448,16402,sm80_xmma_gemm,sm80_xmma_gemm_f16f16_f16f16_f16_tn_n_tilesize32x32x64_stage6_warpsize2x2x1_tensor16x8x16_execute_kernel_trt,11075128192,11075242656,114464,0,2479712,0,cuLaunchKernelEx,12640
6,20,/up_proj_20/MatMul,11073228864,11073269536,40672,16431,sm80_xmma_gemm,sm80_xmma_gemm_f16f16_f16f16_f16_tn_n_tilesize32x32x64_stage6_warpsize2x2x1_tensor16x8x16_execute_kernel_trt,11075757088,11075869728,112640,0,2600192,0,cuLaunchKernelEx,12800
6,21,/up_proj_21/MatMul,11073722112,11073770784,48672,16460,sm80_xmma_gemm,sm80_xmma_gemm_f16f16_f16f16_f16_tn_n_tilesize32x32x64_stage6_warpsize2x2x1_tensor16x8x16_execute_kernel_trt,11076372192,11076486752,114560,0,2715968,0,cuLaunchKernelEx,20192
6,22,/up_proj_22/MatMul,11074231488,11074276192,44704,16489,sm80_xmma_gemm,sm80_xmma_gemm_f16f16_f16f16_f16_tn_n_tilesize32x32x64_stage6_warpsize2x2x1_tensor16x8x16_execute_kernel_trt,11076993440,11077114528,121088,0,2838336,0,cuLaunchKernelEx,12864
6,23,/up_proj_23/MatMul,11074696672,11074738496,41824,16518,sm80_xmma_gemm,sm80_xmma_gemm_f16f16_f16f16_f16_tn_n_tilesize32x32x64_stage6_warpsize2x2x1_tensor16x8x16_execute_kernel_trt,11077623040,11077736352,113312,0,2997856,0,cuLaunchKernelEx,12992
6,24,/up_proj_24/MatMul,11075194720,11075242144,47424,16547,sm80_xmma_gemm,sm80_xmma_gemm_f16f16_f16f16_f16_tn_n_tilesize32x32x64_stage6_warpsize2x2x1_tensor16x8x16_execute_kernel_trt,11078246336,11078360128,113792,0,3117984,0,cuLaunchKernelEx,18976
6,25,/up_proj_25/MatMul,11075754624,11075794432,39808,16576,sm80_xmma_gemm,sm80_xmma_gemm_f16f16_f16f16_f16_tn_n_tilesize32x32x64_stage6_warpsize2x2x1_tensor16x8x16_execute_kernel_trt,11078870944,11078981856,110912,0,3187424,0,cuLaunchKernelEx,12352
6,26,/up_proj_26/MatMul,11076271680,11076310688,39008,16605,sm80_xmma_gemm,sm80_xmma_gemm_f16f16_f16f16_f16_tn_n_tilesize32x32x64_stage6_warpsize2x2x1_tensor16x8x16_execute_kernel_trt,11079475072,11079589632,114560,0,3278944,0,cuLaunchKernelEx,12992
6,27,/up_proj_27/MatMul,11076737632,11076787744,50112,16633,sm80_xmma_gemm,sm80_xmma_gemm_f16f16_f16f32_f32_tn_n_tilesize32x32x64_stage6_warpsize2x2x1_tensor16x8x16_execute_kernel_trt,11080108896,11080221952,113056,0,3434208,0,cuLaunchKernelEx,21440
7,0,/up_proj/MatMul,11099733952,11099786080,52128,17329,sm80_xmma_gemm,sm80_xmma_gemm_f16f16_f16f16_f16_tn_n_tilesize32x32x64_stage6_warpsize2x2x1_tensor16x8x16_execute_kernel_trt,11099877856,11099993440,115584,0,207360,0,cuLaunchKernelEx,20800
7,1,/up_proj_1/MatMul,11100299616,11100347424,47808,17362,sm80_xmma_gemm,sm80_xmma_gemm_f16f16_f16f16_f16_tn_n_tilesize32x32x64_stage6_warpsize2x2x1_tensor16x8x16_execute_kernel_trt,11100504992,11100619456,114464,0,272032,0,cuLaunchKernelEx,17184
7,2,/up_proj_2/MatMul,11100805696,11100850016,44320,17389,sm80_xmma_gemm,sm80_xmma_gemm_f16f16_f16f16_f16_tn_n_tilesize32x32x64_stage6_warpsize2x2x1_tensor16x8x16_execute_kernel_trt,11101188416,11101301248,112832,0,451232,0,cuLaunchKernelEx,15008
7,3,/up_proj_3/MatMul,11101322144,11101365728,43584,17418,sm80_xmma_gemm,sm80_xmma_gemm_f16f16_f16f16_f16_tn_n_tilesize32x32x64_stage6_warpsize2x2x1_tensor16x8x16_execute_kernel_trt,11101805824,11101916704,110880,0,550976,0,cuLaunchKernelEx,15424
7,4,/up_proj_4/MatMul,11101841696,11101894944,53248,17447,sm80_xmma_gemm,sm80_xmma_gemm_f16f16_f16f16_f16_tn_n_tilesize32x32x64_stage6_warpsize2x2x1_tensor16x8x16_execute_kernel_trt,11102422208,11102534656,112448,0,639712,0,cuLaunchKernelEx,20512
7,5,/up_proj_5/MatMul,11102376416,11102422560,46144,17476,sm80_xmma_gemm,sm80_xmma_gemm_f16f16_f16f16_f16_tn_n_tilesize32x32x64_stage6_warpsize2x2x1_tensor16x8x16_execute_kernel_trt,11103048544,11103162208,113664,0,739648,0,cuLaunchKernelEx,17088
7,6,/up_proj_6/MatMul,11102893632,11102938048,44416,17505,sm80_xmma_gemm,sm80_xmma_gemm_f16f16_f16f16_f16_tn_n_tilesize32x32x64_stage6_warpsize2x2x1_tensor16x8x16_execute_kernel_trt,11103671008,11103782656,111648,0,844608,0,cuLaunchKernelEx,16160
7,7,/up_proj_7/MatMul,11103460288,11103518400,58112,17534,sm80_xmma_gemm,sm80_xmma_gemm_f16f16_f16f16_f16_tn_n_tilesize32x32x64_stage6_warpsize2x2x1_tensor16x8x16_execute_kernel_trt,11104292960,11104406080,113120,0,887680,0,cuLaunchKernelEx,23680
7,8,/up_proj_8/MatMul,11103996192,11104038752,42560,17562,sm80_xmma_gemm,sm80_xmma_gemm_f16f16_f16f32_f32_tn_n_tilesize32x32x64_stage6_warpsize2x2x1_tensor16x8x16_execute_kernel_trt,11104961408,11105073984,112576,0,1035232,0,cuLaunchKernelEx,14176
7,9,/up_proj_9/MatMul,11104472320,11104512448,40128,17591,sm80_xmma_gemm,sm80_xmma_gemm_f16f16_f16f16_f16_tn_n_tilesize32x32x64_stage6_warpsize2x2x1_tensor16x8x16_execute_kernel_trt,11105590944,11105703680,112736,0,1191232,0,cuLaunchKernelEx,13024
7,10,/up_proj_10/MatMul,11104969600,11105012576,42976,17620,sm80_xmma_gemm,sm80_xmma_gemm_f16f16_f16f16_f16_tn_n_tilesize32x32x64_stage6_warpsize2x2x1_tensor16x8x16_execute_kernel_trt,11106208896,11106321664,112768,0,1309088,0,cuLaunchKernelEx,14080
7,11,/up_proj_11/MatMul,11105482720,11105536032,53312,17649,sm80_xmma_gemm,sm80_xmma_gemm_f16f16_f16f16_f16_tn_n_tilesize32x32x64_stage6_warpsize2x2x1_tensor16x8x16_execute_kernel_trt,11106824000,11106938336,114336,0,1402304,0,cuLaunchKernelEx,19744
7,12,/up_proj_12/MatMul,11106010080,11106058688,48608,17678,sm80_xmma_gemm,sm80_xmma_gemm_f16f16_f16f16_f16_tn_n_tilesize32x32x64_stage6_warpsize2x2x1_tensor16x8x16_execute_kernel_trt,11107449120,11107565120,116000,0,1506432,0,cuLaunchKernelEx,20576
7,13,/up_proj_13/MatMul,11106523648,11106564704,41056,17707,sm80_xmma_gemm,sm80_xmma_gemm_f16f16_f16f16_f16_tn_n_tilesize32x32x64_stage6_warpsize2x2x1_tensor16x8x16_execute_kernel_trt,11108075488,11108189664,114176,0,1624960,0,cuLaunchKernelEx,13408
7,14,/up_proj_14/MatMul,11106998752,11107042240,43488,17735,sm80_xmma_gemm,sm80_xmma_gemm_f16f16_f16f32_f32_tn_n_tilesize32x32x64_stage6_warpsize2x2x1_tensor16x8x16_execute_kernel_trt,11108735392,11108850208,114816,0,1807968,0,cuLaunchKernelEx,17120
7,15,/up_proj_15/MatMul,11107551744,11107600320,48576,17764,sm80_xmma_gemm,sm80_xmma_gemm_f16f16_f16f16_f16_tn_n_tilesize32x32x64_stage6_warpsize2x2x1_tensor16x8x16_execute_kernel_trt,11109369600,11109484000,114400,0,1883680,0,cuLaunchKernelEx,18944
7,16,/up_proj_16/MatMul,11108075264,11108117696,42432,17793,sm80_xmma_gemm,sm80_xmma_gemm_f16f16_f16f16_f16_tn_n_tilesize32x32x64_stage6_warpsize2x2x1_tensor16x8x16_execute_kernel_trt,11110000928,11110115424,114496,0,1997728,0,cuLaunchKernelEx,13504
7,17,/up_proj_17/MatMul,11108573024,11108618912,45888,17822,sm80_xmma_gemm,sm80_xmma_gemm_f16f16_f16f16_f16_tn_n_tilesize32x32x64_stage6_warpsize2x2x1_tensor16x8x16_execute_kernel_trt,11110630496,11110742816,112320,0,2123904,0,cuLaunchKernelEx,18176
7,18,/up_proj_18/MatMul,11109053248,11109099872,46624,17851,sm80_xmma_gemm,sm80_xmma_gemm_f16f16_f16f16_f16_tn_n_tilesize32x32x64_stage6_warpsize2x2x1_tensor16x8x16_execute_kernel_trt,11111266400,11111381792,115392,0,2281920,0,cuLaunchKernelEx,18304
7,19,/up_proj_19/MatMul,11109555104,11109600064,44960,17880,sm80_xmma_gemm,sm80_xmma_gemm_f16f16_f16f16_f16_tn_n_tilesize32x32x64_stage6_warpsize2x2x1_tensor16x8x16_execute_kernel_trt,11111881920,11111994912,112992,0,2394848,0,cuLaunchKernelEx,17664
7,20,/up_proj_20/MatMul,11110073024,11110121120,48096,17909,sm80_xmma_gemm,sm80_xmma_gemm_f16f16_f16f16_f16_tn_n_tilesize32x32x64_stage6_warpsize2x2x1_tensor16x8x16_execute_kernel_trt,11112525568,11112693440,167872,0,2572320,0,cuLaunchKernelEx,18368
7,21,/up_proj_21/MatMul,11110605568,11110653632,48064,17938,sm80_xmma_gemm,sm80_xmma_gemm_f16f16_f16f16_f16_tn_n_tilesize32x32x64_stage6_warpsize2x2x1_tensor16x8x16_execute_kernel_trt,11113400896,11113581696,180800,0,2928064,0,cuLaunchKernelEx,18016
7,22,/up_proj_22/MatMul,11111115776,11111156640,40864,17967,sm80_xmma_gemm,sm80_xmma_gemm_f16f16_f16f16_f16_tn_n_tilesize32x32x64_stage6_warpsize2x2x1_tensor16x8x16_execute_kernel_trt,11114355680,11114540096,184416,0,3383456,0,cuLaunchKernelEx,13568
7,23,/up_proj_23/MatMul,11111654112,11111700352,46240,17996,sm80_xmma_gemm,sm80_xmma_gemm_f16f16_f16f16_f16_tn_n_tilesize32x32x64_stage6_warpsize2x2x1_tensor16x8x16_execute_kernel_trt,11115310272,11115491872,181600,0,3791520,0,cuLaunchKernelEx,19008
7,24,/up_proj_24/MatMul,11112160352,11112206080,45728,18025,sm80_xmma_gemm,sm80_xmma_gemm_f16f16_f16f16_f16_tn_n_tilesize32x32x64_stage6_warpsize2x2x1_tensor16x8x16_execute_kernel_trt,11116262816,11116446624,183808,0,4240544,0,cuLaunchKernelEx,15872
7,25,/up_proj_25/MatMul,11112685184,11112735520,50336,18054,sm80_xmma_gemm,sm80_xmma_gemm_f16f16_f16f16_f16_tn_n_tilesize32x32x64_stage6_warpsize2x2x1_tensor16x8x16_execute_kernel_trt,11117220672,11117404896,184224,0,4669376,0,cuLaunchKernelEx,21056
7,26,/up_proj_26/MatMul,11113186880,11113233312,46432,18083,sm80_xmma_gemm,sm80_xmma_gemm_f16f16_f16f16_f16_tn_n_tilesize32x32x64_stage6_warpsize2x2x1_tensor16x8x16_execute_kernel_trt,11118170944,11118354976,184032,0,5121664,0,cuLaunchKernelEx,18560
7,27,/up_proj_27/MatMul,11113677760,11113730880,53120,18111,sm80_xmma_gemm,sm80_xmma_gemm_f16f16_f16f32_f32_tn_n_tilesize32x32x64_stage6_warpsize2x2x1_tensor16x8x16_execute_kernel_trt,11119135360,11119313024,177664,0,5582144,0,cuLaunchKernelEx,24320
