engine,operator,operator_kind,matrix_m,matrix_n,matrix_k,precision,tactic,frequency,layer_indices,mapping_evidence
fp16_prefill,L0:v_proj,LINEAR,UNKNOWN,UNKNOWN,UNKNOWN,FP16_ENGINE_NO_LAYER_TACTIC_DATA,UNKNOWN_NO_DETAILED_INSPECTOR,1,3,ENGINE_INSPECTOR_METADATA
fp16_prefill,L0:gate_proj,LINEAR,UNKNOWN,UNKNOWN,UNKNOWN,FP16_ENGINE_NO_LAYER_TACTIC_DATA,UNKNOWN_NO_DETAILED_INSPECTOR,1,12,ENGINE_INSPECTOR_METADATA
fp16_prefill,L0:up_proj,LINEAR,UNKNOWN,UNKNOWN,UNKNOWN,FP16_ENGINE_NO_LAYER_TACTIC_DATA,UNKNOWN_NO_DETAILED_INSPECTOR,1,14,ENGINE_INSPECTOR_METADATA
fp16_prefill,L1:v_proj,LINEAR,UNKNOWN,UNKNOWN,UNKNOWN,FP16_ENGINE_NO_LAYER_TACTIC_DATA,UNKNOWN_NO_DETAILED_INSPECTOR,1,20,ENGINE_INSPECTOR_METADATA
fp16_prefill,L1:gate_proj,LINEAR,UNKNOWN,UNKNOWN,UNKNOWN,FP16_ENGINE_NO_LAYER_TACTIC_DATA,UNKNOWN_NO_DETAILED_INSPECTOR,1,34,ENGINE_INSPECTOR_METADATA
fp16_prefill,L1:up_proj,LINEAR,UNKNOWN,UNKNOWN,UNKNOWN,FP16_ENGINE_NO_LAYER_TACTIC_DATA,UNKNOWN_NO_DETAILED_INSPECTOR,1,36,ENGINE_INSPECTOR_METADATA
fp16_prefill,L2:v_proj,LINEAR,UNKNOWN,UNKNOWN,UNKNOWN,FP16_ENGINE_NO_LAYER_TACTIC_DATA,UNKNOWN_NO_DETAILED_INSPECTOR,1,42,ENGINE_INSPECTOR_METADATA
fp16_prefill,L2:gate_proj,LINEAR,UNKNOWN,UNKNOWN,UNKNOWN,FP16_ENGINE_NO_LAYER_TACTIC_DATA,UNKNOWN_NO_DETAILED_INSPECTOR,1,56,ENGINE_INSPECTOR_METADATA
fp16_prefill,L2:up_proj,LINEAR,UNKNOWN,UNKNOWN,UNKNOWN,FP16_ENGINE_NO_LAYER_TACTIC_DATA,UNKNOWN_NO_DETAILED_INSPECTOR,1,58,ENGINE_INSPECTOR_METADATA
fp16_prefill,L3:v_proj,LINEAR,UNKNOWN,UNKNOWN,UNKNOWN,FP16_ENGINE_NO_LAYER_TACTIC_DATA,UNKNOWN_NO_DETAILED_INSPECTOR,1,64,ENGINE_INSPECTOR_METADATA
fp16_prefill,L3:gate_proj,LINEAR,UNKNOWN,UNKNOWN,UNKNOWN,FP16_ENGINE_NO_LAYER_TACTIC_DATA,UNKNOWN_NO_DETAILED_INSPECTOR,1,78,ENGINE_INSPECTOR_METADATA
fp16_prefill,L3:up_proj,LINEAR,UNKNOWN,UNKNOWN,UNKNOWN,FP16_ENGINE_NO_LAYER_TACTIC_DATA,UNKNOWN_NO_DETAILED_INSPECTOR,1,80,ENGINE_INSPECTOR_METADATA
fp16_prefill,L4:v_proj,LINEAR,UNKNOWN,UNKNOWN,UNKNOWN,FP16_ENGINE_NO_LAYER_TACTIC_DATA,UNKNOWN_NO_DETAILED_INSPECTOR,1,86,ENGINE_INSPECTOR_METADATA
fp16_prefill,L4:gate_proj,LINEAR,UNKNOWN,UNKNOWN,UNKNOWN,FP16_ENGINE_NO_LAYER_TACTIC_DATA,UNKNOWN_NO_DETAILED_INSPECTOR,1,100,ENGINE_INSPECTOR_METADATA
fp16_prefill,L4:up_proj,LINEAR,UNKNOWN,UNKNOWN,UNKNOWN,FP16_ENGINE_NO_LAYER_TACTIC_DATA,UNKNOWN_NO_DETAILED_INSPECTOR,1,102,ENGINE_INSPECTOR_METADATA
fp16_prefill,L5:v_proj,LINEAR,UNKNOWN,UNKNOWN,UNKNOWN,FP16_ENGINE_NO_LAYER_TACTIC_DATA,UNKNOWN_NO_DETAILED_INSPECTOR,1,108,ENGINE_INSPECTOR_METADATA
fp16_prefill,L5:gate_proj,LINEAR,UNKNOWN,UNKNOWN,UNKNOWN,FP16_ENGINE_NO_LAYER_TACTIC_DATA,UNKNOWN_NO_DETAILED_INSPECTOR,1,122,ENGINE_INSPECTOR_METADATA
fp16_prefill,L5:up_proj,LINEAR,UNKNOWN,UNKNOWN,UNKNOWN,FP16_ENGINE_NO_LAYER_TACTIC_DATA,UNKNOWN_NO_DETAILED_INSPECTOR,1,124,ENGINE_INSPECTOR_METADATA
fp16_prefill,L6:v_proj,LINEAR,UNKNOWN,UNKNOWN,UNKNOWN,FP16_ENGINE_NO_LAYER_TACTIC_DATA,UNKNOWN_NO_DETAILED_INSPECTOR,1,130,ENGINE_INSPECTOR_METADATA
fp16_prefill,L6:gate_proj,LINEAR,UNKNOWN,UNKNOWN,UNKNOWN,FP16_ENGINE_NO_LAYER_TACTIC_DATA,UNKNOWN_NO_DETAILED_INSPECTOR,1,144,ENGINE_INSPECTOR_METADATA
fp16_prefill,L6:up_proj,LINEAR,UNKNOWN,UNKNOWN,UNKNOWN,FP16_ENGINE_NO_LAYER_TACTIC_DATA,UNKNOWN_NO_DETAILED_INSPECTOR,1,146,ENGINE_INSPECTOR_METADATA
fp16_prefill,L7:v_proj,LINEAR,UNKNOWN,UNKNOWN,UNKNOWN,FP16_ENGINE_NO_LAYER_TACTIC_DATA,UNKNOWN_NO_DETAILED_INSPECTOR,1,152,ENGINE_INSPECTOR_METADATA
fp16_prefill,L7:gate_proj,LINEAR,UNKNOWN,UNKNOWN,UNKNOWN,FP16_ENGINE_NO_LAYER_TACTIC_DATA,UNKNOWN_NO_DETAILED_INSPECTOR,1,166,ENGINE_INSPECTOR_METADATA
fp16_prefill,L7:up_proj,LINEAR,UNKNOWN,UNKNOWN,UNKNOWN,FP16_ENGINE_NO_LAYER_TACTIC_DATA,UNKNOWN_NO_DETAILED_INSPECTOR,1,168,ENGINE_INSPECTOR_METADATA
fp16_prefill,L8:v_proj,LINEAR,UNKNOWN,UNKNOWN,UNKNOWN,FP16_ENGINE_NO_LAYER_TACTIC_DATA,UNKNOWN_NO_DETAILED_INSPECTOR,1,174,ENGINE_INSPECTOR_METADATA
fp16_prefill,L8:gate_proj,LINEAR,UNKNOWN,UNKNOWN,UNKNOWN,FP16_ENGINE_NO_LAYER_TACTIC_DATA,UNKNOWN_NO_DETAILED_INSPECTOR,1,188,ENGINE_INSPECTOR_METADATA
fp16_prefill,L8:up_proj,LINEAR,UNKNOWN,UNKNOWN,UNKNOWN,FP16_ENGINE_NO_LAYER_TACTIC_DATA,UNKNOWN_NO_DETAILED_INSPECTOR,1,190,ENGINE_INSPECTOR_METADATA
fp16_prefill,L9:v_proj,LINEAR,UNKNOWN,UNKNOWN,UNKNOWN,FP16_ENGINE_NO_LAYER_TACTIC_DATA,UNKNOWN_NO_DETAILED_INSPECTOR,1,196,ENGINE_INSPECTOR_METADATA
fp16_prefill,L9:gate_proj,LINEAR,UNKNOWN,UNKNOWN,UNKNOWN,FP16_ENGINE_NO_LAYER_TACTIC_DATA,UNKNOWN_NO_DETAILED_INSPECTOR,1,210,ENGINE_INSPECTOR_METADATA
fp16_prefill,L9:up_proj,LINEAR,UNKNOWN,UNKNOWN,UNKNOWN,FP16_ENGINE_NO_LAYER_TACTIC_DATA,UNKNOWN_NO_DETAILED_INSPECTOR,1,212,ENGINE_INSPECTOR_METADATA
fp16_prefill,L10:v_proj,LINEAR,UNKNOWN,UNKNOWN,UNKNOWN,FP16_ENGINE_NO_LAYER_TACTIC_DATA,UNKNOWN_NO_DETAILED_INSPECTOR,1,218,ENGINE_INSPECTOR_METADATA
fp16_prefill,L10:gate_proj,LINEAR,UNKNOWN,UNKNOWN,UNKNOWN,FP16_ENGINE_NO_LAYER_TACTIC_DATA,UNKNOWN_NO_DETAILED_INSPECTOR,1,232,ENGINE_INSPECTOR_METADATA
fp16_prefill,L10:up_proj,LINEAR,UNKNOWN,UNKNOWN,UNKNOWN,FP16_ENGINE_NO_LAYER_TACTIC_DATA,UNKNOWN_NO_DETAILED_INSPECTOR,1,234,ENGINE_INSPECTOR_METADATA
fp16_prefill,L11:v_proj,LINEAR,UNKNOWN,UNKNOWN,UNKNOWN,FP16_ENGINE_NO_LAYER_TACTIC_DATA,UNKNOWN_NO_DETAILED_INSPECTOR,1,240,ENGINE_INSPECTOR_METADATA
fp16_prefill,L11:gate_proj,LINEAR,UNKNOWN,UNKNOWN,UNKNOWN,FP16_ENGINE_NO_LAYER_TACTIC_DATA,UNKNOWN_NO_DETAILED_INSPECTOR,1,254,ENGINE_INSPECTOR_METADATA
fp16_prefill,L11:up_proj,LINEAR,UNKNOWN,UNKNOWN,UNKNOWN,FP16_ENGINE_NO_LAYER_TACTIC_DATA,UNKNOWN_NO_DETAILED_INSPECTOR,1,256,ENGINE_INSPECTOR_METADATA
fp16_prefill,L12:v_proj,LINEAR,UNKNOWN,UNKNOWN,UNKNOWN,FP16_ENGINE_NO_LAYER_TACTIC_DATA,UNKNOWN_NO_DETAILED_INSPECTOR,1,262,ENGINE_INSPECTOR_METADATA
fp16_prefill,L12:gate_proj,LINEAR,UNKNOWN,UNKNOWN,UNKNOWN,FP16_ENGINE_NO_LAYER_TACTIC_DATA,UNKNOWN_NO_DETAILED_INSPECTOR,1,276,ENGINE_INSPECTOR_METADATA
fp16_prefill,L12:up_proj,LINEAR,UNKNOWN,UNKNOWN,UNKNOWN,FP16_ENGINE_NO_LAYER_TACTIC_DATA,UNKNOWN_NO_DETAILED_INSPECTOR,1,278,ENGINE_INSPECTOR_METADATA
fp16_prefill,L13:v_proj,LINEAR,UNKNOWN,UNKNOWN,UNKNOWN,FP16_ENGINE_NO_LAYER_TACTIC_DATA,UNKNOWN_NO_DETAILED_INSPECTOR,1,284,ENGINE_INSPECTOR_METADATA
fp16_prefill,L13:gate_proj,LINEAR,UNKNOWN,UNKNOWN,UNKNOWN,FP16_ENGINE_NO_LAYER_TACTIC_DATA,UNKNOWN_NO_DETAILED_INSPECTOR,1,298,ENGINE_INSPECTOR_METADATA
fp16_prefill,L13:up_proj,LINEAR,UNKNOWN,UNKNOWN,UNKNOWN,FP16_ENGINE_NO_LAYER_TACTIC_DATA,UNKNOWN_NO_DETAILED_INSPECTOR,1,300,ENGINE_INSPECTOR_METADATA
fp16_prefill,L14:v_proj,LINEAR,UNKNOWN,UNKNOWN,UNKNOWN,FP16_ENGINE_NO_LAYER_TACTIC_DATA,UNKNOWN_NO_DETAILED_INSPECTOR,1,306,ENGINE_INSPECTOR_METADATA
fp16_prefill,L14:gate_proj,LINEAR,UNKNOWN,UNKNOWN,UNKNOWN,FP16_ENGINE_NO_LAYER_TACTIC_DATA,UNKNOWN_NO_DETAILED_INSPECTOR,1,320,ENGINE_INSPECTOR_METADATA
fp16_prefill,L14:up_proj,LINEAR,UNKNOWN,UNKNOWN,UNKNOWN,FP16_ENGINE_NO_LAYER_TACTIC_DATA,UNKNOWN_NO_DETAILED_INSPECTOR,1,322,ENGINE_INSPECTOR_METADATA
fp16_prefill,L15:v_proj,LINEAR,UNKNOWN,UNKNOWN,UNKNOWN,FP16_ENGINE_NO_LAYER_TACTIC_DATA,UNKNOWN_NO_DETAILED_INSPECTOR,1,328,ENGINE_INSPECTOR_METADATA
fp16_prefill,L15:gate_proj,LINEAR,UNKNOWN,UNKNOWN,UNKNOWN,FP16_ENGINE_NO_LAYER_TACTIC_DATA,UNKNOWN_NO_DETAILED_INSPECTOR,1,342,ENGINE_INSPECTOR_METADATA
fp16_prefill,L15:up_proj,LINEAR,UNKNOWN,UNKNOWN,UNKNOWN,FP16_ENGINE_NO_LAYER_TACTIC_DATA,UNKNOWN_NO_DETAILED_INSPECTOR,1,344,ENGINE_INSPECTOR_METADATA
fp16_prefill,L16:v_proj,LINEAR,UNKNOWN,UNKNOWN,UNKNOWN,FP16_ENGINE_NO_LAYER_TACTIC_DATA,UNKNOWN_NO_DETAILED_INSPECTOR,1,350,ENGINE_INSPECTOR_METADATA
fp16_prefill,L16:gate_proj,LINEAR,UNKNOWN,UNKNOWN,UNKNOWN,FP16_ENGINE_NO_LAYER_TACTIC_DATA,UNKNOWN_NO_DETAILED_INSPECTOR,1,364,ENGINE_INSPECTOR_METADATA
fp16_prefill,L16:up_proj,LINEAR,UNKNOWN,UNKNOWN,UNKNOWN,FP16_ENGINE_NO_LAYER_TACTIC_DATA,UNKNOWN_NO_DETAILED_INSPECTOR,1,366,ENGINE_INSPECTOR_METADATA
fp16_prefill,L17:v_proj,LINEAR,UNKNOWN,UNKNOWN,UNKNOWN,FP16_ENGINE_NO_LAYER_TACTIC_DATA,UNKNOWN_NO_DETAILED_INSPECTOR,1,372,ENGINE_INSPECTOR_METADATA
fp16_prefill,L17:gate_proj,LINEAR,UNKNOWN,UNKNOWN,UNKNOWN,FP16_ENGINE_NO_LAYER_TACTIC_DATA,UNKNOWN_NO_DETAILED_INSPECTOR,1,386,ENGINE_INSPECTOR_METADATA
fp16_prefill,L17:up_proj,LINEAR,UNKNOWN,UNKNOWN,UNKNOWN,FP16_ENGINE_NO_LAYER_TACTIC_DATA,UNKNOWN_NO_DETAILED_INSPECTOR,1,388,ENGINE_INSPECTOR_METADATA
fp16_prefill,L18:v_proj,LINEAR,UNKNOWN,UNKNOWN,UNKNOWN,FP16_ENGINE_NO_LAYER_TACTIC_DATA,UNKNOWN_NO_DETAILED_INSPECTOR,1,394,ENGINE_INSPECTOR_METADATA
fp16_prefill,L18:gate_proj,LINEAR,UNKNOWN,UNKNOWN,UNKNOWN,FP16_ENGINE_NO_LAYER_TACTIC_DATA,UNKNOWN_NO_DETAILED_INSPECTOR,1,408,ENGINE_INSPECTOR_METADATA
fp16_prefill,L18:up_proj,LINEAR,UNKNOWN,UNKNOWN,UNKNOWN,FP16_ENGINE_NO_LAYER_TACTIC_DATA,UNKNOWN_NO_DETAILED_INSPECTOR,1,410,ENGINE_INSPECTOR_METADATA
fp16_prefill,L19:v_proj,LINEAR,UNKNOWN,UNKNOWN,UNKNOWN,FP16_ENGINE_NO_LAYER_TACTIC_DATA,UNKNOWN_NO_DETAILED_INSPECTOR,1,416,ENGINE_INSPECTOR_METADATA
fp16_prefill,L19:gate_proj,LINEAR,UNKNOWN,UNKNOWN,UNKNOWN,FP16_ENGINE_NO_LAYER_TACTIC_DATA,UNKNOWN_NO_DETAILED_INSPECTOR,1,430,ENGINE_INSPECTOR_METADATA
fp16_prefill,L19:up_proj,LINEAR,UNKNOWN,UNKNOWN,UNKNOWN,FP16_ENGINE_NO_LAYER_TACTIC_DATA,UNKNOWN_NO_DETAILED_INSPECTOR,1,432,ENGINE_INSPECTOR_METADATA
fp16_prefill,L20:v_proj,LINEAR,UNKNOWN,UNKNOWN,UNKNOWN,FP16_ENGINE_NO_LAYER_TACTIC_DATA,UNKNOWN_NO_DETAILED_INSPECTOR,1,438,ENGINE_INSPECTOR_METADATA
fp16_prefill,L20:gate_proj,LINEAR,UNKNOWN,UNKNOWN,UNKNOWN,FP16_ENGINE_NO_LAYER_TACTIC_DATA,UNKNOWN_NO_DETAILED_INSPECTOR,1,452,ENGINE_INSPECTOR_METADATA
fp16_prefill,L20:up_proj,LINEAR,UNKNOWN,UNKNOWN,UNKNOWN,FP16_ENGINE_NO_LAYER_TACTIC_DATA,UNKNOWN_NO_DETAILED_INSPECTOR,1,454,ENGINE_INSPECTOR_METADATA
fp16_prefill,L21:v_proj,LINEAR,UNKNOWN,UNKNOWN,UNKNOWN,FP16_ENGINE_NO_LAYER_TACTIC_DATA,UNKNOWN_NO_DETAILED_INSPECTOR,1,460,ENGINE_INSPECTOR_METADATA
fp16_prefill,L21:gate_proj,LINEAR,UNKNOWN,UNKNOWN,UNKNOWN,FP16_ENGINE_NO_LAYER_TACTIC_DATA,UNKNOWN_NO_DETAILED_INSPECTOR,1,474,ENGINE_INSPECTOR_METADATA
fp16_prefill,L21:up_proj,LINEAR,UNKNOWN,UNKNOWN,UNKNOWN,FP16_ENGINE_NO_LAYER_TACTIC_DATA,UNKNOWN_NO_DETAILED_INSPECTOR,1,476,ENGINE_INSPECTOR_METADATA
fp16_prefill,L22:v_proj,LINEAR,UNKNOWN,UNKNOWN,UNKNOWN,FP16_ENGINE_NO_LAYER_TACTIC_DATA,UNKNOWN_NO_DETAILED_INSPECTOR,1,482,ENGINE_INSPECTOR_METADATA
fp16_prefill,L22:gate_proj,LINEAR,UNKNOWN,UNKNOWN,UNKNOWN,FP16_ENGINE_NO_LAYER_TACTIC_DATA,UNKNOWN_NO_DETAILED_INSPECTOR,1,496,ENGINE_INSPECTOR_METADATA
fp16_prefill,L22:up_proj,LINEAR,UNKNOWN,UNKNOWN,UNKNOWN,FP16_ENGINE_NO_LAYER_TACTIC_DATA,UNKNOWN_NO_DETAILED_INSPECTOR,1,498,ENGINE_INSPECTOR_METADATA
fp16_prefill,L23:v_proj,LINEAR,UNKNOWN,UNKNOWN,UNKNOWN,FP16_ENGINE_NO_LAYER_TACTIC_DATA,UNKNOWN_NO_DETAILED_INSPECTOR,1,504,ENGINE_INSPECTOR_METADATA
fp16_prefill,L23:gate_proj,LINEAR,UNKNOWN,UNKNOWN,UNKNOWN,FP16_ENGINE_NO_LAYER_TACTIC_DATA,UNKNOWN_NO_DETAILED_INSPECTOR,1,518,ENGINE_INSPECTOR_METADATA
fp16_prefill,L23:up_proj,LINEAR,UNKNOWN,UNKNOWN,UNKNOWN,FP16_ENGINE_NO_LAYER_TACTIC_DATA,UNKNOWN_NO_DETAILED_INSPECTOR,1,520,ENGINE_INSPECTOR_METADATA
fp16_prefill,L24:v_proj,LINEAR,UNKNOWN,UNKNOWN,UNKNOWN,FP16_ENGINE_NO_LAYER_TACTIC_DATA,UNKNOWN_NO_DETAILED_INSPECTOR,1,526,ENGINE_INSPECTOR_METADATA
fp16_prefill,L24:gate_proj,LINEAR,UNKNOWN,UNKNOWN,UNKNOWN,FP16_ENGINE_NO_LAYER_TACTIC_DATA,UNKNOWN_NO_DETAILED_INSPECTOR,1,540,ENGINE_INSPECTOR_METADATA
fp16_prefill,L24:up_proj,LINEAR,UNKNOWN,UNKNOWN,UNKNOWN,FP16_ENGINE_NO_LAYER_TACTIC_DATA,UNKNOWN_NO_DETAILED_INSPECTOR,1,542,ENGINE_INSPECTOR_METADATA
fp16_prefill,L25:v_proj,LINEAR,UNKNOWN,UNKNOWN,UNKNOWN,FP16_ENGINE_NO_LAYER_TACTIC_DATA,UNKNOWN_NO_DETAILED_INSPECTOR,1,548,ENGINE_INSPECTOR_METADATA
fp16_prefill,L25:gate_proj,LINEAR,UNKNOWN,UNKNOWN,UNKNOWN,FP16_ENGINE_NO_LAYER_TACTIC_DATA,UNKNOWN_NO_DETAILED_INSPECTOR,1,562,ENGINE_INSPECTOR_METADATA
fp16_prefill,L25:up_proj,LINEAR,UNKNOWN,UNKNOWN,UNKNOWN,FP16_ENGINE_NO_LAYER_TACTIC_DATA,UNKNOWN_NO_DETAILED_INSPECTOR,1,564,ENGINE_INSPECTOR_METADATA
fp16_prefill,L26:v_proj,LINEAR,UNKNOWN,UNKNOWN,UNKNOWN,FP16_ENGINE_NO_LAYER_TACTIC_DATA,UNKNOWN_NO_DETAILED_INSPECTOR,1,570,ENGINE_INSPECTOR_METADATA
fp16_prefill,L26:gate_proj,LINEAR,UNKNOWN,UNKNOWN,UNKNOWN,FP16_ENGINE_NO_LAYER_TACTIC_DATA,UNKNOWN_NO_DETAILED_INSPECTOR,1,584,ENGINE_INSPECTOR_METADATA
fp16_prefill,L26:up_proj,LINEAR,UNKNOWN,UNKNOWN,UNKNOWN,FP16_ENGINE_NO_LAYER_TACTIC_DATA,UNKNOWN_NO_DETAILED_INSPECTOR,1,586,ENGINE_INSPECTOR_METADATA
fp16_prefill,L27:v_proj,LINEAR,UNKNOWN,UNKNOWN,UNKNOWN,FP16_ENGINE_NO_LAYER_TACTIC_DATA,UNKNOWN_NO_DETAILED_INSPECTOR,1,592,ENGINE_INSPECTOR_METADATA
fp16_prefill,L27:gate_proj,LINEAR,UNKNOWN,UNKNOWN,UNKNOWN,FP16_ENGINE_NO_LAYER_TACTIC_DATA,UNKNOWN_NO_DETAILED_INSPECTOR,1,606,ENGINE_INSPECTOR_METADATA
fp16_prefill,L27:up_proj,LINEAR,UNKNOWN,UNKNOWN,UNKNOWN,FP16_ENGINE_NO_LAYER_TACTIC_DATA,UNKNOWN_NO_DETAILED_INSPECTOR,1,608,ENGINE_INSPECTOR_METADATA
fp16_decode,L0:v_proj,LINEAR,UNKNOWN,UNKNOWN,UNKNOWN,FP16_ENGINE_NO_LAYER_TACTIC_DATA,UNKNOWN_NO_DETAILED_INSPECTOR,1,2,ENGINE_INSPECTOR_METADATA
fp16_decode,L0:o_proj,LINEAR,UNKNOWN,UNKNOWN,UNKNOWN,FP16_ENGINE_NO_LAYER_TACTIC_DATA,UNKNOWN_NO_DETAILED_INSPECTOR,1,10,ENGINE_INSPECTOR_METADATA
fp16_decode,L0:up_proj,LINEAR,UNKNOWN,UNKNOWN,UNKNOWN,FP16_ENGINE_NO_LAYER_TACTIC_DATA,UNKNOWN_NO_DETAILED_INSPECTOR,1,12,ENGINE_INSPECTOR_METADATA
fp16_decode,L1:v_proj,LINEAR,UNKNOWN,UNKNOWN,UNKNOWN,FP16_ENGINE_NO_LAYER_TACTIC_DATA,UNKNOWN_NO_DETAILED_INSPECTOR,1,16,ENGINE_INSPECTOR_METADATA
fp16_decode,L1:o_proj,LINEAR,UNKNOWN,UNKNOWN,UNKNOWN,FP16_ENGINE_NO_LAYER_TACTIC_DATA,UNKNOWN_NO_DETAILED_INSPECTOR,1,25,ENGINE_INSPECTOR_METADATA
fp16_decode,L1:up_proj,LINEAR,UNKNOWN,UNKNOWN,UNKNOWN,FP16_ENGINE_NO_LAYER_TACTIC_DATA,UNKNOWN_NO_DETAILED_INSPECTOR,1,27,ENGINE_INSPECTOR_METADATA
fp16_decode,L2:v_proj,LINEAR,UNKNOWN,UNKNOWN,UNKNOWN,FP16_ENGINE_NO_LAYER_TACTIC_DATA,UNKNOWN_NO_DETAILED_INSPECTOR,1,31,ENGINE_INSPECTOR_METADATA
fp16_decode,L2:o_proj,LINEAR,UNKNOWN,UNKNOWN,UNKNOWN,FP16_ENGINE_NO_LAYER_TACTIC_DATA,UNKNOWN_NO_DETAILED_INSPECTOR,1,40,ENGINE_INSPECTOR_METADATA
fp16_decode,L2:up_proj,LINEAR,UNKNOWN,UNKNOWN,UNKNOWN,FP16_ENGINE_NO_LAYER_TACTIC_DATA,UNKNOWN_NO_DETAILED_INSPECTOR,1,42,ENGINE_INSPECTOR_METADATA
fp16_decode,L3:v_proj,LINEAR,UNKNOWN,UNKNOWN,UNKNOWN,FP16_ENGINE_NO_LAYER_TACTIC_DATA,UNKNOWN_NO_DETAILED_INSPECTOR,1,46,ENGINE_INSPECTOR_METADATA
fp16_decode,L3:o_proj,LINEAR,UNKNOWN,UNKNOWN,UNKNOWN,FP16_ENGINE_NO_LAYER_TACTIC_DATA,UNKNOWN_NO_DETAILED_INSPECTOR,1,55,ENGINE_INSPECTOR_METADATA
fp16_decode,L3:up_proj,LINEAR,UNKNOWN,UNKNOWN,UNKNOWN,FP16_ENGINE_NO_LAYER_TACTIC_DATA,UNKNOWN_NO_DETAILED_INSPECTOR,1,57,ENGINE_INSPECTOR_METADATA
fp16_decode,L4:v_proj,LINEAR,UNKNOWN,UNKNOWN,UNKNOWN,FP16_ENGINE_NO_LAYER_TACTIC_DATA,UNKNOWN_NO_DETAILED_INSPECTOR,1,61,ENGINE_INSPECTOR_METADATA
fp16_decode,L4:o_proj,LINEAR,UNKNOWN,UNKNOWN,UNKNOWN,FP16_ENGINE_NO_LAYER_TACTIC_DATA,UNKNOWN_NO_DETAILED_INSPECTOR,1,70,ENGINE_INSPECTOR_METADATA
fp16_decode,L4:up_proj,LINEAR,UNKNOWN,UNKNOWN,UNKNOWN,FP16_ENGINE_NO_LAYER_TACTIC_DATA,UNKNOWN_NO_DETAILED_INSPECTOR,1,72,ENGINE_INSPECTOR_METADATA
fp16_decode,L5:v_proj,LINEAR,UNKNOWN,UNKNOWN,UNKNOWN,FP16_ENGINE_NO_LAYER_TACTIC_DATA,UNKNOWN_NO_DETAILED_INSPECTOR,1,76,ENGINE_INSPECTOR_METADATA
fp16_decode,L5:o_proj,LINEAR,UNKNOWN,UNKNOWN,UNKNOWN,FP16_ENGINE_NO_LAYER_TACTIC_DATA,UNKNOWN_NO_DETAILED_INSPECTOR,1,85,ENGINE_INSPECTOR_METADATA
fp16_decode,L5:up_proj,LINEAR,UNKNOWN,UNKNOWN,UNKNOWN,FP16_ENGINE_NO_LAYER_TACTIC_DATA,UNKNOWN_NO_DETAILED_INSPECTOR,1,87,ENGINE_INSPECTOR_METADATA
fp16_decode,L6:v_proj,LINEAR,UNKNOWN,UNKNOWN,UNKNOWN,FP16_ENGINE_NO_LAYER_TACTIC_DATA,UNKNOWN_NO_DETAILED_INSPECTOR,1,91,ENGINE_INSPECTOR_METADATA
fp16_decode,L6:o_proj,LINEAR,UNKNOWN,UNKNOWN,UNKNOWN,FP16_ENGINE_NO_LAYER_TACTIC_DATA,UNKNOWN_NO_DETAILED_INSPECTOR,1,100,ENGINE_INSPECTOR_METADATA
fp16_decode,L6:up_proj,LINEAR,UNKNOWN,UNKNOWN,UNKNOWN,FP16_ENGINE_NO_LAYER_TACTIC_DATA,UNKNOWN_NO_DETAILED_INSPECTOR,1,102,ENGINE_INSPECTOR_METADATA
fp16_decode,L7:v_proj,LINEAR,UNKNOWN,UNKNOWN,UNKNOWN,FP16_ENGINE_NO_LAYER_TACTIC_DATA,UNKNOWN_NO_DETAILED_INSPECTOR,1,106,ENGINE_INSPECTOR_METADATA
fp16_decode,L7:o_proj,LINEAR,UNKNOWN,UNKNOWN,UNKNOWN,FP16_ENGINE_NO_LAYER_TACTIC_DATA,UNKNOWN_NO_DETAILED_INSPECTOR,1,115,ENGINE_INSPECTOR_METADATA
fp16_decode,L7:up_proj,LINEAR,UNKNOWN,UNKNOWN,UNKNOWN,FP16_ENGINE_NO_LAYER_TACTIC_DATA,UNKNOWN_NO_DETAILED_INSPECTOR,1,117,ENGINE_INSPECTOR_METADATA
fp16_decode,L8:v_proj,LINEAR,UNKNOWN,UNKNOWN,UNKNOWN,FP16_ENGINE_NO_LAYER_TACTIC_DATA,UNKNOWN_NO_DETAILED_INSPECTOR,1,121,ENGINE_INSPECTOR_METADATA
fp16_decode,L8:o_proj,LINEAR,UNKNOWN,UNKNOWN,UNKNOWN,FP16_ENGINE_NO_LAYER_TACTIC_DATA,UNKNOWN_NO_DETAILED_INSPECTOR,1,130,ENGINE_INSPECTOR_METADATA
fp16_decode,L8:up_proj,LINEAR,UNKNOWN,UNKNOWN,UNKNOWN,FP16_ENGINE_NO_LAYER_TACTIC_DATA,UNKNOWN_NO_DETAILED_INSPECTOR,1,132,ENGINE_INSPECTOR_METADATA
fp16_decode,L9:v_proj,LINEAR,UNKNOWN,UNKNOWN,UNKNOWN,FP16_ENGINE_NO_LAYER_TACTIC_DATA,UNKNOWN_NO_DETAILED_INSPECTOR,1,136,ENGINE_INSPECTOR_METADATA
fp16_decode,L9:o_proj,LINEAR,UNKNOWN,UNKNOWN,UNKNOWN,FP16_ENGINE_NO_LAYER_TACTIC_DATA,UNKNOWN_NO_DETAILED_INSPECTOR,1,145,ENGINE_INSPECTOR_METADATA
fp16_decode,L9:up_proj,LINEAR,UNKNOWN,UNKNOWN,UNKNOWN,FP16_ENGINE_NO_LAYER_TACTIC_DATA,UNKNOWN_NO_DETAILED_INSPECTOR,1,147,ENGINE_INSPECTOR_METADATA
fp16_decode,L10:v_proj,LINEAR,UNKNOWN,UNKNOWN,UNKNOWN,FP16_ENGINE_NO_LAYER_TACTIC_DATA,UNKNOWN_NO_DETAILED_INSPECTOR,1,151,ENGINE_INSPECTOR_METADATA
fp16_decode,L10:o_proj,LINEAR,UNKNOWN,UNKNOWN,UNKNOWN,FP16_ENGINE_NO_LAYER_TACTIC_DATA,UNKNOWN_NO_DETAILED_INSPECTOR,1,160,ENGINE_INSPECTOR_METADATA
fp16_decode,L10:up_proj,LINEAR,UNKNOWN,UNKNOWN,UNKNOWN,FP16_ENGINE_NO_LAYER_TACTIC_DATA,UNKNOWN_NO_DETAILED_INSPECTOR,1,162,ENGINE_INSPECTOR_METADATA
fp16_decode,L11:v_proj,LINEAR,UNKNOWN,UNKNOWN,UNKNOWN,FP16_ENGINE_NO_LAYER_TACTIC_DATA,UNKNOWN_NO_DETAILED_INSPECTOR,1,166,ENGINE_INSPECTOR_METADATA
fp16_decode,L11:o_proj,LINEAR,UNKNOWN,UNKNOWN,UNKNOWN,FP16_ENGINE_NO_LAYER_TACTIC_DATA,UNKNOWN_NO_DETAILED_INSPECTOR,1,175,ENGINE_INSPECTOR_METADATA
fp16_decode,L11:up_proj,LINEAR,UNKNOWN,UNKNOWN,UNKNOWN,FP16_ENGINE_NO_LAYER_TACTIC_DATA,UNKNOWN_NO_DETAILED_INSPECTOR,1,177,ENGINE_INSPECTOR_METADATA
fp16_decode,L12:v_proj,LINEAR,UNKNOWN,UNKNOWN,UNKNOWN,FP16_ENGINE_NO_LAYER_TACTIC_DATA,UNKNOWN_NO_DETAILED_INSPECTOR,1,181,ENGINE_INSPECTOR_METADATA
fp16_decode,L12:o_proj,LINEAR,UNKNOWN,UNKNOWN,UNKNOWN,FP16_ENGINE_NO_LAYER_TACTIC_DATA,UNKNOWN_NO_DETAILED_INSPECTOR,1,190,ENGINE_INSPECTOR_METADATA
fp16_decode,L12:up_proj,LINEAR,UNKNOWN,UNKNOWN,UNKNOWN,FP16_ENGINE_NO_LAYER_TACTIC_DATA,UNKNOWN_NO_DETAILED_INSPECTOR,1,192,ENGINE_INSPECTOR_METADATA
fp16_decode,L13:v_proj,LINEAR,UNKNOWN,UNKNOWN,UNKNOWN,FP16_ENGINE_NO_LAYER_TACTIC_DATA,UNKNOWN_NO_DETAILED_INSPECTOR,1,196,ENGINE_INSPECTOR_METADATA
fp16_decode,L13:o_proj,LINEAR,UNKNOWN,UNKNOWN,UNKNOWN,FP16_ENGINE_NO_LAYER_TACTIC_DATA,UNKNOWN_NO_DETAILED_INSPECTOR,1,205,ENGINE_INSPECTOR_METADATA
fp16_decode,L13:up_proj,LINEAR,UNKNOWN,UNKNOWN,UNKNOWN,FP16_ENGINE_NO_LAYER_TACTIC_DATA,UNKNOWN_NO_DETAILED_INSPECTOR,1,207,ENGINE_INSPECTOR_METADATA
fp16_decode,L14:v_proj,LINEAR,UNKNOWN,UNKNOWN,UNKNOWN,FP16_ENGINE_NO_LAYER_TACTIC_DATA,UNKNOWN_NO_DETAILED_INSPECTOR,1,211,ENGINE_INSPECTOR_METADATA
fp16_decode,L14:o_proj,LINEAR,UNKNOWN,UNKNOWN,UNKNOWN,FP16_ENGINE_NO_LAYER_TACTIC_DATA,UNKNOWN_NO_DETAILED_INSPECTOR,1,220,ENGINE_INSPECTOR_METADATA
fp16_decode,L14:up_proj,LINEAR,UNKNOWN,UNKNOWN,UNKNOWN,FP16_ENGINE_NO_LAYER_TACTIC_DATA,UNKNOWN_NO_DETAILED_INSPECTOR,1,222,ENGINE_INSPECTOR_METADATA
fp16_decode,L15:v_proj,LINEAR,UNKNOWN,UNKNOWN,UNKNOWN,FP16_ENGINE_NO_LAYER_TACTIC_DATA,UNKNOWN_NO_DETAILED_INSPECTOR,1,226,ENGINE_INSPECTOR_METADATA
fp16_decode,L15:o_proj,LINEAR,UNKNOWN,UNKNOWN,UNKNOWN,FP16_ENGINE_NO_LAYER_TACTIC_DATA,UNKNOWN_NO_DETAILED_INSPECTOR,1,235,ENGINE_INSPECTOR_METADATA
fp16_decode,L15:up_proj,LINEAR,UNKNOWN,UNKNOWN,UNKNOWN,FP16_ENGINE_NO_LAYER_TACTIC_DATA,UNKNOWN_NO_DETAILED_INSPECTOR,1,237,ENGINE_INSPECTOR_METADATA
fp16_decode,L16:v_proj,LINEAR,UNKNOWN,UNKNOWN,UNKNOWN,FP16_ENGINE_NO_LAYER_TACTIC_DATA,UNKNOWN_NO_DETAILED_INSPECTOR,1,241,ENGINE_INSPECTOR_METADATA
fp16_decode,L16:o_proj,LINEAR,UNKNOWN,UNKNOWN,UNKNOWN,FP16_ENGINE_NO_LAYER_TACTIC_DATA,UNKNOWN_NO_DETAILED_INSPECTOR,1,250,ENGINE_INSPECTOR_METADATA
fp16_decode,L16:up_proj,LINEAR,UNKNOWN,UNKNOWN,UNKNOWN,FP16_ENGINE_NO_LAYER_TACTIC_DATA,UNKNOWN_NO_DETAILED_INSPECTOR,1,252,ENGINE_INSPECTOR_METADATA
fp16_decode,L17:v_proj,LINEAR,UNKNOWN,UNKNOWN,UNKNOWN,FP16_ENGINE_NO_LAYER_TACTIC_DATA,UNKNOWN_NO_DETAILED_INSPECTOR,1,256,ENGINE_INSPECTOR_METADATA
fp16_decode,L17:o_proj,LINEAR,UNKNOWN,UNKNOWN,UNKNOWN,FP16_ENGINE_NO_LAYER_TACTIC_DATA,UNKNOWN_NO_DETAILED_INSPECTOR,1,265,ENGINE_INSPECTOR_METADATA
fp16_decode,L17:up_proj,LINEAR,UNKNOWN,UNKNOWN,UNKNOWN,FP16_ENGINE_NO_LAYER_TACTIC_DATA,UNKNOWN_NO_DETAILED_INSPECTOR,1,267,ENGINE_INSPECTOR_METADATA
fp16_decode,L18:v_proj,LINEAR,UNKNOWN,UNKNOWN,UNKNOWN,FP16_ENGINE_NO_LAYER_TACTIC_DATA,UNKNOWN_NO_DETAILED_INSPECTOR,1,271,ENGINE_INSPECTOR_METADATA
fp16_decode,L18:o_proj,LINEAR,UNKNOWN,UNKNOWN,UNKNOWN,FP16_ENGINE_NO_LAYER_TACTIC_DATA,UNKNOWN_NO_DETAILED_INSPECTOR,1,280,ENGINE_INSPECTOR_METADATA
fp16_decode,L18:up_proj,LINEAR,UNKNOWN,UNKNOWN,UNKNOWN,FP16_ENGINE_NO_LAYER_TACTIC_DATA,UNKNOWN_NO_DETAILED_INSPECTOR,1,282,ENGINE_INSPECTOR_METADATA
fp16_decode,L19:v_proj,LINEAR,UNKNOWN,UNKNOWN,UNKNOWN,FP16_ENGINE_NO_LAYER_TACTIC_DATA,UNKNOWN_NO_DETAILED_INSPECTOR,1,286,ENGINE_INSPECTOR_METADATA
fp16_decode,L19:o_proj,LINEAR,UNKNOWN,UNKNOWN,UNKNOWN,FP16_ENGINE_NO_LAYER_TACTIC_DATA,UNKNOWN_NO_DETAILED_INSPECTOR,1,295,ENGINE_INSPECTOR_METADATA
fp16_decode,L19:up_proj,LINEAR,UNKNOWN,UNKNOWN,UNKNOWN,FP16_ENGINE_NO_LAYER_TACTIC_DATA,UNKNOWN_NO_DETAILED_INSPECTOR,1,297,ENGINE_INSPECTOR_METADATA
fp16_decode,L20:v_proj,LINEAR,UNKNOWN,UNKNOWN,UNKNOWN,FP16_ENGINE_NO_LAYER_TACTIC_DATA,UNKNOWN_NO_DETAILED_INSPECTOR,1,301,ENGINE_INSPECTOR_METADATA
fp16_decode,L20:o_proj,LINEAR,UNKNOWN,UNKNOWN,UNKNOWN,FP16_ENGINE_NO_LAYER_TACTIC_DATA,UNKNOWN_NO_DETAILED_INSPECTOR,1,310,ENGINE_INSPECTOR_METADATA
fp16_decode,L20:up_proj,LINEAR,UNKNOWN,UNKNOWN,UNKNOWN,FP16_ENGINE_NO_LAYER_TACTIC_DATA,UNKNOWN_NO_DETAILED_INSPECTOR,1,312,ENGINE_INSPECTOR_METADATA
fp16_decode,L21:v_proj,LINEAR,UNKNOWN,UNKNOWN,UNKNOWN,FP16_ENGINE_NO_LAYER_TACTIC_DATA,UNKNOWN_NO_DETAILED_INSPECTOR,1,316,ENGINE_INSPECTOR_METADATA
fp16_decode,L21:o_proj,LINEAR,UNKNOWN,UNKNOWN,UNKNOWN,FP16_ENGINE_NO_LAYER_TACTIC_DATA,UNKNOWN_NO_DETAILED_INSPECTOR,1,325,ENGINE_INSPECTOR_METADATA
fp16_decode,L21:up_proj,LINEAR,UNKNOWN,UNKNOWN,UNKNOWN,FP16_ENGINE_NO_LAYER_TACTIC_DATA,UNKNOWN_NO_DETAILED_INSPECTOR,1,327,ENGINE_INSPECTOR_METADATA
fp16_decode,L22:v_proj,LINEAR,UNKNOWN,UNKNOWN,UNKNOWN,FP16_ENGINE_NO_LAYER_TACTIC_DATA,UNKNOWN_NO_DETAILED_INSPECTOR,1,331,ENGINE_INSPECTOR_METADATA
fp16_decode,L22:o_proj,LINEAR,UNKNOWN,UNKNOWN,UNKNOWN,FP16_ENGINE_NO_LAYER_TACTIC_DATA,UNKNOWN_NO_DETAILED_INSPECTOR,1,340,ENGINE_INSPECTOR_METADATA
fp16_decode,L22:up_proj,LINEAR,UNKNOWN,UNKNOWN,UNKNOWN,FP16_ENGINE_NO_LAYER_TACTIC_DATA,UNKNOWN_NO_DETAILED_INSPECTOR,1,342,ENGINE_INSPECTOR_METADATA
fp16_decode,L23:v_proj,LINEAR,UNKNOWN,UNKNOWN,UNKNOWN,FP16_ENGINE_NO_LAYER_TACTIC_DATA,UNKNOWN_NO_DETAILED_INSPECTOR,1,346,ENGINE_INSPECTOR_METADATA
fp16_decode,L23:o_proj,LINEAR,UNKNOWN,UNKNOWN,UNKNOWN,FP16_ENGINE_NO_LAYER_TACTIC_DATA,UNKNOWN_NO_DETAILED_INSPECTOR,1,355,ENGINE_INSPECTOR_METADATA
fp16_decode,L23:up_proj,LINEAR,UNKNOWN,UNKNOWN,UNKNOWN,FP16_ENGINE_NO_LAYER_TACTIC_DATA,UNKNOWN_NO_DETAILED_INSPECTOR,1,357,ENGINE_INSPECTOR_METADATA
fp16_decode,L24:v_proj,LINEAR,UNKNOWN,UNKNOWN,UNKNOWN,FP16_ENGINE_NO_LAYER_TACTIC_DATA,UNKNOWN_NO_DETAILED_INSPECTOR,1,361,ENGINE_INSPECTOR_METADATA
fp16_decode,L24:o_proj,LINEAR,UNKNOWN,UNKNOWN,UNKNOWN,FP16_ENGINE_NO_LAYER_TACTIC_DATA,UNKNOWN_NO_DETAILED_INSPECTOR,1,370,ENGINE_INSPECTOR_METADATA
fp16_decode,L24:up_proj,LINEAR,UNKNOWN,UNKNOWN,UNKNOWN,FP16_ENGINE_NO_LAYER_TACTIC_DATA,UNKNOWN_NO_DETAILED_INSPECTOR,1,372,ENGINE_INSPECTOR_METADATA
fp16_decode,L25:v_proj,LINEAR,UNKNOWN,UNKNOWN,UNKNOWN,FP16_ENGINE_NO_LAYER_TACTIC_DATA,UNKNOWN_NO_DETAILED_INSPECTOR,1,376,ENGINE_INSPECTOR_METADATA
fp16_decode,L25:o_proj,LINEAR,UNKNOWN,UNKNOWN,UNKNOWN,FP16_ENGINE_NO_LAYER_TACTIC_DATA,UNKNOWN_NO_DETAILED_INSPECTOR,1,385,ENGINE_INSPECTOR_METADATA
fp16_decode,L25:up_proj,LINEAR,UNKNOWN,UNKNOWN,UNKNOWN,FP16_ENGINE_NO_LAYER_TACTIC_DATA,UNKNOWN_NO_DETAILED_INSPECTOR,1,387,ENGINE_INSPECTOR_METADATA
fp16_decode,L26:v_proj,LINEAR,UNKNOWN,UNKNOWN,UNKNOWN,FP16_ENGINE_NO_LAYER_TACTIC_DATA,UNKNOWN_NO_DETAILED_INSPECTOR,1,391,ENGINE_INSPECTOR_METADATA
fp16_decode,L26:o_proj,LINEAR,UNKNOWN,UNKNOWN,UNKNOWN,FP16_ENGINE_NO_LAYER_TACTIC_DATA,UNKNOWN_NO_DETAILED_INSPECTOR,1,400,ENGINE_INSPECTOR_METADATA
fp16_decode,L26:up_proj,LINEAR,UNKNOWN,UNKNOWN,UNKNOWN,FP16_ENGINE_NO_LAYER_TACTIC_DATA,UNKNOWN_NO_DETAILED_INSPECTOR,1,402,ENGINE_INSPECTOR_METADATA
fp16_decode,L27:v_proj,LINEAR,UNKNOWN,UNKNOWN,UNKNOWN,FP16_ENGINE_NO_LAYER_TACTIC_DATA,UNKNOWN_NO_DETAILED_INSPECTOR,1,406,ENGINE_INSPECTOR_METADATA
fp16_decode,L27:o_proj,LINEAR,UNKNOWN,UNKNOWN,UNKNOWN,FP16_ENGINE_NO_LAYER_TACTIC_DATA,UNKNOWN_NO_DETAILED_INSPECTOR,1,415,ENGINE_INSPECTOR_METADATA
fp16_decode,L27:up_proj,LINEAR,UNKNOWN,UNKNOWN,UNKNOWN,FP16_ENGINE_NO_LAYER_TACTIC_DATA,UNKNOWN_NO_DETAILED_INSPECTOR,1,417,ENGINE_INSPECTOR_METADATA
mixed_prefill,L0:v_proj,LINEAR,8,1024,1024,INT8,sm80_xmma_gemm_i8i8_i8i32_f32_tn_n_tilesize32x64x64_stage6_warpsize2x2x1_tensor16x8x32_by_fusion_tactic,1,5,ENGINE_INSPECTOR_METADATA
mixed_prefill,L0:k_proj,LINEAR,8,1024,1024,INT8,sm80_xmma_gemm_i8i8_i8i32_f32_tn_n_tilesize32x64x64_stage6_warpsize2x2x1_tensor16x8x32_by_fusion_tactic,1,9,ENGINE_INSPECTOR_METADATA
mixed_prefill,L0:q_proj,LINEAR,8,2048,1024,INT8,sm80_xmma_gemm_i8f32_i8i32_f32_tn_n_tilesize32x64x64_stage6_warpsize2x2x1_tensor16x8x32_by_fusion_tactic,1,12,ENGINE_INSPECTOR_METADATA
mixed_prefill,L0:o_proj,LINEAR,8,128,-1,UNKNOWN,_gemm_mha_v2_0xbbc42f75034653fb101166ea3f96b8ac,1,17,ENGINE_INSPECTOR_METADATA
mixed_prefill,L0:o_proj,LINEAR,8,1024,2048,INT8,sm80_xmma_gemm_i8i8_i8i32_f32_tn_n_tilesize32x64x64_stage6_warpsize2x2x1_tensor16x8x32_by_fusion_tactic,1,19,ENGINE_INSPECTOR_METADATA
mixed_prefill,L0:up_proj,LINEAR,8,3072,1024,FP16,ampere_h16816gemm_128x64_ldg8_nn_v1,1,21,ENGINE_INSPECTOR_METADATA
mixed_prefill,L0:gate_proj,LINEAR,8,3072,1024,INT8,sm80_xmma_gemm_i8i8_i8i32_f32_tn_n_tilesize32x64x64_stage6_warpsize2x2x1_tensor16x8x32_by_fusion_tactic,1,22,ENGINE_INSPECTOR_METADATA
mixed_prefill,L0:down_proj,LINEAR,8,1024,3072,FP16,sm80_xmma_gemm_f16f16_f16f16_f16_nn_n_tilesize128x64x64_stage3_warpsize2x2x1_tensor16x8x16_by_fusion_tactic,1,23,ENGINE_INSPECTOR_METADATA
mixed_prefill,L1:v_proj,LINEAR,8,1024,1024,INT8,sm80_xmma_gemm_i8i8_i8i32_f32_tn_n_tilesize32x64x64_stage6_warpsize2x2x1_tensor16x8x32_by_fusion_tactic,1,27,ENGINE_INSPECTOR_METADATA
mixed_prefill,L1:k_proj,LINEAR,8,1024,1024,INT8,sm80_xmma_gemm_i8i8_i8i32_f32_tn_n_tilesize32x64x64_stage6_warpsize2x2x1_tensor16x8x32_by_fusion_tactic,1,33,ENGINE_INSPECTOR_METADATA
mixed_prefill,L1:q_proj,LINEAR,8,2048,1024,INT8,sm80_xmma_gemm_i8f32_i8i32_f32_tn_n_tilesize32x64x64_stage6_warpsize2x2x1_tensor16x8x32_by_fusion_tactic,1,39,ENGINE_INSPECTOR_METADATA
mixed_prefill,L1:o_proj,LINEAR,8,128,-1,UNKNOWN,_gemm_mha_v2_0x1f788b071d831d329684abd45c8719fb,1,44,ENGINE_INSPECTOR_METADATA
mixed_prefill,L1:o_proj,LINEAR,8,1024,2048,INT8,sm80_xmma_gemm_i8i8_i8i32_f32_tn_n_tilesize32x64x64_stage6_warpsize2x2x1_tensor16x8x32_by_fusion_tactic,1,46,ENGINE_INSPECTOR_METADATA
mixed_prefill,L1:up_proj,LINEAR,8,3072,1024,FP16,ampere_h16816gemm_256x64_ldg8_tn_v1,1,48,ENGINE_INSPECTOR_METADATA
mixed_prefill,L1:gate_proj,LINEAR,8,3072,1024,INT8,sm80_xmma_gemm_i8i8_i8i32_f32_tn_n_tilesize32x64x64_stage6_warpsize2x2x1_tensor16x8x32_by_fusion_tactic,1,49,ENGINE_INSPECTOR_METADATA
mixed_prefill,L1:down_proj,LINEAR,8,1024,3072,FP16,sm80_xmma_gemm_f16f16_f16f16_f16_nn_n_tilesize128x64x64_stage3_warpsize2x2x1_tensor16x8x16_by_fusion_tactic,1,50,ENGINE_INSPECTOR_METADATA
mixed_prefill,L2:v_proj,LINEAR,8,4096,1024,FP16,ampere_h16816gemm_256x64_ldg8_tn_v1,1,52,ENGINE_INSPECTOR_METADATA
mixed_prefill,L2:o_proj,LINEAR,8,128,-1,UNKNOWN,_gemm_mha_v2_0x60fab5add8bb246f4c8714685e81d651,1,65,ENGINE_INSPECTOR_METADATA
mixed_prefill,L2:o_proj,LINEAR,8,1024,2048,INT8,sm80_xmma_gemm_i8i8_i8i32_f32_tn_n_tilesize32x64x64_stage6_warpsize2x2x1_tensor16x8x32_by_fusion_tactic,1,67,ENGINE_INSPECTOR_METADATA
mixed_prefill,L2:up_proj,LINEAR,8,3072,1024,FP16,ampere_h16816gemm_256x64_ldg8_tn_v1,1,69,ENGINE_INSPECTOR_METADATA
mixed_prefill,L2:gate_proj,LINEAR,8,3072,1024,INT8,sm80_xmma_gemm_i8i8_i8i32_f32_tn_n_tilesize32x64x64_stage6_warpsize2x2x1_tensor16x8x32_by_fusion_tactic,1,70,ENGINE_INSPECTOR_METADATA
mixed_prefill,L2:down_proj,LINEAR,8,1024,3072,FP16,sm80_xmma_gemm_f16f16_f16f16_f16_nn_n_tilesize128x64x64_stage3_warpsize2x2x1_tensor16x8x16_by_fusion_tactic,1,71,ENGINE_INSPECTOR_METADATA
mixed_prefill,L3:v_proj,LINEAR,8,1024,1024,INT8,sm80_xmma_gemm_i8i8_i8i32_f32_tn_n_tilesize32x64x64_stage6_warpsize2x2x1_tensor16x8x32_by_fusion_tactic,1,75,ENGINE_INSPECTOR_METADATA
mixed_prefill,L3:k_proj,LINEAR,8,1024,1024,INT8,sm80_xmma_gemm_i8i8_i8i32_f32_tn_n_tilesize32x64x64_stage6_warpsize2x2x1_tensor16x8x32_by_fusion_tactic,1,79,ENGINE_INSPECTOR_METADATA
mixed_prefill,L3:q_proj,LINEAR,8,2048,1024,INT8,sm80_xmma_gemm_i8f32_i8i32_f32_tn_n_tilesize32x64x64_stage6_warpsize2x2x1_tensor16x8x32_by_fusion_tactic,1,83,ENGINE_INSPECTOR_METADATA
mixed_prefill,L3:o_proj,LINEAR,8,128,-1,UNKNOWN,_gemm_mha_v2_0xf766752c8950edccd27d326ac8c5c5d0,1,88,ENGINE_INSPECTOR_METADATA
mixed_prefill,L3:o_proj,LINEAR,8,1024,2048,INT8,sm80_xmma_gemm_i8i8_i8i32_f32_tn_n_tilesize32x64x64_stage6_warpsize2x2x1_tensor16x8x32_by_fusion_tactic,1,90,ENGINE_INSPECTOR_METADATA
mixed_prefill,L3:up_proj,LINEAR,8,3072,1024,FP16,ampere_h16816gemm_128x64_ldg8_nn_v1,1,92,ENGINE_INSPECTOR_METADATA
mixed_prefill,L3:gate_proj,LINEAR,8,3072,1024,INT8,sm80_xmma_gemm_i8i8_i8i32_f32_tn_n_tilesize32x64x64_stage6_warpsize2x2x1_tensor16x8x32_by_fusion_tactic,1,93,ENGINE_INSPECTOR_METADATA
mixed_prefill,L3:down_proj,LINEAR,8,1024,3072,FP16,sm80_xmma_gemm_f16f16_f16f16_f16_nn_n_tilesize128x64x64_stage3_warpsize2x2x1_tensor16x8x16_by_fusion_tactic,1,94,ENGINE_INSPECTOR_METADATA
mixed_prefill,L4:v_proj,LINEAR,8,1024,1024,INT8,sm80_xmma_gemm_i8i8_i8i32_f32_tn_n_tilesize32x64x64_stage6_warpsize2x2x1_tensor16x8x32_by_fusion_tactic,1,98,ENGINE_INSPECTOR_METADATA
mixed_prefill,L4:k_proj,LINEAR,8,1024,1024,INT8,sm80_xmma_gemm_i8i8_i8i32_f32_tn_n_tilesize32x64x64_stage6_warpsize2x2x1_tensor16x8x32_by_fusion_tactic,1,102,ENGINE_INSPECTOR_METADATA
mixed_prefill,L4:q_proj,LINEAR,8,2048,1024,INT8,sm80_xmma_gemm_i8f32_i8i32_f32_tn_n_tilesize32x64x64_stage6_warpsize2x2x1_tensor16x8x32_by_fusion_tactic,1,106,ENGINE_INSPECTOR_METADATA
mixed_prefill,L4:o_proj,LINEAR,8,128,-1,UNKNOWN,_gemm_mha_v2_0xccf3a8474acc5fc16b0ad4e1c69800bb,1,111,ENGINE_INSPECTOR_METADATA
mixed_prefill,L4:o_proj,LINEAR,8,1024,2048,INT8,sm80_xmma_gemm_i8i8_i8i32_f32_tn_n_tilesize32x64x64_stage6_warpsize2x2x1_tensor16x8x32_by_fusion_tactic,1,113,ENGINE_INSPECTOR_METADATA
mixed_prefill,L4:up_proj,LINEAR,8,3072,1024,FP16,ampere_h16816gemm_128x64_ldg8_nn_v1,1,115,ENGINE_INSPECTOR_METADATA
mixed_prefill,L4:gate_proj,LINEAR,8,3072,1024,INT8,sm80_xmma_gemm_i8i8_i8i32_f32_tn_n_tilesize32x64x64_stage6_warpsize2x2x1_tensor16x8x32_by_fusion_tactic,1,116,ENGINE_INSPECTOR_METADATA
mixed_prefill,L4:down_proj,LINEAR,8,1024,3072,FP16,sm80_xmma_gemm_f16f16_f16f16_f16_nn_n_tilesize128x64x64_stage3_warpsize2x2x1_tensor16x8x16_by_fusion_tactic,1,117,ENGINE_INSPECTOR_METADATA
mixed_prefill,L5:v_proj,LINEAR,8,1024,1024,INT8,sm80_xmma_gemm_i8i8_i8i32_f32_tn_n_tilesize32x64x64_stage6_warpsize2x2x1_tensor16x8x32_by_fusion_tactic,1,121,ENGINE_INSPECTOR_METADATA
mixed_prefill,L5:k_proj,LINEAR,8,1024,1024,INT8,sm80_xmma_gemm_i8i8_i8i32_f32_tn_n_tilesize32x64x64_stage6_warpsize2x2x1_tensor16x8x32_by_fusion_tactic,1,125,ENGINE_INSPECTOR_METADATA
mixed_prefill,L5:q_proj,LINEAR,8,2048,1024,INT8,sm80_xmma_gemm_i8f32_i8i32_f32_tn_n_tilesize32x64x64_stage6_warpsize2x2x1_tensor16x8x32_by_fusion_tactic,1,129,ENGINE_INSPECTOR_METADATA
mixed_prefill,L5:o_proj,LINEAR,8,128,-1,UNKNOWN,_gemm_mha_v2_0x122877a3036390a4bf8dcfb1427b867b,1,134,ENGINE_INSPECTOR_METADATA
mixed_prefill,L5:o_proj,LINEAR,8,1024,2048,INT8,sm80_xmma_gemm_i8i8_i8i32_f32_tn_n_tilesize32x64x64_stage6_warpsize2x2x1_tensor16x8x32_by_fusion_tactic,1,136,ENGINE_INSPECTOR_METADATA
mixed_prefill,L5:up_proj,LINEAR,8,3072,1024,FP16,ampere_h16816gemm_128x64_ldg8_nn_v1,1,138,ENGINE_INSPECTOR_METADATA
mixed_prefill,L5:gate_proj,LINEAR,8,3072,1024,INT8,sm80_xmma_gemm_i8i8_i8i32_f32_tn_n_tilesize32x64x64_stage6_warpsize2x2x1_tensor16x8x32_by_fusion_tactic,1,139,ENGINE_INSPECTOR_METADATA
mixed_prefill,L5:down_proj,LINEAR,8,1024,3072,FP16,sm80_xmma_gemm_f16f16_f16f16_f16_nn_n_tilesize128x64x64_stage3_warpsize2x2x1_tensor16x8x16_by_fusion_tactic,1,140,ENGINE_INSPECTOR_METADATA
mixed_prefill,L6:v_proj,LINEAR,8,1024,1024,INT8,sm80_xmma_gemm_i8i8_i8i32_f32_tn_n_tilesize32x64x64_stage6_warpsize2x2x1_tensor16x8x32_by_fusion_tactic,1,144,ENGINE_INSPECTOR_METADATA
mixed_prefill,L6:k_proj,LINEAR,8,1024,1024,INT8,sm80_xmma_gemm_i8i8_i8i32_f32_tn_n_tilesize32x64x64_stage6_warpsize2x2x1_tensor16x8x32_by_fusion_tactic,1,148,ENGINE_INSPECTOR_METADATA
mixed_prefill,L6:q_proj,LINEAR,8,2048,1024,INT8,sm80_xmma_gemm_i8f32_i8i32_f32_tn_n_tilesize32x64x64_stage6_warpsize2x2x1_tensor16x8x32_by_fusion_tactic,1,152,ENGINE_INSPECTOR_METADATA
mixed_prefill,L6:o_proj,LINEAR,8,128,-1,UNKNOWN,_gemm_mha_v2_0x122877a3036390a4bf8dcfb1427b867b,1,157,ENGINE_INSPECTOR_METADATA
mixed_prefill,L6:o_proj,LINEAR,8,1024,2048,INT8,sm80_xmma_gemm_i8i8_i8i32_f32_tn_n_tilesize32x64x64_stage6_warpsize2x2x1_tensor16x8x32_by_fusion_tactic,1,159,ENGINE_INSPECTOR_METADATA
mixed_prefill,L6:up_proj,LINEAR,8,3072,1024,FP16,ampere_h16816gemm_128x64_ldg8_nn_v1,1,161,ENGINE_INSPECTOR_METADATA
mixed_prefill,L6:gate_proj,LINEAR,8,3072,1024,INT8,sm80_xmma_gemm_i8i8_i8i32_f32_tn_n_tilesize32x64x64_stage6_warpsize2x2x1_tensor16x8x32_by_fusion_tactic,1,162,ENGINE_INSPECTOR_METADATA
mixed_prefill,L6:down_proj,LINEAR,8,1024,3072,FP16,sm80_xmma_gemm_f16f16_f16f16_f16_nn_n_tilesize128x64x64_stage3_warpsize2x2x1_tensor16x8x16_by_fusion_tactic,1,163,ENGINE_INSPECTOR_METADATA
mixed_prefill,L7:v_proj,LINEAR,8,1024,1024,INT8,sm80_xmma_gemm_i8i8_i8i32_f32_tn_n_tilesize32x64x64_stage6_warpsize2x2x1_tensor16x8x32_by_fusion_tactic,1,167,ENGINE_INSPECTOR_METADATA
mixed_prefill,L7:k_proj,LINEAR,8,1024,1024,INT8,sm80_xmma_gemm_i8i8_i8i32_f32_tn_n_tilesize32x64x64_stage6_warpsize2x2x1_tensor16x8x32_by_fusion_tactic,1,171,ENGINE_INSPECTOR_METADATA
mixed_prefill,L7:q_proj,LINEAR,8,2048,1024,INT8,sm80_xmma_gemm_i8f32_i8i32_f32_tn_n_tilesize32x64x64_stage6_warpsize2x2x1_tensor16x8x32_by_fusion_tactic,1,175,ENGINE_INSPECTOR_METADATA
mixed_prefill,L7:o_proj,LINEAR,8,128,-1,UNKNOWN,_gemm_mha_v2_0x69db25f8b455550858c08191df7c4023,1,180,ENGINE_INSPECTOR_METADATA
mixed_prefill,L7:o_proj,LINEAR,8,1024,2048,INT8,sm80_xmma_gemm_i8i8_i8i32_f32_tn_n_tilesize32x64x64_stage6_warpsize2x2x1_tensor16x8x32_by_fusion_tactic,1,182,ENGINE_INSPECTOR_METADATA
mixed_prefill,L7:up_proj,LINEAR,8,3072,1024,FP16,ampere_h16816gemm_128x64_ldg8_nn_v1,1,184,ENGINE_INSPECTOR_METADATA
mixed_prefill,L7:gate_proj,LINEAR,8,3072,1024,INT8,sm80_xmma_gemm_i8i8_i8i32_f32_tn_n_tilesize32x64x64_stage6_warpsize2x2x1_tensor16x8x32_by_fusion_tactic,1,185,ENGINE_INSPECTOR_METADATA
mixed_prefill,L7:down_proj,LINEAR,8,1024,3072,FP16,sm80_xmma_gemm_f16f16_f16f16_f16_nn_n_tilesize128x64x64_stage3_warpsize2x2x1_tensor16x8x16_by_fusion_tactic,1,186,ENGINE_INSPECTOR_METADATA
mixed_prefill,L8:v_proj,LINEAR,8,1024,1024,INT8,sm80_xmma_gemm_i8i8_i8i32_f32_tn_n_tilesize32x64x64_stage6_warpsize2x2x1_tensor16x8x32_by_fusion_tactic,1,190,ENGINE_INSPECTOR_METADATA
mixed_prefill,L8:k_proj,LINEAR,8,1024,1024,INT8,sm80_xmma_gemm_i8i8_i8i32_f32_tn_n_tilesize32x64x64_stage6_warpsize2x2x1_tensor16x8x32_by_fusion_tactic,1,194,ENGINE_INSPECTOR_METADATA
mixed_prefill,L8:q_proj,LINEAR,8,2048,1024,INT8,sm80_xmma_gemm_i8f32_i8i32_f32_tn_n_tilesize32x64x64_stage6_warpsize2x2x1_tensor16x8x32_by_fusion_tactic,1,198,ENGINE_INSPECTOR_METADATA
mixed_prefill,UNKNOWN,UNKNOWN,UNKNOWN,UNKNOWN,UNKNOWN,UNKNOWN,_gemm_mha_v2_0xb1de950b39aeff343f8e5a6b250b0cff,3,203;340;638,UNKNOWN
mixed_prefill,L8:o_proj,LINEAR,8,1024,2048,FP16,sm80_xmma_gemm_f16f16_f16f16_f16_nn_n_tilesize128x64x64_stage3_warpsize2x2x1_tensor16x8x16_by_fusion_tactic,1,204,ENGINE_INSPECTOR_METADATA
mixed_prefill,L8:up_proj,LINEAR,8,3072,1024,FP16,ampere_h16816gemm_128x64_ldg8_nn_v1,1,206,ENGINE_INSPECTOR_METADATA
mixed_prefill,L8:gate_proj,LINEAR,8,3072,1024,INT8,sm80_xmma_gemm_i8i8_i8i32_f32_tn_n_tilesize32x64x64_stage6_warpsize2x2x1_tensor16x8x32_by_fusion_tactic,1,207,ENGINE_INSPECTOR_METADATA
mixed_prefill,L8:down_proj,LINEAR,8,1024,3072,FP16,sm80_xmma_gemm_f16f16_f16f16_f16_nn_n_tilesize128x64x64_stage3_warpsize2x2x1_tensor16x8x16_by_fusion_tactic,1,208,ENGINE_INSPECTOR_METADATA
mixed_prefill,L9:v_proj,LINEAR,8,1024,1024,INT8,sm80_xmma_gemm_i8i8_i8i32_f32_tn_n_tilesize32x64x64_stage6_warpsize2x2x1_tensor16x8x32_by_fusion_tactic,1,212,ENGINE_INSPECTOR_METADATA
mixed_prefill,L9:k_proj,LINEAR,8,1024,1024,INT8,sm80_xmma_gemm_i8i8_i8i32_f32_tn_n_tilesize32x64x64_stage6_warpsize2x2x1_tensor16x8x32_by_fusion_tactic,1,216,ENGINE_INSPECTOR_METADATA
mixed_prefill,L9:q_proj,LINEAR,8,2048,1024,INT8,sm80_xmma_gemm_i8f32_i8i32_f32_tn_n_tilesize32x64x64_stage6_warpsize2x2x1_tensor16x8x32_by_fusion_tactic,1,220,ENGINE_INSPECTOR_METADATA
mixed_prefill,L9:o_proj,LINEAR,8,128,-1,UNKNOWN,_gemm_mha_v2_0xa7ca53b515adf180e9a745693ffd0464,1,225,ENGINE_INSPECTOR_METADATA
mixed_prefill,L9:o_proj,LINEAR,8,1024,2048,INT8,sm80_xmma_gemm_i8i8_i8i32_f32_tn_n_tilesize32x64x64_stage6_warpsize2x2x1_tensor16x8x32_by_fusion_tactic,1,227,ENGINE_INSPECTOR_METADATA
mixed_prefill,L9:up_proj,LINEAR,8,3072,1024,FP16,ampere_h16816gemm_128x64_ldg8_nn_v1,1,229,ENGINE_INSPECTOR_METADATA
mixed_prefill,L9:gate_proj,LINEAR,8,3072,1024,INT8,sm80_xmma_gemm_i8i8_i8i32_f32_tn_n_tilesize32x64x64_stage6_warpsize2x2x1_tensor16x8x32_by_fusion_tactic,1,230,ENGINE_INSPECTOR_METADATA
mixed_prefill,L9:down_proj,LINEAR,8,1024,3072,FP16,sm80_xmma_gemm_f16f16_f16f16_f16_nn_n_tilesize128x64x64_stage3_warpsize2x2x1_tensor16x8x16_by_fusion_tactic,1,231,ENGINE_INSPECTOR_METADATA
mixed_prefill,L10:v_proj,LINEAR,8,1024,1024,INT8,sm80_xmma_gemm_i8i8_i8i32_f32_tn_n_tilesize32x64x64_stage6_warpsize2x2x1_tensor16x8x32_by_fusion_tactic,1,235,ENGINE_INSPECTOR_METADATA
mixed_prefill,L10:k_proj,LINEAR,8,1024,1024,INT8,sm80_xmma_gemm_i8i8_i8i32_f32_tn_n_tilesize32x64x64_stage6_warpsize2x2x1_tensor16x8x32_by_fusion_tactic,1,239,ENGINE_INSPECTOR_METADATA
mixed_prefill,L10:q_proj,LINEAR,8,2048,1024,INT8,sm80_xmma_gemm_i8f32_i8i32_f32_tn_n_tilesize32x64x64_stage6_warpsize2x2x1_tensor16x8x32_by_fusion_tactic,1,243,ENGINE_INSPECTOR_METADATA
mixed_prefill,L10:o_proj,LINEAR,8,128,-1,UNKNOWN,_gemm_mha_v2_0xf65d6b1571997bdfc737df09a44d72ad,1,248,ENGINE_INSPECTOR_METADATA
mixed_prefill,L10:o_proj,LINEAR,8,1024,2048,INT8,sm80_xmma_gemm_i8i8_i8i32_f32_tn_n_tilesize32x64x64_stage6_warpsize2x2x1_tensor16x8x32_by_fusion_tactic,1,250,ENGINE_INSPECTOR_METADATA
mixed_prefill,L10:up_proj,LINEAR,8,3072,1024,FP16,ampere_h16816gemm_128x64_ldg8_nn_v1,1,252,ENGINE_INSPECTOR_METADATA
mixed_prefill,L10:gate_proj,LINEAR,8,3072,1024,INT8,sm80_xmma_gemm_i8i8_i8i32_f32_tn_n_tilesize32x64x64_stage6_warpsize2x2x1_tensor16x8x32_by_fusion_tactic,1,253,ENGINE_INSPECTOR_METADATA
mixed_prefill,L10:down_proj,LINEAR,8,1024,3072,FP16,sm80_xmma_gemm_f16f16_f16f16_f16_nn_n_tilesize128x64x64_stage3_warpsize2x2x1_tensor16x8x16_by_fusion_tactic,1,254,ENGINE_INSPECTOR_METADATA
mixed_prefill,L11:v_proj,LINEAR,8,1024,1024,INT8,sm80_xmma_gemm_i8i8_i8i32_f32_tn_n_tilesize32x64x64_stage6_warpsize2x2x1_tensor16x8x32_by_fusion_tactic,1,258,ENGINE_INSPECTOR_METADATA
mixed_prefill,L11:k_proj,LINEAR,8,1024,1024,INT8,sm80_xmma_gemm_i8i8_i8i32_f32_tn_n_tilesize32x64x64_stage6_warpsize2x2x1_tensor16x8x32_by_fusion_tactic,1,262,ENGINE_INSPECTOR_METADATA
mixed_prefill,L11:q_proj,LINEAR,8,2048,1024,INT8,sm80_xmma_gemm_i8f32_i8i32_f32_tn_n_tilesize32x64x64_stage6_warpsize2x2x1_tensor16x8x32_by_fusion_tactic,1,266,ENGINE_INSPECTOR_METADATA
mixed_prefill,L11:o_proj,LINEAR,8,128,-1,UNKNOWN,_gemm_mha_v2_0x5365bc7530dd58ba06615d617f2617f3,1,271,ENGINE_INSPECTOR_METADATA
mixed_prefill,L11:o_proj,LINEAR,8,1024,2048,INT8,sm80_xmma_gemm_i8i8_i8i32_f32_tn_n_tilesize32x64x64_stage6_warpsize2x2x1_tensor16x8x32_by_fusion_tactic,1,273,ENGINE_INSPECTOR_METADATA
mixed_prefill,L11:up_proj,LINEAR,8,3072,1024,FP16,ampere_h16816gemm_128x64_ldg8_nn_v1,1,275,ENGINE_INSPECTOR_METADATA
mixed_prefill,L11:gate_proj,LINEAR,8,3072,1024,INT8,sm80_xmma_gemm_i8i8_i8i32_f32_tn_n_tilesize32x64x64_stage6_warpsize2x2x1_tensor16x8x32_by_fusion_tactic,1,276,ENGINE_INSPECTOR_METADATA
mixed_prefill,L11:down_proj,LINEAR,8,1024,3072,FP16,sm80_xmma_gemm_f16f16_f16f16_f16_nn_n_tilesize128x64x64_stage3_warpsize2x2x1_tensor16x8x16_by_fusion_tactic,1,277,ENGINE_INSPECTOR_METADATA
mixed_prefill,L12:v_proj,LINEAR,8,1024,1024,INT8,sm80_xmma_gemm_i8i8_i8i32_f32_tn_n_tilesize32x64x64_stage6_warpsize2x2x1_tensor16x8x32_by_fusion_tactic,1,281,ENGINE_INSPECTOR_METADATA
mixed_prefill,L12:k_proj,LINEAR,8,1024,1024,INT8,sm80_xmma_gemm_i8i8_i8i32_f32_tn_n_tilesize32x64x64_stage6_warpsize2x2x1_tensor16x8x32_by_fusion_tactic,1,285,ENGINE_INSPECTOR_METADATA
mixed_prefill,L12:q_proj,LINEAR,8,2048,1024,INT8,sm80_xmma_gemm_i8f32_i8i32_f32_tn_n_tilesize32x64x64_stage6_warpsize2x2x1_tensor16x8x32_by_fusion_tactic,1,289,ENGINE_INSPECTOR_METADATA
mixed_prefill,L12:o_proj,LINEAR,8,128,-1,UNKNOWN,_gemm_mha_v2_0xb386849c29e984208fe41d8ff07d34fc,1,294,ENGINE_INSPECTOR_METADATA
mixed_prefill,L12:o_proj,LINEAR,8,1024,2048,INT8,sm80_xmma_gemm_i8i8_i8i32_f32_tn_n_tilesize32x64x64_stage6_warpsize2x2x1_tensor16x8x32_by_fusion_tactic,1,296,ENGINE_INSPECTOR_METADATA
mixed_prefill,L12:up_proj,LINEAR,8,3072,1024,FP16,ampere_h16816gemm_128x64_ldg8_nn_v1,1,298,ENGINE_INSPECTOR_METADATA
mixed_prefill,L12:gate_proj,LINEAR,8,3072,1024,INT8,sm80_xmma_gemm_i8i8_i8i32_f32_tn_n_tilesize32x64x64_stage6_warpsize2x2x1_tensor16x8x32_by_fusion_tactic,1,299,ENGINE_INSPECTOR_METADATA
mixed_prefill,L12:down_proj,LINEAR,8,1024,3072,FP16,sm80_xmma_gemm_f16f16_f16f16_f16_nn_n_tilesize128x64x64_stage3_warpsize2x2x1_tensor16x8x16_by_fusion_tactic,1,300,ENGINE_INSPECTOR_METADATA
mixed_prefill,L13:v_proj,LINEAR,8,1024,1024,INT8,sm80_xmma_gemm_i8i8_i8i32_f32_tn_n_tilesize32x64x64_stage6_warpsize2x2x1_tensor16x8x32_by_fusion_tactic,1,304,ENGINE_INSPECTOR_METADATA
mixed_prefill,L13:k_proj,LINEAR,8,1024,1024,INT8,sm80_xmma_gemm_i8i8_i8i32_f32_tn_n_tilesize32x64x64_stage6_warpsize2x2x1_tensor16x8x32_by_fusion_tactic,1,308,ENGINE_INSPECTOR_METADATA
mixed_prefill,L13:q_proj,LINEAR,8,2048,1024,INT8,sm80_xmma_gemm_i8f32_i8i32_f32_tn_n_tilesize32x64x64_stage6_warpsize2x2x1_tensor16x8x32_by_fusion_tactic,1,312,ENGINE_INSPECTOR_METADATA
mixed_prefill,L13:o_proj,LINEAR,8,128,-1,FP16,_gemm_mha_v2_0xeb55f16e4b7e71fdcdb973b60cd3db5e,1,317,ENGINE_INSPECTOR_METADATA
mixed_prefill,L13:o_proj,LINEAR,8,1024,2048,INT8,sm80_xmma_gemm_i8i8_i8i32_f32_tn_n_tilesize32x64x64_stage6_warpsize2x2x1_tensor16x8x32_by_fusion_tactic,1,319,ENGINE_INSPECTOR_METADATA
mixed_prefill,L13:up_proj,LINEAR,8,3072,1024,FP16,ampere_h16816gemm_128x64_ldg8_nn_v1,1,321,ENGINE_INSPECTOR_METADATA
mixed_prefill,L13:gate_proj,LINEAR,8,3072,1024,INT8,sm80_xmma_gemm_i8i8_i8i32_f32_tn_n_tilesize32x64x64_stage6_warpsize2x2x1_tensor16x8x32_by_fusion_tactic,1,322,ENGINE_INSPECTOR_METADATA
mixed_prefill,L13:down_proj,LINEAR,8,1024,3072,FP16,sm80_xmma_gemm_f16f16_f16f16_f16_nn_n_tilesize128x64x64_stage3_warpsize2x2x1_tensor16x8x16_by_fusion_tactic,1,323,ENGINE_INSPECTOR_METADATA
mixed_prefill,L14:v_proj,LINEAR,8,1024,1024,INT8,sm80_xmma_gemm_i8i8_i8i32_f32_tn_n_tilesize32x64x64_stage6_warpsize2x2x1_tensor16x8x32_by_fusion_tactic,1,327,ENGINE_INSPECTOR_METADATA
mixed_prefill,L14:k_proj,LINEAR,8,1024,1024,INT8,sm80_xmma_gemm_i8i8_i8i32_f32_tn_n_tilesize32x64x64_stage6_warpsize2x2x1_tensor16x8x32_by_fusion_tactic,1,331,ENGINE_INSPECTOR_METADATA
mixed_prefill,L14:q_proj,LINEAR,8,2048,1024,INT8,sm80_xmma_gemm_i8f32_i8i32_f32_tn_n_tilesize32x64x64_stage6_warpsize2x2x1_tensor16x8x32_by_fusion_tactic,1,335,ENGINE_INSPECTOR_METADATA
mixed_prefill,L14:o_proj,LINEAR,8,1024,2048,FP16,sm80_xmma_gemm_f16f16_f16f16_f16_nn_n_tilesize128x64x64_stage3_warpsize2x2x1_tensor16x8x16_by_fusion_tactic,1,341,ENGINE_INSPECTOR_METADATA
mixed_prefill,L14:up_proj,LINEAR,8,3072,1024,FP16,ampere_h16816gemm_128x64_ldg8_nn_v1,1,343,ENGINE_INSPECTOR_METADATA
mixed_prefill,L14:gate_proj,LINEAR,8,3072,1024,INT8,sm80_xmma_gemm_i8i8_i8i32_f32_tn_n_tilesize32x64x64_stage6_warpsize2x2x1_tensor16x8x32_by_fusion_tactic,1,344,ENGINE_INSPECTOR_METADATA
mixed_prefill,L14:down_proj,LINEAR,8,1024,3072,FP16,sm80_xmma_gemm_f16f16_f16f16_f16_nn_n_tilesize128x64x64_stage3_warpsize2x2x1_tensor16x8x16_by_fusion_tactic,1,345,ENGINE_INSPECTOR_METADATA
mixed_prefill,L15:v_proj,LINEAR,8,1024,1024,INT8,sm80_xmma_gemm_i8i8_i8i32_f32_tn_n_tilesize32x64x64_stage6_warpsize2x2x1_tensor16x8x32_by_fusion_tactic,1,349,ENGINE_INSPECTOR_METADATA
mixed_prefill,L15:k_proj,LINEAR,8,1024,1024,INT8,sm80_xmma_gemm_i8i8_i8i32_f32_tn_n_tilesize32x64x64_stage6_warpsize2x2x1_tensor16x8x32_by_fusion_tactic,1,353,ENGINE_INSPECTOR_METADATA
mixed_prefill,L15:q_proj,LINEAR,8,2048,1024,INT8,sm80_xmma_gemm_i8f32_i8i32_f32_tn_n_tilesize32x64x64_stage6_warpsize2x2x1_tensor16x8x32_by_fusion_tactic,1,357,ENGINE_INSPECTOR_METADATA
mixed_prefill,L15:o_proj,LINEAR,8,128,-1,UNKNOWN,_gemm_mha_v2_0xc7841b14f7d92c2016746a6691400a52,1,362,ENGINE_INSPECTOR_METADATA
mixed_prefill,L15:o_proj,LINEAR,8,1024,2048,INT8,sm80_xmma_gemm_i8i8_i8i32_f32_tn_n_tilesize32x64x64_stage6_warpsize2x2x1_tensor16x8x32_by_fusion_tactic,1,364,ENGINE_INSPECTOR_METADATA
mixed_prefill,L15:up_proj,LINEAR,8,3072,1024,FP16,ampere_h16816gemm_128x64_ldg8_nn_v1,1,366,ENGINE_INSPECTOR_METADATA
mixed_prefill,L15:gate_proj,LINEAR,8,3072,1024,INT8,sm80_xmma_gemm_i8i8_i8i32_f32_tn_n_tilesize32x64x64_stage6_warpsize2x2x1_tensor16x8x32_by_fusion_tactic,1,367,ENGINE_INSPECTOR_METADATA
mixed_prefill,L15:down_proj,LINEAR,8,1024,3072,FP16,sm80_xmma_gemm_f16f16_f16f16_f16_nn_n_tilesize128x64x64_stage3_warpsize2x2x1_tensor16x8x16_by_fusion_tactic,1,368,ENGINE_INSPECTOR_METADATA
mixed_prefill,L16:v_proj,LINEAR,8,1024,1024,INT8,sm80_xmma_gemm_i8i8_i8i32_f32_tn_n_tilesize32x64x64_stage6_warpsize2x2x1_tensor16x8x32_by_fusion_tactic,1,372,ENGINE_INSPECTOR_METADATA
mixed_prefill,L16:k_proj,LINEAR,8,1024,1024,INT8,sm80_xmma_gemm_i8i8_i8i32_f32_tn_n_tilesize32x64x64_stage6_warpsize2x2x1_tensor16x8x32_by_fusion_tactic,1,376,ENGINE_INSPECTOR_METADATA
mixed_prefill,L16:q_proj,LINEAR,8,2048,1024,INT8,sm80_xmma_gemm_i8f32_i8i32_f32_tn_n_tilesize32x64x64_stage6_warpsize2x2x1_tensor16x8x32_by_fusion_tactic,1,380,ENGINE_INSPECTOR_METADATA
mixed_prefill,L16:o_proj,LINEAR,8,128,-1,UNKNOWN,_gemm_mha_v2_0x1c8140cface6b993997d7cd4b7477616,1,385,ENGINE_INSPECTOR_METADATA
mixed_prefill,L16:o_proj,LINEAR,8,1024,2048,INT8,sm80_xmma_gemm_i8i8_i8i32_f32_tn_n_tilesize32x64x64_stage6_warpsize2x2x1_tensor16x8x32_by_fusion_tactic,1,387,ENGINE_INSPECTOR_METADATA
mixed_prefill,L16:up_proj,LINEAR,8,3072,1024,FP16,ampere_h16816gemm_128x64_ldg8_nn_v1,1,389,ENGINE_INSPECTOR_METADATA
mixed_prefill,L16:gate_proj,LINEAR,8,3072,1024,INT8,sm80_xmma_gemm_i8i8_i8i32_f32_tn_n_tilesize32x64x64_stage6_warpsize2x2x1_tensor16x8x32_by_fusion_tactic,1,390,ENGINE_INSPECTOR_METADATA
mixed_prefill,L16:down_proj,LINEAR,8,1024,3072,FP16,sm80_xmma_gemm_f16f16_f16f16_f16_nn_n_tilesize128x64x64_stage3_warpsize2x2x1_tensor16x8x16_by_fusion_tactic,1,391,ENGINE_INSPECTOR_METADATA
mixed_prefill,L17:v_proj,LINEAR,8,1024,1024,INT8,sm80_xmma_gemm_i8i8_i8i32_f32_tn_n_tilesize32x64x64_stage6_warpsize2x2x1_tensor16x8x32_by_fusion_tactic,1,395,ENGINE_INSPECTOR_METADATA
mixed_prefill,L17:k_proj,LINEAR,8,1024,1024,INT8,sm80_xmma_gemm_i8i8_i8i32_f32_tn_n_tilesize32x64x64_stage6_warpsize2x2x1_tensor16x8x32_by_fusion_tactic,1,399,ENGINE_INSPECTOR_METADATA
mixed_prefill,L17:q_proj,LINEAR,8,2048,1024,INT8,sm80_xmma_gemm_i8f32_i8i32_f32_tn_n_tilesize32x64x64_stage6_warpsize2x2x1_tensor16x8x32_by_fusion_tactic,1,403,ENGINE_INSPECTOR_METADATA
mixed_prefill,L17:o_proj,LINEAR,8,128,-1,UNKNOWN,_gemm_mha_v2_0xe051501b8c48027b8c2c96139ee1b93f,1,408,ENGINE_INSPECTOR_METADATA
mixed_prefill,L17:o_proj,LINEAR,8,1024,2048,INT8,sm80_xmma_gemm_i8i8_i8i32_f32_tn_n_tilesize32x64x64_stage6_warpsize2x2x1_tensor16x8x32_by_fusion_tactic,1,410,ENGINE_INSPECTOR_METADATA
mixed_prefill,L17:up_proj,LINEAR,8,3072,1024,FP16,ampere_h16816gemm_128x64_ldg8_nn_v1,1,412,ENGINE_INSPECTOR_METADATA
mixed_prefill,L17:gate_proj,LINEAR,8,3072,1024,INT8,sm80_xmma_gemm_i8i8_i8i32_f32_tn_n_tilesize32x64x64_stage6_warpsize2x2x1_tensor16x8x32_by_fusion_tactic,1,413,ENGINE_INSPECTOR_METADATA
mixed_prefill,L17:down_proj,LINEAR,8,1024,3072,FP16,sm80_xmma_gemm_f16f16_f16f16_f16_nn_n_tilesize128x64x64_stage3_warpsize2x2x1_tensor16x8x16_by_fusion_tactic,1,414,ENGINE_INSPECTOR_METADATA
mixed_prefill,L18:v_proj,LINEAR,8,1024,1024,INT8,sm80_xmma_gemm_i8i8_i8i32_f32_tn_n_tilesize32x64x64_stage6_warpsize2x2x1_tensor16x8x32_by_fusion_tactic,1,418,ENGINE_INSPECTOR_METADATA
mixed_prefill,L18:k_proj,LINEAR,8,1024,1024,INT8,sm80_xmma_gemm_i8i8_i8i32_f32_tn_n_tilesize32x64x64_stage6_warpsize2x2x1_tensor16x8x32_by_fusion_tactic,1,422,ENGINE_INSPECTOR_METADATA
mixed_prefill,L18:q_proj,LINEAR,8,2048,1024,INT8,sm80_xmma_gemm_i8f32_i8i32_f32_tn_n_tilesize32x64x64_stage6_warpsize2x2x1_tensor16x8x32_by_fusion_tactic,1,426,ENGINE_INSPECTOR_METADATA
mixed_prefill,L18:o_proj,LINEAR,8,128,-1,UNKNOWN,_gemm_mha_v2_0x2f61b06ce635a250b28ae8ee2ab3b5cb,1,431,ENGINE_INSPECTOR_METADATA
mixed_prefill,L18:o_proj,LINEAR,8,1024,2048,INT8,sm80_xmma_gemm_i8i8_i8i32_f32_tn_n_tilesize32x64x64_stage6_warpsize2x2x1_tensor16x8x32_by_fusion_tactic,1,433,ENGINE_INSPECTOR_METADATA
mixed_prefill,L18:up_proj,LINEAR,8,3072,1024,FP16,ampere_h16816gemm_128x64_ldg8_nn_v1,1,435,ENGINE_INSPECTOR_METADATA
mixed_prefill,L18:gate_proj,LINEAR,8,3072,1024,INT8,sm80_xmma_gemm_i8i8_i8i32_f32_tn_n_tilesize32x64x64_stage6_warpsize2x2x1_tensor16x8x32_by_fusion_tactic,1,436,ENGINE_INSPECTOR_METADATA
mixed_prefill,L18:down_proj,LINEAR,8,1024,3072,FP16,sm80_xmma_gemm_f16f16_f16f16_f16_nn_n_tilesize128x64x64_stage3_warpsize2x2x1_tensor16x8x16_by_fusion_tactic,1,437,ENGINE_INSPECTOR_METADATA
mixed_prefill,L19:v_proj,LINEAR,8,1024,1024,INT8,sm80_xmma_gemm_i8i8_i8i32_f32_tn_n_tilesize32x64x64_stage6_warpsize2x2x1_tensor16x8x32_by_fusion_tactic,1,441,ENGINE_INSPECTOR_METADATA
mixed_prefill,L19:k_proj,LINEAR,8,1024,1024,INT8,sm80_xmma_gemm_i8i8_i8i32_f32_tn_n_tilesize32x64x64_stage6_warpsize2x2x1_tensor16x8x32_by_fusion_tactic,1,445,ENGINE_INSPECTOR_METADATA
mixed_prefill,L19:q_proj,LINEAR,8,2048,1024,INT8,sm80_xmma_gemm_i8f32_i8i32_f32_tn_n_tilesize32x64x64_stage6_warpsize2x2x1_tensor16x8x32_by_fusion_tactic,1,449,ENGINE_INSPECTOR_METADATA
mixed_prefill,L19:o_proj,LINEAR,8,128,-1,UNKNOWN,_gemm_mha_v2_0xab4761469dea155adca77ef52bd80a61,1,454,ENGINE_INSPECTOR_METADATA
mixed_prefill,L19:o_proj,LINEAR,8,1024,2048,INT8,sm80_xmma_gemm_i8i8_i8i32_f32_tn_n_tilesize32x64x64_stage6_warpsize2x2x1_tensor16x8x32_by_fusion_tactic,1,456,ENGINE_INSPECTOR_METADATA
mixed_prefill,L19:up_proj,LINEAR,8,3072,1024,FP16,ampere_h16816gemm_128x64_ldg8_nn_v1,1,458,ENGINE_INSPECTOR_METADATA
mixed_prefill,L19:gate_proj,LINEAR,8,3072,1024,INT8,sm80_xmma_gemm_i8i8_i8i32_f32_tn_n_tilesize32x64x64_stage6_warpsize2x2x1_tensor16x8x32_by_fusion_tactic,1,459,ENGINE_INSPECTOR_METADATA
mixed_prefill,L19:down_proj,LINEAR,8,1024,3072,FP16,sm80_xmma_gemm_f16f16_f16f16_f16_nn_n_tilesize128x64x64_stage3_warpsize2x2x1_tensor16x8x16_by_fusion_tactic,1,460,ENGINE_INSPECTOR_METADATA
mixed_prefill,L20:v_proj,LINEAR,8,1024,1024,INT8,sm80_xmma_gemm_i8i8_i8i32_f32_tn_n_tilesize32x64x64_stage6_warpsize2x2x1_tensor16x8x32_by_fusion_tactic,1,464,ENGINE_INSPECTOR_METADATA
mixed_prefill,L20:k_proj,LINEAR,8,1024,1024,INT8,sm80_xmma_gemm_i8i8_i8i32_f32_tn_n_tilesize32x64x64_stage6_warpsize2x2x1_tensor16x8x32_by_fusion_tactic,1,468,ENGINE_INSPECTOR_METADATA
mixed_prefill,L20:q_proj,LINEAR,8,2048,1024,INT8,sm80_xmma_gemm_i8f32_i8i32_f32_tn_n_tilesize32x64x64_stage6_warpsize2x2x1_tensor16x8x32_by_fusion_tactic,1,472,ENGINE_INSPECTOR_METADATA
mixed_prefill,L20:o_proj,LINEAR,8,128,-1,UNKNOWN,_gemm_mha_v2_0xee0414de60764f75e46b3b8d1e16fc19,1,477,ENGINE_INSPECTOR_METADATA
mixed_prefill,L20:o_proj,LINEAR,8,1024,2048,INT8,sm80_xmma_gemm_i8i8_i8i32_f32_tn_n_tilesize32x64x64_stage6_warpsize2x2x1_tensor16x8x32_by_fusion_tactic,1,479,ENGINE_INSPECTOR_METADATA
mixed_prefill,L20:up_proj,LINEAR,8,3072,1024,FP16,ampere_h16816gemm_128x64_ldg8_nn_v1,1,481,ENGINE_INSPECTOR_METADATA
mixed_prefill,L20:gate_proj,LINEAR,8,3072,1024,INT8,sm80_xmma_gemm_i8i8_i8i32_f32_tn_n_tilesize32x64x64_stage6_warpsize2x2x1_tensor16x8x32_by_fusion_tactic,1,482,ENGINE_INSPECTOR_METADATA
mixed_prefill,L20:down_proj,LINEAR,8,1024,3072,FP16,sm80_xmma_gemm_f16f16_f16f16_f16_nn_n_tilesize128x64x64_stage3_warpsize2x2x1_tensor16x8x16_by_fusion_tactic,1,483,ENGINE_INSPECTOR_METADATA
mixed_prefill,L21:v_proj,LINEAR,8,1024,1024,INT8,sm80_xmma_gemm_i8i8_i8i32_f32_tn_n_tilesize32x64x64_stage6_warpsize2x2x1_tensor16x8x32_by_fusion_tactic,1,487,ENGINE_INSPECTOR_METADATA
mixed_prefill,L21:k_proj,LINEAR,8,1024,1024,INT8,sm80_xmma_gemm_i8i8_i8i32_f32_tn_n_tilesize32x64x64_stage6_warpsize2x2x1_tensor16x8x32_by_fusion_tactic,1,491,ENGINE_INSPECTOR_METADATA
mixed_prefill,L21:q_proj,LINEAR,8,2048,1024,INT8,sm80_xmma_gemm_i8f32_i8i32_f32_tn_n_tilesize32x64x64_stage6_warpsize2x2x1_tensor16x8x32_by_fusion_tactic,1,495,ENGINE_INSPECTOR_METADATA
mixed_prefill,L21:o_proj,LINEAR,8,128,-1,UNKNOWN,_gemm_mha_v2_0xc2d92b3cbb126a251b76d78c57684e17,1,500,ENGINE_INSPECTOR_METADATA
mixed_prefill,L21:o_proj,LINEAR,8,1024,2048,INT8,sm80_xmma_gemm_i8i8_i8i32_f32_tn_n_tilesize32x64x64_stage6_warpsize2x2x1_tensor16x8x32_by_fusion_tactic,1,502,ENGINE_INSPECTOR_METADATA
mixed_prefill,L21:up_proj,LINEAR,8,3072,1024,FP16,ampere_h16816gemm_128x64_ldg8_nn_v1,1,504,ENGINE_INSPECTOR_METADATA
mixed_prefill,L21:gate_proj,LINEAR,8,3072,1024,INT8,sm80_xmma_gemm_i8i8_i8i32_f32_tn_n_tilesize32x64x64_stage6_warpsize2x2x1_tensor16x8x32_by_fusion_tactic,1,505,ENGINE_INSPECTOR_METADATA
mixed_prefill,L21:down_proj,LINEAR,8,1024,3072,FP16,sm80_xmma_gemm_f16f16_f16f16_f16_nn_n_tilesize128x64x64_stage3_warpsize2x2x1_tensor16x8x16_by_fusion_tactic,1,506,ENGINE_INSPECTOR_METADATA
mixed_prefill,L22:v_proj,LINEAR,8,1024,1024,INT8,sm80_xmma_gemm_i8i8_i8i32_f32_tn_n_tilesize32x64x64_stage6_warpsize2x2x1_tensor16x8x32_by_fusion_tactic,1,510,ENGINE_INSPECTOR_METADATA
mixed_prefill,L22:k_proj,LINEAR,8,1024,1024,INT8,sm80_xmma_gemm_i8i8_i8i32_f32_tn_n_tilesize32x64x64_stage6_warpsize2x2x1_tensor16x8x32_by_fusion_tactic,1,514,ENGINE_INSPECTOR_METADATA
mixed_prefill,L22:q_proj,LINEAR,8,2048,1024,INT8,sm80_xmma_gemm_i8f32_i8i32_f32_tn_n_tilesize32x64x64_stage6_warpsize2x2x1_tensor16x8x32_by_fusion_tactic,1,518,ENGINE_INSPECTOR_METADATA
mixed_prefill,L22:o_proj,LINEAR,8,128,-1,UNKNOWN,_gemm_mha_v2_0x582f9c30de38a93e722c6de99876bc60,1,523,ENGINE_INSPECTOR_METADATA
mixed_prefill,L22:o_proj,LINEAR,8,1024,2048,INT8,sm80_xmma_gemm_i8i8_i8i32_f32_tn_n_tilesize32x64x64_stage6_warpsize2x2x1_tensor16x8x32_by_fusion_tactic,1,525,ENGINE_INSPECTOR_METADATA
mixed_prefill,L22:up_proj,LINEAR,8,3072,1024,FP16,ampere_h16816gemm_128x64_ldg8_nn_v1,1,527,ENGINE_INSPECTOR_METADATA
mixed_prefill,L22:gate_proj,LINEAR,8,3072,1024,INT8,sm80_xmma_gemm_i8i8_i8i32_f32_tn_n_tilesize32x64x64_stage6_warpsize2x2x1_tensor16x8x32_by_fusion_tactic,1,528,ENGINE_INSPECTOR_METADATA
mixed_prefill,L22:down_proj,LINEAR,8,1024,3072,FP16,sm80_xmma_gemm_f16f16_f16f16_f16_nn_n_tilesize128x64x64_stage3_warpsize2x2x1_tensor16x8x16_by_fusion_tactic,1,529,ENGINE_INSPECTOR_METADATA
mixed_prefill,L23:v_proj,LINEAR,8,1024,1024,INT8,sm80_xmma_gemm_i8i8_i8i32_f32_tn_n_tilesize32x64x64_stage6_warpsize2x2x1_tensor16x8x32_by_fusion_tactic,1,533,ENGINE_INSPECTOR_METADATA
mixed_prefill,L23:k_proj,LINEAR,8,1024,1024,INT8,sm80_xmma_gemm_i8i8_i8i32_f32_tn_n_tilesize32x64x64_stage6_warpsize2x2x1_tensor16x8x32_by_fusion_tactic,1,537,ENGINE_INSPECTOR_METADATA
mixed_prefill,L23:q_proj,LINEAR,8,2048,1024,INT8,sm80_xmma_gemm_i8f32_i8i32_f32_tn_n_tilesize32x64x64_stage6_warpsize2x2x1_tensor16x8x32_by_fusion_tactic,1,541,ENGINE_INSPECTOR_METADATA
mixed_prefill,L23:o_proj,LINEAR,8,128,-1,UNKNOWN,_gemm_mha_v2_0xf4c36af1b3c39fab3312671f178aa157,1,546,ENGINE_INSPECTOR_METADATA
mixed_prefill,L23:o_proj,LINEAR,8,1024,2048,INT8,sm80_xmma_gemm_i8i8_i8i32_f32_tn_n_tilesize32x64x64_stage6_warpsize2x2x1_tensor16x8x32_by_fusion_tactic,1,548,ENGINE_INSPECTOR_METADATA
mixed_prefill,L23:up_proj,LINEAR,8,3072,1024,FP16,ampere_h16816gemm_128x64_ldg8_nn_v1,1,550,ENGINE_INSPECTOR_METADATA
mixed_prefill,L23:gate_proj,LINEAR,8,3072,1024,INT8,sm80_xmma_gemm_i8i8_i8i32_f32_tn_n_tilesize32x64x64_stage6_warpsize2x2x1_tensor16x8x32_by_fusion_tactic,1,551,ENGINE_INSPECTOR_METADATA
mixed_prefill,L23:down_proj,LINEAR,8,1024,3072,FP16,sm80_xmma_gemm_f16f16_f16f16_f16_nn_n_tilesize128x64x64_stage3_warpsize2x2x1_tensor16x8x16_by_fusion_tactic,1,552,ENGINE_INSPECTOR_METADATA
mixed_prefill,L24:v_proj,LINEAR,8,1024,1024,INT8,sm80_xmma_gemm_i8i8_i8i32_f32_tn_n_tilesize32x64x64_stage6_warpsize2x2x1_tensor16x8x32_by_fusion_tactic,1,556,ENGINE_INSPECTOR_METADATA
mixed_prefill,L24:k_proj,LINEAR,8,1024,1024,INT8,sm80_xmma_gemm_i8i8_i8i32_f32_tn_n_tilesize32x64x64_stage6_warpsize2x2x1_tensor16x8x32_by_fusion_tactic,1,560,ENGINE_INSPECTOR_METADATA
mixed_prefill,L24:q_proj,LINEAR,8,2048,1024,INT8,sm80_xmma_gemm_i8f32_i8i32_f32_tn_n_tilesize32x64x64_stage6_warpsize2x2x1_tensor16x8x32_by_fusion_tactic,1,564,ENGINE_INSPECTOR_METADATA
mixed_prefill,L24:o_proj,LINEAR,8,128,-1,UNKNOWN,_gemm_mha_v2_0xe6bc19e69c82f8044e9874292acae825,1,569,ENGINE_INSPECTOR_METADATA
mixed_prefill,L24:o_proj,LINEAR,8,1024,2048,INT8,sm80_xmma_gemm_i8i8_i8i32_f32_tn_n_tilesize32x64x64_stage6_warpsize2x2x1_tensor16x8x32_by_fusion_tactic,1,571,ENGINE_INSPECTOR_METADATA
mixed_prefill,L24:up_proj,LINEAR,8,3072,1024,FP16,ampere_h16816gemm_128x64_ldg8_nn_v1,1,573,ENGINE_INSPECTOR_METADATA
mixed_prefill,L24:gate_proj,LINEAR,8,3072,1024,INT8,sm80_xmma_gemm_i8i8_i8i32_f32_tn_n_tilesize32x64x64_stage6_warpsize2x2x1_tensor16x8x32_by_fusion_tactic,1,574,ENGINE_INSPECTOR_METADATA
mixed_prefill,L24:down_proj,LINEAR,8,1024,3072,FP16,sm80_xmma_gemm_f16f16_f16f16_f16_nn_n_tilesize128x64x64_stage3_warpsize2x2x1_tensor16x8x16_by_fusion_tactic,1,575,ENGINE_INSPECTOR_METADATA
mixed_prefill,L25:v_proj,LINEAR,8,1024,1024,INT8,sm80_xmma_gemm_i8i8_i8i32_f32_tn_n_tilesize32x64x64_stage6_warpsize2x2x1_tensor16x8x32_by_fusion_tactic,1,579,ENGINE_INSPECTOR_METADATA
mixed_prefill,L25:k_proj,LINEAR,8,1024,1024,INT8,sm80_xmma_gemm_i8i8_i8i32_f32_tn_n_tilesize32x64x64_stage6_warpsize2x2x1_tensor16x8x32_by_fusion_tactic,1,583,ENGINE_INSPECTOR_METADATA
mixed_prefill,L25:q_proj,LINEAR,8,2048,1024,INT8,sm80_xmma_gemm_i8f32_i8i32_f32_tn_n_tilesize32x64x64_stage6_warpsize2x2x1_tensor16x8x32_by_fusion_tactic,1,587,ENGINE_INSPECTOR_METADATA
mixed_prefill,L25:o_proj,LINEAR,8,128,-1,UNKNOWN,_gemm_mha_v2_0x122d493ce64aa00c197ae40baf03a637,1,592,ENGINE_INSPECTOR_METADATA
mixed_prefill,L25:o_proj,LINEAR,8,1024,2048,INT8,sm80_xmma_gemm_i8i8_i8i32_f32_tn_n_tilesize32x64x64_stage6_warpsize2x2x1_tensor16x8x32_by_fusion_tactic,1,594,ENGINE_INSPECTOR_METADATA
mixed_prefill,L25:up_proj,LINEAR,8,3072,1024,FP16,ampere_h16816gemm_128x64_ldg8_nn_v1,1,596,ENGINE_INSPECTOR_METADATA
mixed_prefill,L25:gate_proj,LINEAR,8,3072,1024,INT8,sm80_xmma_gemm_i8i8_i8i32_f32_tn_n_tilesize32x64x64_stage6_warpsize2x2x1_tensor16x8x32_by_fusion_tactic,1,597,ENGINE_INSPECTOR_METADATA
mixed_prefill,L25:down_proj,LINEAR,8,1024,3072,FP16,sm80_xmma_gemm_f16f16_f16f16_f16_nn_n_tilesize128x64x64_stage3_warpsize2x2x1_tensor16x8x16_by_fusion_tactic,1,598,ENGINE_INSPECTOR_METADATA
mixed_prefill,L26:v_proj,LINEAR,8,1024,1024,INT8,sm80_xmma_gemm_i8i8_i8i32_f32_tn_n_tilesize32x64x64_stage6_warpsize2x2x1_tensor16x8x32_by_fusion_tactic,1,602,ENGINE_INSPECTOR_METADATA
mixed_prefill,L26:k_proj,LINEAR,8,1024,1024,INT8,sm80_xmma_gemm_i8i8_i8i32_f32_tn_n_tilesize32x64x64_stage6_warpsize2x2x1_tensor16x8x32_by_fusion_tactic,1,606,ENGINE_INSPECTOR_METADATA
mixed_prefill,L26:q_proj,LINEAR,8,2048,1024,INT8,sm80_xmma_gemm_i8f32_i8i32_f32_tn_n_tilesize32x64x64_stage6_warpsize2x2x1_tensor16x8x32_by_fusion_tactic,1,610,ENGINE_INSPECTOR_METADATA
mixed_prefill,L26:o_proj,LINEAR,8,128,-1,UNKNOWN,_gemm_mha_v2_0x868207ee750ff7049028a80d32d17323,1,615,ENGINE_INSPECTOR_METADATA
mixed_prefill,L26:o_proj,LINEAR,8,1024,2048,INT8,sm80_xmma_gemm_i8i8_i8i32_f32_tn_n_tilesize32x64x64_stage6_warpsize2x2x1_tensor16x8x32_by_fusion_tactic,1,617,ENGINE_INSPECTOR_METADATA
mixed_prefill,L26:up_proj,LINEAR,8,3072,1024,FP16,ampere_h16816gemm_128x64_ldg8_nn_v1,1,619,ENGINE_INSPECTOR_METADATA
mixed_prefill,L26:gate_proj,LINEAR,8,3072,1024,INT8,sm80_xmma_gemm_i8i8_i8i32_f32_tn_n_tilesize32x64x64_stage6_warpsize2x2x1_tensor16x8x32_by_fusion_tactic,1,620,ENGINE_INSPECTOR_METADATA
mixed_prefill,L26:down_proj,LINEAR,8,1024,3072,FP16,sm80_xmma_gemm_f16f16_f16f16_f16_nn_n_tilesize128x64x64_stage3_warpsize2x2x1_tensor16x8x16_by_fusion_tactic,1,621,ENGINE_INSPECTOR_METADATA
mixed_prefill,L27:v_proj,LINEAR,8,1024,1024,INT8,sm80_xmma_gemm_i8i8_i8i32_f32_tn_n_tilesize32x64x64_stage6_warpsize2x2x1_tensor16x8x32_by_fusion_tactic,1,625,ENGINE_INSPECTOR_METADATA
mixed_prefill,L27:k_proj,LINEAR,8,1024,1024,INT8,sm80_xmma_gemm_i8i8_i8i32_f32_tn_n_tilesize32x64x64_stage6_warpsize2x2x1_tensor16x8x32_by_fusion_tactic,1,629,ENGINE_INSPECTOR_METADATA
mixed_prefill,L27:q_proj,LINEAR,8,2048,1024,INT8,sm80_xmma_gemm_i8f32_i8i32_f32_tn_n_tilesize32x64x64_stage6_warpsize2x2x1_tensor16x8x32_by_fusion_tactic,1,633,ENGINE_INSPECTOR_METADATA
mixed_prefill,L27:o_proj,LINEAR,8,1024,2048,FP16,sm80_xmma_gemm_f16f16_f16f16_f16_nn_n_tilesize128x64x64_stage3_warpsize2x2x1_tensor16x8x16_by_fusion_tactic,1,639,ENGINE_INSPECTOR_METADATA
mixed_prefill,L27:gate_proj,LINEAR,8,3072,1024,FP16,ampere_h16816gemm_128x64_ldg8_nn_v1,1,642,ENGINE_INSPECTOR_METADATA
mixed_prefill,L27:up_proj,LINEAR,8,3072,1024,FP16,ampere_h16816gemm_128x64_ldg8_nn_v1,1,644,ENGINE_INSPECTOR_METADATA
mixed_prefill,L27:down_proj,LINEAR,8,1024,3072,FP16,sm80_xmma_gemm_f16f16_f16f16_f16_nn_n_tilesize128x64x64_stage3_warpsize2x2x1_tensor16x8x16_by_fusion_tactic,1,648,ENGINE_INSPECTOR_METADATA
mixed_decode,L0:v_proj,LINEAR,1,1024,1024,INT8,sm80_xmma_gemm_i8f32_i8i32_f32_tn_n_tilesize32x64x64_stage6_warpsize2x2x1_tensor16x8x32_by_fusion_tactic,1,4,ENGINE_INSPECTOR_METADATA
mixed_decode,L0:k_proj,LINEAR,1,1024,1024,INT8,sm80_xmma_gemm_i8f32_i8i32_f32_tn_n_tilesize32x64x64_stage6_warpsize2x2x1_tensor16x8x32_by_fusion_tactic,1,8,ENGINE_INSPECTOR_METADATA
mixed_decode,L0:q_proj,LINEAR,1,2048,1024,INT8,sm80_xmma_gemm_i8f32_i8i32_f32_tn_n_tilesize32x64x64_stage6_warpsize2x2x1_tensor16x8x32_by_fusion_tactic,1,11,ENGINE_INSPECTOR_METADATA
mixed_decode,L0:ATTENTION_SCORE,ATTENTION_GEMM,UNKNOWN,UNKNOWN,UNKNOWN,FP16,sm80_xmma_gemm_f16f16_f16f32_f32_nn_n_tilesize32x32x64_stage6_warpsize2x2x1_tensor16x8x16_aligna2_alignc2,1,15,ENGINE_INSPECTOR_METADATA
mixed_decode,L0:ATTENTION_VALUE,ATTENTION_GEMM,UNKNOWN,UNKNOWN,UNKNOWN,FP16,sm80_xmma_gemm_f16f16_f16f32_f32_nn_n_tilesize64x128x32_stage5_warpsize2x2x1_tensor16x8x16_aligna2_alignc2,1,18,ENGINE_INSPECTOR_METADATA
mixed_decode,L0:o_proj,LINEAR,1,1024,2048,INT8,sm80_xmma_gemm_i8f32_i8i32_f32_tn_n_tilesize32x64x64_stage6_warpsize2x2x1_tensor16x8x32_by_fusion_tactic,1,20,ENGINE_INSPECTOR_METADATA
mixed_decode,L0:up_proj,LINEAR,1,3072,1024,FP16,sm80_xmma_gemm_f16f16_f16f16_f16_tn_n_tilesize32x32x64_stage6_warpsize2x2x1_tensor16x8x16,1,22,ENGINE_INSPECTOR_METADATA
mixed_decode,L0:gate_proj,LINEAR,1,3072,1024,INT8,sm80_xmma_gemm_i8i8_i8i32_f32_tn_n_tilesize32x64x64_stage6_warpsize2x2x1_tensor16x8x32_by_fusion_tactic,1,23,ENGINE_INSPECTOR_METADATA
mixed_decode,L0:down_proj,LINEAR,1,1024,3072,FP16,sm80_xmma_gemm_f16f16_f16f16_f16_nn_n_tilesize64x128x32_stage5_warpsize2x2x1_tensor16x8x16_by_fusion_tactic,1,24,ENGINE_INSPECTOR_METADATA
mixed_decode,L1:v_proj,LINEAR,1,1024,1024,INT8,sm80_xmma_gemm_i8f32_i8i32_f32_tn_n_tilesize32x64x64_stage6_warpsize2x2x1_tensor16x8x32_by_fusion_tactic,1,28,ENGINE_INSPECTOR_METADATA
mixed_decode,L1:k_proj,LINEAR,1,1024,1024,INT8,sm80_xmma_gemm_i8f32_i8i32_f32_tn_n_tilesize32x64x64_stage6_warpsize2x2x1_tensor16x8x32_by_fusion_tactic,1,34,ENGINE_INSPECTOR_METADATA
mixed_decode,L1:q_proj,LINEAR,1,2048,1024,INT8,sm80_xmma_gemm_i8f32_i8i32_f32_tn_n_tilesize32x64x64_stage6_warpsize2x2x1_tensor16x8x32_by_fusion_tactic,1,40,ENGINE_INSPECTOR_METADATA
mixed_decode,UNKNOWN,UNKNOWN,UNKNOWN,UNKNOWN,UNKNOWN,FP16,sm80_xmma_gemm_f16f16_f16f32_f32_nn_n_tilesize64x128x32_stage5_warpsize2x2x1_tensor16x8x16_aligna2_alignc2,54,44;47;67;70;92;95;117;120;142;145;167;170;192;195;217;220;241;244;266;269;291;294;316;319;341;344;366;369;390;393;415;418;440;443;465;468;490;493;515;518;540;543;565;568;590;593;615;618;640;643;665;668;690;693,UNKNOWN
mixed_decode,L1:o_proj,LINEAR,1,1024,2048,INT8,sm80_xmma_gemm_i8f32_i8i32_f32_tn_n_tilesize32x64x64_stage6_warpsize2x2x1_tensor16x8x32_by_fusion_tactic,1,49,ENGINE_INSPECTOR_METADATA
mixed_decode,L1:up_proj,LINEAR,1,3072,1024,FP16,sm80_xmma_gemm_f16f16_f16f16_f16_tn_n_tilesize32x32x64_stage6_warpsize2x2x1_tensor16x8x16,1,51,ENGINE_INSPECTOR_METADATA
mixed_decode,L1:gate_proj,LINEAR,1,3072,1024,INT8,sm80_xmma_gemm_i8i8_i8i32_f32_tn_n_tilesize32x64x64_stage6_warpsize2x2x1_tensor16x8x32_by_fusion_tactic,1,52,ENGINE_INSPECTOR_METADATA
mixed_decode,L1:down_proj,LINEAR,1,1024,3072,FP16,sm80_xmma_gemm_f16f16_f16f16_f16_nn_n_tilesize64x128x32_stage5_warpsize2x2x1_tensor16x8x16_by_fusion_tactic,1,53,ENGINE_INSPECTOR_METADATA
mixed_decode,L2:v_proj,LINEAR,1,4096,1024,FP16,sm80_xmma_gemm_f16f16_f16f16_f16_tn_n_tilesize32x32x64_stage6_warpsize2x2x1_tensor16x8x16,1,55,ENGINE_INSPECTOR_METADATA
mixed_decode,L2:o_proj,LINEAR,1,1024,2048,INT8,sm80_xmma_gemm_i8f32_i8i32_f32_tn_n_tilesize32x64x64_stage6_warpsize2x2x1_tensor16x8x32_by_fusion_tactic,1,72,ENGINE_INSPECTOR_METADATA
mixed_decode,L2:up_proj,LINEAR,1,3072,1024,FP16,sm80_xmma_gemm_f16f16_f16f16_f16_tn_n_tilesize32x32x64_stage6_warpsize2x2x1_tensor16x8x16,1,74,ENGINE_INSPECTOR_METADATA
mixed_decode,L2:gate_proj,LINEAR,1,3072,1024,INT8,sm80_xmma_gemm_i8i8_i8i32_f32_tn_n_tilesize32x64x64_stage6_warpsize2x2x1_tensor16x8x32_by_fusion_tactic,1,75,ENGINE_INSPECTOR_METADATA
mixed_decode,L2:down_proj,LINEAR,1,1024,3072,FP16,sm80_xmma_gemm_f16f16_f16f16_f16_nn_n_tilesize64x128x32_stage5_warpsize2x2x1_tensor16x8x16_by_fusion_tactic,1,76,ENGINE_INSPECTOR_METADATA
mixed_decode,L3:v_proj,LINEAR,1,1024,1024,INT8,sm80_xmma_gemm_i8f32_i8i32_f32_tn_n_tilesize32x64x64_stage6_warpsize2x2x1_tensor16x8x32_by_fusion_tactic,1,80,ENGINE_INSPECTOR_METADATA
mixed_decode,L3:k_proj,LINEAR,1,1024,1024,INT8,sm80_xmma_gemm_i8f32_i8i32_f32_tn_n_tilesize32x64x64_stage6_warpsize2x2x1_tensor16x8x32_by_fusion_tactic,1,84,ENGINE_INSPECTOR_METADATA
mixed_decode,L3:q_proj,LINEAR,1,2048,1024,INT8,sm80_xmma_gemm_i8f32_i8i32_f32_tn_n_tilesize32x64x64_stage6_warpsize2x2x1_tensor16x8x32_by_fusion_tactic,1,88,ENGINE_INSPECTOR_METADATA
mixed_decode,L3:o_proj,LINEAR,1,1024,2048,INT8,sm80_xmma_gemm_i8f32_i8i32_f32_tn_n_tilesize32x64x64_stage6_warpsize2x2x1_tensor16x8x32_by_fusion_tactic,1,97,ENGINE_INSPECTOR_METADATA
mixed_decode,L3:up_proj,LINEAR,1,3072,1024,FP16,sm80_xmma_gemm_f16f16_f16f16_f16_tn_n_tilesize32x32x64_stage6_warpsize2x2x1_tensor16x8x16,1,99,ENGINE_INSPECTOR_METADATA
mixed_decode,L3:gate_proj,LINEAR,1,3072,1024,INT8,sm80_xmma_gemm_i8i8_i8i32_f32_tn_n_tilesize32x64x64_stage6_warpsize2x2x1_tensor16x8x32_by_fusion_tactic,1,100,ENGINE_INSPECTOR_METADATA
mixed_decode,L3:down_proj,LINEAR,1,1024,3072,FP16,sm80_xmma_gemm_f16f16_f16f16_f16_nn_n_tilesize64x128x32_stage5_warpsize2x2x1_tensor16x8x16_by_fusion_tactic,1,101,ENGINE_INSPECTOR_METADATA
mixed_decode,L4:v_proj,LINEAR,1,1024,1024,INT8,sm80_xmma_gemm_i8f32_i8i32_f32_tn_n_tilesize32x64x64_stage6_warpsize2x2x1_tensor16x8x32_by_fusion_tactic,1,105,ENGINE_INSPECTOR_METADATA
mixed_decode,L4:k_proj,LINEAR,1,1024,1024,INT8,sm80_xmma_gemm_i8f32_i8i32_f32_tn_n_tilesize32x64x64_stage6_warpsize2x2x1_tensor16x8x32_by_fusion_tactic,1,109,ENGINE_INSPECTOR_METADATA
mixed_decode,L4:q_proj,LINEAR,1,2048,1024,INT8,sm80_xmma_gemm_i8f32_i8i32_f32_tn_n_tilesize32x64x64_stage6_warpsize2x2x1_tensor16x8x32_by_fusion_tactic,1,113,ENGINE_INSPECTOR_METADATA
mixed_decode,L4:o_proj,LINEAR,1,1024,2048,INT8,sm80_xmma_gemm_i8f32_i8i32_f32_tn_n_tilesize32x64x64_stage6_warpsize2x2x1_tensor16x8x32_by_fusion_tactic,1,122,ENGINE_INSPECTOR_METADATA
mixed_decode,L4:up_proj,LINEAR,1,3072,1024,FP16,sm80_xmma_gemm_f16f16_f16f16_f16_tn_n_tilesize32x32x64_stage6_warpsize2x2x1_tensor16x8x16,1,124,ENGINE_INSPECTOR_METADATA
mixed_decode,L4:gate_proj,LINEAR,1,3072,1024,INT8,sm80_xmma_gemm_i8i8_i8i32_f32_tn_n_tilesize32x64x64_stage6_warpsize2x2x1_tensor16x8x32_by_fusion_tactic,1,125,ENGINE_INSPECTOR_METADATA
mixed_decode,L4:down_proj,LINEAR,1,1024,3072,FP16,sm80_xmma_gemm_f16f16_f16f16_f16_nn_n_tilesize64x128x32_stage5_warpsize2x2x1_tensor16x8x16_by_fusion_tactic,1,126,ENGINE_INSPECTOR_METADATA
mixed_decode,L5:v_proj,LINEAR,1,1024,1024,INT8,sm80_xmma_gemm_i8f32_i8i32_f32_tn_n_tilesize32x64x64_stage6_warpsize2x2x1_tensor16x8x32_by_fusion_tactic,1,130,ENGINE_INSPECTOR_METADATA
mixed_decode,L5:k_proj,LINEAR,1,1024,1024,INT8,sm80_xmma_gemm_i8f32_i8i32_f32_tn_n_tilesize32x64x64_stage6_warpsize2x2x1_tensor16x8x32_by_fusion_tactic,1,134,ENGINE_INSPECTOR_METADATA
mixed_decode,L5:q_proj,LINEAR,1,2048,1024,INT8,sm80_xmma_gemm_i8f32_i8i32_f32_tn_n_tilesize32x64x64_stage6_warpsize2x2x1_tensor16x8x32_by_fusion_tactic,1,138,ENGINE_INSPECTOR_METADATA
mixed_decode,L5:o_proj,LINEAR,1,1024,2048,INT8,sm80_xmma_gemm_i8f32_i8i32_f32_tn_n_tilesize32x64x64_stage6_warpsize2x2x1_tensor16x8x32_by_fusion_tactic,1,147,ENGINE_INSPECTOR_METADATA
mixed_decode,L5:up_proj,LINEAR,1,3072,1024,FP16,sm80_xmma_gemm_f16f16_f16f16_f16_tn_n_tilesize32x32x64_stage6_warpsize2x2x1_tensor16x8x16,1,149,ENGINE_INSPECTOR_METADATA
mixed_decode,L5:gate_proj,LINEAR,1,3072,1024,INT8,sm80_xmma_gemm_i8i8_i8i32_f32_tn_n_tilesize32x64x64_stage6_warpsize2x2x1_tensor16x8x32_by_fusion_tactic,1,150,ENGINE_INSPECTOR_METADATA
mixed_decode,L5:down_proj,LINEAR,1,1024,3072,FP16,sm80_xmma_gemm_f16f16_f16f16_f16_nn_n_tilesize64x128x32_stage5_warpsize2x2x1_tensor16x8x16_by_fusion_tactic,1,151,ENGINE_INSPECTOR_METADATA
mixed_decode,L6:v_proj,LINEAR,1,1024,1024,INT8,sm80_xmma_gemm_i8f32_i8i32_f32_tn_n_tilesize32x64x64_stage6_warpsize2x2x1_tensor16x8x32_by_fusion_tactic,1,155,ENGINE_INSPECTOR_METADATA
mixed_decode,L6:k_proj,LINEAR,1,1024,1024,INT8,sm80_xmma_gemm_i8f32_i8i32_f32_tn_n_tilesize32x64x64_stage6_warpsize2x2x1_tensor16x8x32_by_fusion_tactic,1,159,ENGINE_INSPECTOR_METADATA
mixed_decode,L6:q_proj,LINEAR,1,2048,1024,INT8,sm80_xmma_gemm_i8f32_i8i32_f32_tn_n_tilesize32x64x64_stage6_warpsize2x2x1_tensor16x8x32_by_fusion_tactic,1,163,ENGINE_INSPECTOR_METADATA
mixed_decode,L6:o_proj,LINEAR,1,1024,2048,INT8,sm80_xmma_gemm_i8f32_i8i32_f32_tn_n_tilesize32x64x64_stage6_warpsize2x2x1_tensor16x8x32_by_fusion_tactic,1,172,ENGINE_INSPECTOR_METADATA
mixed_decode,L6:up_proj,LINEAR,1,3072,1024,FP16,sm80_xmma_gemm_f16f16_f16f16_f16_tn_n_tilesize32x32x64_stage6_warpsize2x2x1_tensor16x8x16,1,174,ENGINE_INSPECTOR_METADATA
mixed_decode,L6:gate_proj,LINEAR,1,3072,1024,INT8,sm80_xmma_gemm_i8i8_i8i32_f32_tn_n_tilesize32x64x64_stage6_warpsize2x2x1_tensor16x8x32_by_fusion_tactic,1,175,ENGINE_INSPECTOR_METADATA
mixed_decode,L6:down_proj,LINEAR,1,1024,3072,FP16,sm80_xmma_gemm_f16f16_f16f16_f16_nn_n_tilesize64x128x32_stage5_warpsize2x2x1_tensor16x8x16_by_fusion_tactic,1,176,ENGINE_INSPECTOR_METADATA
mixed_decode,L7:v_proj,LINEAR,1,1024,1024,INT8,sm80_xmma_gemm_i8f32_i8i32_f32_tn_n_tilesize32x64x64_stage6_warpsize2x2x1_tensor16x8x32_by_fusion_tactic,1,180,ENGINE_INSPECTOR_METADATA
mixed_decode,L7:k_proj,LINEAR,1,1024,1024,INT8,sm80_xmma_gemm_i8f32_i8i32_f32_tn_n_tilesize32x64x64_stage6_warpsize2x2x1_tensor16x8x32_by_fusion_tactic,1,184,ENGINE_INSPECTOR_METADATA
mixed_decode,L7:q_proj,LINEAR,1,2048,1024,INT8,sm80_xmma_gemm_i8f32_i8i32_f32_tn_n_tilesize32x64x64_stage6_warpsize2x2x1_tensor16x8x32_by_fusion_tactic,1,188,ENGINE_INSPECTOR_METADATA
mixed_decode,L7:o_proj,LINEAR,1,1024,2048,INT8,sm80_xmma_gemm_i8f32_i8i32_f32_tn_n_tilesize32x64x64_stage6_warpsize2x2x1_tensor16x8x32_by_fusion_tactic,1,197,ENGINE_INSPECTOR_METADATA
mixed_decode,L7:up_proj,LINEAR,1,3072,1024,FP16,sm80_xmma_gemm_f16f16_f16f16_f16_tn_n_tilesize32x32x64_stage6_warpsize2x2x1_tensor16x8x16,1,199,ENGINE_INSPECTOR_METADATA
mixed_decode,L7:gate_proj,LINEAR,1,3072,1024,INT8,sm80_xmma_gemm_i8i8_i8i32_f32_tn_n_tilesize32x64x64_stage6_warpsize2x2x1_tensor16x8x32_by_fusion_tactic,1,200,ENGINE_INSPECTOR_METADATA
mixed_decode,L7:down_proj,LINEAR,1,1024,3072,FP16,sm80_xmma_gemm_f16f16_f16f16_f16_nn_n_tilesize64x128x32_stage5_warpsize2x2x1_tensor16x8x16_by_fusion_tactic,1,201,ENGINE_INSPECTOR_METADATA
mixed_decode,L8:v_proj,LINEAR,1,1024,1024,INT8,sm80_xmma_gemm_i8f32_i8i32_f32_tn_n_tilesize32x64x64_stage6_warpsize2x2x1_tensor16x8x32_by_fusion_tactic,1,205,ENGINE_INSPECTOR_METADATA
mixed_decode,L8:k_proj,LINEAR,1,1024,1024,INT8,sm80_xmma_gemm_i8f32_i8i32_f32_tn_n_tilesize32x64x64_stage6_warpsize2x2x1_tensor16x8x32_by_fusion_tactic,1,209,ENGINE_INSPECTOR_METADATA
mixed_decode,L8:q_proj,LINEAR,1,2048,1024,INT8,sm80_xmma_gemm_i8f32_i8i32_f32_tn_n_tilesize32x64x64_stage6_warpsize2x2x1_tensor16x8x32_by_fusion_tactic,1,213,ENGINE_INSPECTOR_METADATA
mixed_decode,L8:o_proj,LINEAR,1,1024,2048,FP16,sm80_xmma_gemm_f16f16_f16f16_f16_tn_n_tilesize32x32x64_stage6_warpsize2x2x1_tensor16x8x16_by_fusion_tactic,1,221,ENGINE_INSPECTOR_METADATA
mixed_decode,L8:up_proj,LINEAR,1,3072,1024,FP16,sm80_xmma_gemm_f16f16_f16f32_f32_tn_n_tilesize32x32x64_stage6_warpsize2x2x1_tensor16x8x16,1,223,ENGINE_INSPECTOR_METADATA
mixed_decode,L8:gate_proj,LINEAR,1,3072,1024,INT8,sm80_xmma_gemm_i8i8_i8i32_f32_tn_n_tilesize32x64x64_stage6_warpsize2x2x1_tensor16x8x32_by_fusion_tactic,1,224,ENGINE_INSPECTOR_METADATA
mixed_decode,L8:down_proj,LINEAR,1,1024,3072,FP16,sm80_xmma_gemm_f16f16_f16f16_f16_nn_n_tilesize64x128x32_stage5_warpsize2x2x1_tensor16x8x16_by_fusion_tactic,1,225,ENGINE_INSPECTOR_METADATA
mixed_decode,L9:v_proj,LINEAR,1,1024,1024,INT8,sm80_xmma_gemm_i8f32_i8i32_f32_tn_n_tilesize32x64x64_stage6_warpsize2x2x1_tensor16x8x32_by_fusion_tactic,1,229,ENGINE_INSPECTOR_METADATA
mixed_decode,L9:k_proj,LINEAR,1,1024,1024,INT8,sm80_xmma_gemm_i8f32_i8i32_f32_tn_n_tilesize32x64x64_stage6_warpsize2x2x1_tensor16x8x32_by_fusion_tactic,1,233,ENGINE_INSPECTOR_METADATA
mixed_decode,L9:q_proj,LINEAR,1,2048,1024,INT8,sm80_xmma_gemm_i8f32_i8i32_f32_tn_n_tilesize32x64x64_stage6_warpsize2x2x1_tensor16x8x32_by_fusion_tactic,1,237,ENGINE_INSPECTOR_METADATA
mixed_decode,L9:o_proj,LINEAR,1,1024,2048,INT8,sm80_xmma_gemm_i8f32_i8i32_f32_tn_n_tilesize32x64x64_stage6_warpsize2x2x1_tensor16x8x32_by_fusion_tactic,1,246,ENGINE_INSPECTOR_METADATA
mixed_decode,L9:up_proj,LINEAR,1,3072,1024,FP16,sm80_xmma_gemm_f16f16_f16f16_f16_tn_n_tilesize32x32x64_stage6_warpsize2x2x1_tensor16x8x16,1,248,ENGINE_INSPECTOR_METADATA
mixed_decode,L9:gate_proj,LINEAR,1,3072,1024,INT8,sm80_xmma_gemm_i8i8_i8i32_f32_tn_n_tilesize32x64x64_stage6_warpsize2x2x1_tensor16x8x32_by_fusion_tactic,1,249,ENGINE_INSPECTOR_METADATA
mixed_decode,L9:down_proj,LINEAR,1,1024,3072,FP16,sm80_xmma_gemm_f16f16_f16f16_f16_nn_n_tilesize64x128x32_stage5_warpsize2x2x1_tensor16x8x16_by_fusion_tactic,1,250,ENGINE_INSPECTOR_METADATA
mixed_decode,L10:v_proj,LINEAR,1,1024,1024,INT8,sm80_xmma_gemm_i8f32_i8i32_f32_tn_n_tilesize32x64x64_stage6_warpsize2x2x1_tensor16x8x32_by_fusion_tactic,1,254,ENGINE_INSPECTOR_METADATA
mixed_decode,L10:k_proj,LINEAR,1,1024,1024,INT8,sm80_xmma_gemm_i8f32_i8i32_f32_tn_n_tilesize32x64x64_stage6_warpsize2x2x1_tensor16x8x32_by_fusion_tactic,1,258,ENGINE_INSPECTOR_METADATA
mixed_decode,L10:q_proj,LINEAR,1,2048,1024,INT8,sm80_xmma_gemm_i8f32_i8i32_f32_tn_n_tilesize32x64x64_stage6_warpsize2x2x1_tensor16x8x32_by_fusion_tactic,1,262,ENGINE_INSPECTOR_METADATA
mixed_decode,L10:o_proj,LINEAR,1,1024,2048,INT8,sm80_xmma_gemm_i8f32_i8i32_f32_tn_n_tilesize32x64x64_stage6_warpsize2x2x1_tensor16x8x32_by_fusion_tactic,1,271,ENGINE_INSPECTOR_METADATA
mixed_decode,L10:up_proj,LINEAR,1,3072,1024,FP16,sm80_xmma_gemm_f16f16_f16f16_f16_tn_n_tilesize32x32x64_stage6_warpsize2x2x1_tensor16x8x16,1,273,ENGINE_INSPECTOR_METADATA
mixed_decode,L10:gate_proj,LINEAR,1,3072,1024,INT8,sm80_xmma_gemm_i8i8_i8i32_f32_tn_n_tilesize32x64x64_stage6_warpsize2x2x1_tensor16x8x32_by_fusion_tactic,1,274,ENGINE_INSPECTOR_METADATA
mixed_decode,L10:down_proj,LINEAR,1,1024,3072,FP16,sm80_xmma_gemm_f16f16_f16f16_f16_nn_n_tilesize64x128x32_stage5_warpsize2x2x1_tensor16x8x16_by_fusion_tactic,1,275,ENGINE_INSPECTOR_METADATA
mixed_decode,L11:v_proj,LINEAR,1,1024,1024,INT8,sm80_xmma_gemm_i8f32_i8i32_f32_tn_n_tilesize32x64x64_stage6_warpsize2x2x1_tensor16x8x32_by_fusion_tactic,1,279,ENGINE_INSPECTOR_METADATA
mixed_decode,L11:k_proj,LINEAR,1,1024,1024,INT8,sm80_xmma_gemm_i8f32_i8i32_f32_tn_n_tilesize32x64x64_stage6_warpsize2x2x1_tensor16x8x32_by_fusion_tactic,1,283,ENGINE_INSPECTOR_METADATA
mixed_decode,L11:q_proj,LINEAR,1,2048,1024,INT8,sm80_xmma_gemm_i8f32_i8i32_f32_tn_n_tilesize32x64x64_stage6_warpsize2x2x1_tensor16x8x32_by_fusion_tactic,1,287,ENGINE_INSPECTOR_METADATA
mixed_decode,L11:o_proj,LINEAR,1,1024,2048,INT8,sm80_xmma_gemm_i8f32_i8i32_f32_tn_n_tilesize32x64x64_stage6_warpsize2x2x1_tensor16x8x32_by_fusion_tactic,1,296,ENGINE_INSPECTOR_METADATA
mixed_decode,L11:up_proj,LINEAR,1,3072,1024,FP16,sm80_xmma_gemm_f16f16_f16f16_f16_tn_n_tilesize32x32x64_stage6_warpsize2x2x1_tensor16x8x16,1,298,ENGINE_INSPECTOR_METADATA
mixed_decode,L11:gate_proj,LINEAR,1,3072,1024,INT8,sm80_xmma_gemm_i8i8_i8i32_f32_tn_n_tilesize32x64x64_stage6_warpsize2x2x1_tensor16x8x32_by_fusion_tactic,1,299,ENGINE_INSPECTOR_METADATA
mixed_decode,L11:down_proj,LINEAR,1,1024,3072,FP16,sm80_xmma_gemm_f16f16_f16f16_f16_nn_n_tilesize64x128x32_stage5_warpsize2x2x1_tensor16x8x16_by_fusion_tactic,1,300,ENGINE_INSPECTOR_METADATA
mixed_decode,L12:v_proj,LINEAR,1,1024,1024,INT8,sm80_xmma_gemm_i8f32_i8i32_f32_tn_n_tilesize32x64x64_stage6_warpsize2x2x1_tensor16x8x32_by_fusion_tactic,1,304,ENGINE_INSPECTOR_METADATA
mixed_decode,L12:k_proj,LINEAR,1,1024,1024,INT8,sm80_xmma_gemm_i8f32_i8i32_f32_tn_n_tilesize32x64x64_stage6_warpsize2x2x1_tensor16x8x32_by_fusion_tactic,1,308,ENGINE_INSPECTOR_METADATA
mixed_decode,L12:q_proj,LINEAR,1,2048,1024,INT8,sm80_xmma_gemm_i8f32_i8i32_f32_tn_n_tilesize32x64x64_stage6_warpsize2x2x1_tensor16x8x32_by_fusion_tactic,1,312,ENGINE_INSPECTOR_METADATA
mixed_decode,L12:o_proj,LINEAR,1,1024,2048,INT8,sm80_xmma_gemm_i8f32_i8i32_f32_tn_n_tilesize32x64x64_stage6_warpsize2x2x1_tensor16x8x32_by_fusion_tactic,1,321,ENGINE_INSPECTOR_METADATA
mixed_decode,L12:up_proj,LINEAR,1,3072,1024,FP16,sm80_xmma_gemm_f16f16_f16f16_f16_tn_n_tilesize32x32x64_stage6_warpsize2x2x1_tensor16x8x16,1,323,ENGINE_INSPECTOR_METADATA
mixed_decode,L12:gate_proj,LINEAR,1,3072,1024,INT8,sm80_xmma_gemm_i8i8_i8i32_f32_tn_n_tilesize32x64x64_stage6_warpsize2x2x1_tensor16x8x32_by_fusion_tactic,1,324,ENGINE_INSPECTOR_METADATA
mixed_decode,L12:down_proj,LINEAR,1,1024,3072,FP16,sm80_xmma_gemm_f16f16_f16f16_f16_nn_n_tilesize64x128x32_stage5_warpsize2x2x1_tensor16x8x16_by_fusion_tactic,1,325,ENGINE_INSPECTOR_METADATA
mixed_decode,L13:v_proj,LINEAR,1,1024,1024,INT8,sm80_xmma_gemm_i8f32_i8i32_f32_tn_n_tilesize32x64x64_stage6_warpsize2x2x1_tensor16x8x32_by_fusion_tactic,1,329,ENGINE_INSPECTOR_METADATA
mixed_decode,L13:k_proj,LINEAR,1,1024,1024,INT8,sm80_xmma_gemm_i8f32_i8i32_f32_tn_n_tilesize32x64x64_stage6_warpsize2x2x1_tensor16x8x32_by_fusion_tactic,1,333,ENGINE_INSPECTOR_METADATA
mixed_decode,L13:q_proj,LINEAR,1,2048,1024,INT8,sm80_xmma_gemm_i8f32_i8i32_f32_tn_n_tilesize32x64x64_stage6_warpsize2x2x1_tensor16x8x32_by_fusion_tactic,1,337,ENGINE_INSPECTOR_METADATA
mixed_decode,L13:o_proj,LINEAR,1,1024,2048,INT8,sm80_xmma_gemm_i8f32_i8i32_f32_tn_n_tilesize32x64x64_stage6_warpsize2x2x1_tensor16x8x32_by_fusion_tactic,1,346,ENGINE_INSPECTOR_METADATA
mixed_decode,L13:up_proj,LINEAR,1,3072,1024,FP16,sm80_xmma_gemm_f16f16_f16f16_f16_tn_n_tilesize32x32x64_stage6_warpsize2x2x1_tensor16x8x16,1,348,ENGINE_INSPECTOR_METADATA
mixed_decode,L13:gate_proj,LINEAR,1,3072,1024,INT8,sm80_xmma_gemm_i8i8_i8i32_f32_tn_n_tilesize32x64x64_stage6_warpsize2x2x1_tensor16x8x32_by_fusion_tactic,1,349,ENGINE_INSPECTOR_METADATA
mixed_decode,L13:down_proj,LINEAR,1,1024,3072,FP16,sm80_xmma_gemm_f16f16_f16f16_f16_nn_n_tilesize64x128x32_stage5_warpsize2x2x1_tensor16x8x16_by_fusion_tactic,1,350,ENGINE_INSPECTOR_METADATA
mixed_decode,L14:v_proj,LINEAR,1,1024,1024,INT8,sm80_xmma_gemm_i8f32_i8i32_f32_tn_n_tilesize32x64x64_stage6_warpsize2x2x1_tensor16x8x32_by_fusion_tactic,1,354,ENGINE_INSPECTOR_METADATA
mixed_decode,L14:k_proj,LINEAR,1,1024,1024,INT8,sm80_xmma_gemm_i8f32_i8i32_f32_tn_n_tilesize32x64x64_stage6_warpsize2x2x1_tensor16x8x32_by_fusion_tactic,1,358,ENGINE_INSPECTOR_METADATA
mixed_decode,L14:q_proj,LINEAR,1,2048,1024,INT8,sm80_xmma_gemm_i8f32_i8i32_f32_tn_n_tilesize32x64x64_stage6_warpsize2x2x1_tensor16x8x32_by_fusion_tactic,1,362,ENGINE_INSPECTOR_METADATA
mixed_decode,L14:o_proj,LINEAR,1,1024,2048,FP16,sm80_xmma_gemm_f16f16_f16f16_f16_tn_n_tilesize32x32x64_stage6_warpsize2x2x1_tensor16x8x16_by_fusion_tactic,1,370,ENGINE_INSPECTOR_METADATA
mixed_decode,L14:up_proj,LINEAR,1,3072,1024,FP16,sm80_xmma_gemm_f16f16_f16f32_f32_tn_n_tilesize32x32x64_stage6_warpsize2x2x1_tensor16x8x16,1,372,ENGINE_INSPECTOR_METADATA
mixed_decode,L14:gate_proj,LINEAR,1,3072,1024,INT8,sm80_xmma_gemm_i8i8_i8i32_f32_tn_n_tilesize32x64x64_stage6_warpsize2x2x1_tensor16x8x32_by_fusion_tactic,1,373,ENGINE_INSPECTOR_METADATA
mixed_decode,L14:down_proj,LINEAR,1,1024,3072,FP16,sm80_xmma_gemm_f16f16_f16f16_f16_nn_n_tilesize64x128x32_stage5_warpsize2x2x1_tensor16x8x16_by_fusion_tactic,1,374,ENGINE_INSPECTOR_METADATA
mixed_decode,L15:v_proj,LINEAR,1,1024,1024,INT8,sm80_xmma_gemm_i8f32_i8i32_f32_tn_n_tilesize32x64x64_stage6_warpsize2x2x1_tensor16x8x32_by_fusion_tactic,1,378,ENGINE_INSPECTOR_METADATA
mixed_decode,L15:k_proj,LINEAR,1,1024,1024,INT8,sm80_xmma_gemm_i8f32_i8i32_f32_tn_n_tilesize32x64x64_stage6_warpsize2x2x1_tensor16x8x32_by_fusion_tactic,1,382,ENGINE_INSPECTOR_METADATA
mixed_decode,L15:q_proj,LINEAR,1,2048,1024,INT8,sm80_xmma_gemm_i8f32_i8i32_f32_tn_n_tilesize32x64x64_stage6_warpsize2x2x1_tensor16x8x32_by_fusion_tactic,1,386,ENGINE_INSPECTOR_METADATA
mixed_decode,L15:o_proj,LINEAR,1,1024,2048,INT8,sm80_xmma_gemm_i8f32_i8i32_f32_tn_n_tilesize32x64x64_stage6_warpsize2x2x1_tensor16x8x32_by_fusion_tactic,1,395,ENGINE_INSPECTOR_METADATA
mixed_decode,L15:up_proj,LINEAR,1,3072,1024,FP16,sm80_xmma_gemm_f16f16_f16f16_f16_tn_n_tilesize32x32x64_stage6_warpsize2x2x1_tensor16x8x16,1,397,ENGINE_INSPECTOR_METADATA
mixed_decode,L15:gate_proj,LINEAR,1,3072,1024,INT8,sm80_xmma_gemm_i8i8_i8i32_f32_tn_n_tilesize32x64x64_stage6_warpsize2x2x1_tensor16x8x32_by_fusion_tactic,1,398,ENGINE_INSPECTOR_METADATA
mixed_decode,L15:down_proj,LINEAR,1,1024,3072,FP16,sm80_xmma_gemm_f16f16_f16f16_f16_nn_n_tilesize64x128x32_stage5_warpsize2x2x1_tensor16x8x16_by_fusion_tactic,1,399,ENGINE_INSPECTOR_METADATA
mixed_decode,L16:v_proj,LINEAR,1,1024,1024,INT8,sm80_xmma_gemm_i8f32_i8i32_f32_tn_n_tilesize32x64x64_stage6_warpsize2x2x1_tensor16x8x32_by_fusion_tactic,1,403,ENGINE_INSPECTOR_METADATA
mixed_decode,L16:k_proj,LINEAR,1,1024,1024,INT8,sm80_xmma_gemm_i8f32_i8i32_f32_tn_n_tilesize32x64x64_stage6_warpsize2x2x1_tensor16x8x32_by_fusion_tactic,1,407,ENGINE_INSPECTOR_METADATA
mixed_decode,L16:q_proj,LINEAR,1,2048,1024,INT8,sm80_xmma_gemm_i8f32_i8i32_f32_tn_n_tilesize32x64x64_stage6_warpsize2x2x1_tensor16x8x32_by_fusion_tactic,1,411,ENGINE_INSPECTOR_METADATA
mixed_decode,L16:o_proj,LINEAR,1,1024,2048,INT8,sm80_xmma_gemm_i8f32_i8i32_f32_tn_n_tilesize32x64x64_stage6_warpsize2x2x1_tensor16x8x32_by_fusion_tactic,1,420,ENGINE_INSPECTOR_METADATA
mixed_decode,L16:up_proj,LINEAR,1,3072,1024,FP16,sm80_xmma_gemm_f16f16_f16f16_f16_tn_n_tilesize32x32x64_stage6_warpsize2x2x1_tensor16x8x16,1,422,ENGINE_INSPECTOR_METADATA
mixed_decode,L16:gate_proj,LINEAR,1,3072,1024,INT8,sm80_xmma_gemm_i8i8_i8i32_f32_tn_n_tilesize32x64x64_stage6_warpsize2x2x1_tensor16x8x32_by_fusion_tactic,1,423,ENGINE_INSPECTOR_METADATA
mixed_decode,L16:down_proj,LINEAR,1,1024,3072,FP16,sm80_xmma_gemm_f16f16_f16f16_f16_nn_n_tilesize64x128x32_stage5_warpsize2x2x1_tensor16x8x16_by_fusion_tactic,1,424,ENGINE_INSPECTOR_METADATA
mixed_decode,L17:v_proj,LINEAR,1,1024,1024,INT8,sm80_xmma_gemm_i8f32_i8i32_f32_tn_n_tilesize32x64x64_stage6_warpsize2x2x1_tensor16x8x32_by_fusion_tactic,1,428,ENGINE_INSPECTOR_METADATA
mixed_decode,L17:k_proj,LINEAR,1,1024,1024,INT8,sm80_xmma_gemm_i8f32_i8i32_f32_tn_n_tilesize32x64x64_stage6_warpsize2x2x1_tensor16x8x32_by_fusion_tactic,1,432,ENGINE_INSPECTOR_METADATA
mixed_decode,L17:q_proj,LINEAR,1,2048,1024,INT8,sm80_xmma_gemm_i8f32_i8i32_f32_tn_n_tilesize32x64x64_stage6_warpsize2x2x1_tensor16x8x32_by_fusion_tactic,1,436,ENGINE_INSPECTOR_METADATA
mixed_decode,L17:o_proj,LINEAR,1,1024,2048,INT8,sm80_xmma_gemm_i8f32_i8i32_f32_tn_n_tilesize32x64x64_stage6_warpsize2x2x1_tensor16x8x32_by_fusion_tactic,1,445,ENGINE_INSPECTOR_METADATA
mixed_decode,L17:up_proj,LINEAR,1,3072,1024,FP16,sm80_xmma_gemm_f16f16_f16f16_f16_tn_n_tilesize32x32x64_stage6_warpsize2x2x1_tensor16x8x16,1,447,ENGINE_INSPECTOR_METADATA
mixed_decode,L17:gate_proj,LINEAR,1,3072,1024,INT8,sm80_xmma_gemm_i8i8_i8i32_f32_tn_n_tilesize32x64x64_stage6_warpsize2x2x1_tensor16x8x32_by_fusion_tactic,1,448,ENGINE_INSPECTOR_METADATA
mixed_decode,L17:down_proj,LINEAR,1,1024,3072,FP16,sm80_xmma_gemm_f16f16_f16f16_f16_nn_n_tilesize64x128x32_stage5_warpsize2x2x1_tensor16x8x16_by_fusion_tactic,1,449,ENGINE_INSPECTOR_METADATA
mixed_decode,L18:v_proj,LINEAR,1,1024,1024,INT8,sm80_xmma_gemm_i8f32_i8i32_f32_tn_n_tilesize32x64x64_stage6_warpsize2x2x1_tensor16x8x32_by_fusion_tactic,1,453,ENGINE_INSPECTOR_METADATA
mixed_decode,L18:k_proj,LINEAR,1,1024,1024,INT8,sm80_xmma_gemm_i8f32_i8i32_f32_tn_n_tilesize32x64x64_stage6_warpsize2x2x1_tensor16x8x32_by_fusion_tactic,1,457,ENGINE_INSPECTOR_METADATA
mixed_decode,L18:q_proj,LINEAR,1,2048,1024,INT8,sm80_xmma_gemm_i8f32_i8i32_f32_tn_n_tilesize32x64x64_stage6_warpsize2x2x1_tensor16x8x32_by_fusion_tactic,1,461,ENGINE_INSPECTOR_METADATA
mixed_decode,L18:o_proj,LINEAR,1,1024,2048,INT8,sm80_xmma_gemm_i8f32_i8i32_f32_tn_n_tilesize32x64x64_stage6_warpsize2x2x1_tensor16x8x32_by_fusion_tactic,1,470,ENGINE_INSPECTOR_METADATA
mixed_decode,L18:up_proj,LINEAR,1,3072,1024,FP16,sm80_xmma_gemm_f16f16_f16f16_f16_tn_n_tilesize32x32x64_stage6_warpsize2x2x1_tensor16x8x16,1,472,ENGINE_INSPECTOR_METADATA
mixed_decode,L18:gate_proj,LINEAR,1,3072,1024,INT8,sm80_xmma_gemm_i8i8_i8i32_f32_tn_n_tilesize32x64x64_stage6_warpsize2x2x1_tensor16x8x32_by_fusion_tactic,1,473,ENGINE_INSPECTOR_METADATA
mixed_decode,L18:down_proj,LINEAR,1,1024,3072,FP16,sm80_xmma_gemm_f16f16_f16f16_f16_nn_n_tilesize64x128x32_stage5_warpsize2x2x1_tensor16x8x16_by_fusion_tactic,1,474,ENGINE_INSPECTOR_METADATA
mixed_decode,L19:v_proj,LINEAR,1,1024,1024,INT8,sm80_xmma_gemm_i8f32_i8i32_f32_tn_n_tilesize32x64x64_stage6_warpsize2x2x1_tensor16x8x32_by_fusion_tactic,1,478,ENGINE_INSPECTOR_METADATA
mixed_decode,L19:k_proj,LINEAR,1,1024,1024,INT8,sm80_xmma_gemm_i8f32_i8i32_f32_tn_n_tilesize32x64x64_stage6_warpsize2x2x1_tensor16x8x32_by_fusion_tactic,1,482,ENGINE_INSPECTOR_METADATA
mixed_decode,L19:q_proj,LINEAR,1,2048,1024,INT8,sm80_xmma_gemm_i8f32_i8i32_f32_tn_n_tilesize32x64x64_stage6_warpsize2x2x1_tensor16x8x32_by_fusion_tactic,1,486,ENGINE_INSPECTOR_METADATA
mixed_decode,L19:o_proj,LINEAR,1,1024,2048,INT8,sm80_xmma_gemm_i8f32_i8i32_f32_tn_n_tilesize32x64x64_stage6_warpsize2x2x1_tensor16x8x32_by_fusion_tactic,1,495,ENGINE_INSPECTOR_METADATA
mixed_decode,L19:up_proj,LINEAR,1,3072,1024,FP16,sm80_xmma_gemm_f16f16_f16f16_f16_tn_n_tilesize32x32x64_stage6_warpsize2x2x1_tensor16x8x16,1,497,ENGINE_INSPECTOR_METADATA
mixed_decode,L19:gate_proj,LINEAR,1,3072,1024,INT8,sm80_xmma_gemm_i8i8_i8i32_f32_tn_n_tilesize32x64x64_stage6_warpsize2x2x1_tensor16x8x32_by_fusion_tactic,1,498,ENGINE_INSPECTOR_METADATA
mixed_decode,L19:down_proj,LINEAR,1,1024,3072,FP16,sm80_xmma_gemm_f16f16_f16f16_f16_nn_n_tilesize64x128x32_stage5_warpsize2x2x1_tensor16x8x16_by_fusion_tactic,1,499,ENGINE_INSPECTOR_METADATA
mixed_decode,L20:v_proj,LINEAR,1,1024,1024,INT8,sm80_xmma_gemm_i8f32_i8i32_f32_tn_n_tilesize32x64x64_stage6_warpsize2x2x1_tensor16x8x32_by_fusion_tactic,1,503,ENGINE_INSPECTOR_METADATA
mixed_decode,L20:k_proj,LINEAR,1,1024,1024,INT8,sm80_xmma_gemm_i8f32_i8i32_f32_tn_n_tilesize32x64x64_stage6_warpsize2x2x1_tensor16x8x32_by_fusion_tactic,1,507,ENGINE_INSPECTOR_METADATA
mixed_decode,L20:q_proj,LINEAR,1,2048,1024,INT8,sm80_xmma_gemm_i8f32_i8i32_f32_tn_n_tilesize32x64x64_stage6_warpsize2x2x1_tensor16x8x32_by_fusion_tactic,1,511,ENGINE_INSPECTOR_METADATA
mixed_decode,L20:o_proj,LINEAR,1,1024,2048,INT8,sm80_xmma_gemm_i8f32_i8i32_f32_tn_n_tilesize32x64x64_stage6_warpsize2x2x1_tensor16x8x32_by_fusion_tactic,1,520,ENGINE_INSPECTOR_METADATA
mixed_decode,L20:up_proj,LINEAR,1,3072,1024,FP16,sm80_xmma_gemm_f16f16_f16f16_f16_tn_n_tilesize32x32x64_stage6_warpsize2x2x1_tensor16x8x16,1,522,ENGINE_INSPECTOR_METADATA
mixed_decode,L20:gate_proj,LINEAR,1,3072,1024,INT8,sm80_xmma_gemm_i8i8_i8i32_f32_tn_n_tilesize32x64x64_stage6_warpsize2x2x1_tensor16x8x32_by_fusion_tactic,1,523,ENGINE_INSPECTOR_METADATA
mixed_decode,L20:down_proj,LINEAR,1,1024,3072,FP16,sm80_xmma_gemm_f16f16_f16f16_f16_nn_n_tilesize64x128x32_stage5_warpsize2x2x1_tensor16x8x16_by_fusion_tactic,1,524,ENGINE_INSPECTOR_METADATA
mixed_decode,L21:v_proj,LINEAR,1,1024,1024,INT8,sm80_xmma_gemm_i8f32_i8i32_f32_tn_n_tilesize32x64x64_stage6_warpsize2x2x1_tensor16x8x32_by_fusion_tactic,1,528,ENGINE_INSPECTOR_METADATA
mixed_decode,L21:k_proj,LINEAR,1,1024,1024,INT8,sm80_xmma_gemm_i8f32_i8i32_f32_tn_n_tilesize32x64x64_stage6_warpsize2x2x1_tensor16x8x32_by_fusion_tactic,1,532,ENGINE_INSPECTOR_METADATA
mixed_decode,L21:q_proj,LINEAR,1,2048,1024,INT8,sm80_xmma_gemm_i8f32_i8i32_f32_tn_n_tilesize32x64x64_stage6_warpsize2x2x1_tensor16x8x32_by_fusion_tactic,1,536,ENGINE_INSPECTOR_METADATA
mixed_decode,L21:o_proj,LINEAR,1,1024,2048,INT8,sm80_xmma_gemm_i8f32_i8i32_f32_tn_n_tilesize32x64x64_stage6_warpsize2x2x1_tensor16x8x32_by_fusion_tactic,1,545,ENGINE_INSPECTOR_METADATA
mixed_decode,L21:up_proj,LINEAR,1,3072,1024,FP16,sm80_xmma_gemm_f16f16_f16f16_f16_tn_n_tilesize32x32x64_stage6_warpsize2x2x1_tensor16x8x16,1,547,ENGINE_INSPECTOR_METADATA
mixed_decode,L21:gate_proj,LINEAR,1,3072,1024,INT8,sm80_xmma_gemm_i8i8_i8i32_f32_tn_n_tilesize32x64x64_stage6_warpsize2x2x1_tensor16x8x32_by_fusion_tactic,1,548,ENGINE_INSPECTOR_METADATA
mixed_decode,L21:down_proj,LINEAR,1,1024,3072,FP16,sm80_xmma_gemm_f16f16_f16f16_f16_nn_n_tilesize64x128x32_stage5_warpsize2x2x1_tensor16x8x16_by_fusion_tactic,1,549,ENGINE_INSPECTOR_METADATA
mixed_decode,L22:v_proj,LINEAR,1,1024,1024,INT8,sm80_xmma_gemm_i8f32_i8i32_f32_tn_n_tilesize32x64x64_stage6_warpsize2x2x1_tensor16x8x32_by_fusion_tactic,1,553,ENGINE_INSPECTOR_METADATA
mixed_decode,L22:k_proj,LINEAR,1,1024,1024,INT8,sm80_xmma_gemm_i8f32_i8i32_f32_tn_n_tilesize32x64x64_stage6_warpsize2x2x1_tensor16x8x32_by_fusion_tactic,1,557,ENGINE_INSPECTOR_METADATA
mixed_decode,L22:q_proj,LINEAR,1,2048,1024,INT8,sm80_xmma_gemm_i8f32_i8i32_f32_tn_n_tilesize32x64x64_stage6_warpsize2x2x1_tensor16x8x32_by_fusion_tactic,1,561,ENGINE_INSPECTOR_METADATA
mixed_decode,L22:o_proj,LINEAR,1,1024,2048,INT8,sm80_xmma_gemm_i8f32_i8i32_f32_tn_n_tilesize32x64x64_stage6_warpsize2x2x1_tensor16x8x32_by_fusion_tactic,1,570,ENGINE_INSPECTOR_METADATA
mixed_decode,L22:up_proj,LINEAR,1,3072,1024,FP16,sm80_xmma_gemm_f16f16_f16f16_f16_tn_n_tilesize32x32x64_stage6_warpsize2x2x1_tensor16x8x16,1,572,ENGINE_INSPECTOR_METADATA
mixed_decode,L22:gate_proj,LINEAR,1,3072,1024,INT8,sm80_xmma_gemm_i8i8_i8i32_f32_tn_n_tilesize32x64x64_stage6_warpsize2x2x1_tensor16x8x32_by_fusion_tactic,1,573,ENGINE_INSPECTOR_METADATA
mixed_decode,L22:down_proj,LINEAR,1,1024,3072,FP16,sm80_xmma_gemm_f16f16_f16f16_f16_nn_n_tilesize64x128x32_stage5_warpsize2x2x1_tensor16x8x16_by_fusion_tactic,1,574,ENGINE_INSPECTOR_METADATA
mixed_decode,L23:v_proj,LINEAR,1,1024,1024,INT8,sm80_xmma_gemm_i8f32_i8i32_f32_tn_n_tilesize32x64x64_stage6_warpsize2x2x1_tensor16x8x32_by_fusion_tactic,1,578,ENGINE_INSPECTOR_METADATA
mixed_decode,L23:k_proj,LINEAR,1,1024,1024,INT8,sm80_xmma_gemm_i8f32_i8i32_f32_tn_n_tilesize32x64x64_stage6_warpsize2x2x1_tensor16x8x32_by_fusion_tactic,1,582,ENGINE_INSPECTOR_METADATA
mixed_decode,L23:q_proj,LINEAR,1,2048,1024,INT8,sm80_xmma_gemm_i8f32_i8i32_f32_tn_n_tilesize32x64x64_stage6_warpsize2x2x1_tensor16x8x32_by_fusion_tactic,1,586,ENGINE_INSPECTOR_METADATA
mixed_decode,L23:o_proj,LINEAR,1,1024,2048,INT8,sm80_xmma_gemm_i8f32_i8i32_f32_tn_n_tilesize32x64x64_stage6_warpsize2x2x1_tensor16x8x32_by_fusion_tactic,1,595,ENGINE_INSPECTOR_METADATA
mixed_decode,L23:up_proj,LINEAR,1,3072,1024,FP16,sm80_xmma_gemm_f16f16_f16f16_f16_tn_n_tilesize32x32x64_stage6_warpsize2x2x1_tensor16x8x16,1,597,ENGINE_INSPECTOR_METADATA
mixed_decode,L23:gate_proj,LINEAR,1,3072,1024,INT8,sm80_xmma_gemm_i8i8_i8i32_f32_tn_n_tilesize32x64x64_stage6_warpsize2x2x1_tensor16x8x32_by_fusion_tactic,1,598,ENGINE_INSPECTOR_METADATA
mixed_decode,L23:down_proj,LINEAR,1,1024,3072,FP16,sm80_xmma_gemm_f16f16_f16f16_f16_nn_n_tilesize64x128x32_stage5_warpsize2x2x1_tensor16x8x16_by_fusion_tactic,1,599,ENGINE_INSPECTOR_METADATA
mixed_decode,L24:v_proj,LINEAR,1,1024,1024,INT8,sm80_xmma_gemm_i8f32_i8i32_f32_tn_n_tilesize32x64x64_stage6_warpsize2x2x1_tensor16x8x32_by_fusion_tactic,1,603,ENGINE_INSPECTOR_METADATA
mixed_decode,L24:k_proj,LINEAR,1,1024,1024,INT8,sm80_xmma_gemm_i8f32_i8i32_f32_tn_n_tilesize32x64x64_stage6_warpsize2x2x1_tensor16x8x32_by_fusion_tactic,1,607,ENGINE_INSPECTOR_METADATA
mixed_decode,L24:q_proj,LINEAR,1,2048,1024,INT8,sm80_xmma_gemm_i8f32_i8i32_f32_tn_n_tilesize32x64x64_stage6_warpsize2x2x1_tensor16x8x32_by_fusion_tactic,1,611,ENGINE_INSPECTOR_METADATA
mixed_decode,L24:o_proj,LINEAR,1,1024,2048,INT8,sm80_xmma_gemm_i8f32_i8i32_f32_tn_n_tilesize32x64x64_stage6_warpsize2x2x1_tensor16x8x32_by_fusion_tactic,1,620,ENGINE_INSPECTOR_METADATA
mixed_decode,L24:up_proj,LINEAR,1,3072,1024,FP16,sm80_xmma_gemm_f16f16_f16f16_f16_tn_n_tilesize32x32x64_stage6_warpsize2x2x1_tensor16x8x16,1,622,ENGINE_INSPECTOR_METADATA
mixed_decode,L24:gate_proj,LINEAR,1,3072,1024,INT8,sm80_xmma_gemm_i8i8_i8i32_f32_tn_n_tilesize32x64x64_stage6_warpsize2x2x1_tensor16x8x32_by_fusion_tactic,1,623,ENGINE_INSPECTOR_METADATA
mixed_decode,L24:down_proj,LINEAR,1,1024,3072,FP16,sm80_xmma_gemm_f16f16_f16f16_f16_nn_n_tilesize64x128x32_stage5_warpsize2x2x1_tensor16x8x16_by_fusion_tactic,1,624,ENGINE_INSPECTOR_METADATA
mixed_decode,L25:v_proj,LINEAR,1,1024,1024,INT8,sm80_xmma_gemm_i8f32_i8i32_f32_tn_n_tilesize32x64x64_stage6_warpsize2x2x1_tensor16x8x32_by_fusion_tactic,1,628,ENGINE_INSPECTOR_METADATA
mixed_decode,L25:k_proj,LINEAR,1,1024,1024,INT8,sm80_xmma_gemm_i8f32_i8i32_f32_tn_n_tilesize32x64x64_stage6_warpsize2x2x1_tensor16x8x32_by_fusion_tactic,1,632,ENGINE_INSPECTOR_METADATA
mixed_decode,L25:q_proj,LINEAR,1,2048,1024,INT8,sm80_xmma_gemm_i8f32_i8i32_f32_tn_n_tilesize32x64x64_stage6_warpsize2x2x1_tensor16x8x32_by_fusion_tactic,1,636,ENGINE_INSPECTOR_METADATA
mixed_decode,L25:o_proj,LINEAR,1,1024,2048,INT8,sm80_xmma_gemm_i8f32_i8i32_f32_tn_n_tilesize32x64x64_stage6_warpsize2x2x1_tensor16x8x32_by_fusion_tactic,1,645,ENGINE_INSPECTOR_METADATA
mixed_decode,L25:up_proj,LINEAR,1,3072,1024,FP16,sm80_xmma_gemm_f16f16_f16f16_f16_tn_n_tilesize32x32x64_stage6_warpsize2x2x1_tensor16x8x16,1,647,ENGINE_INSPECTOR_METADATA
mixed_decode,L25:gate_proj,LINEAR,1,3072,1024,INT8,sm80_xmma_gemm_i8i8_i8i32_f32_tn_n_tilesize32x64x64_stage6_warpsize2x2x1_tensor16x8x32_by_fusion_tactic,1,648,ENGINE_INSPECTOR_METADATA
mixed_decode,L25:down_proj,LINEAR,1,1024,3072,FP16,sm80_xmma_gemm_f16f16_f16f16_f16_nn_n_tilesize64x128x32_stage5_warpsize2x2x1_tensor16x8x16_by_fusion_tactic,1,649,ENGINE_INSPECTOR_METADATA
mixed_decode,L26:v_proj,LINEAR,1,1024,1024,INT8,sm80_xmma_gemm_i8f32_i8i32_f32_tn_n_tilesize32x64x64_stage6_warpsize2x2x1_tensor16x8x32_by_fusion_tactic,1,653,ENGINE_INSPECTOR_METADATA
mixed_decode,L26:k_proj,LINEAR,1,1024,1024,INT8,sm80_xmma_gemm_i8f32_i8i32_f32_tn_n_tilesize32x64x64_stage6_warpsize2x2x1_tensor16x8x32_by_fusion_tactic,1,657,ENGINE_INSPECTOR_METADATA
mixed_decode,L26:q_proj,LINEAR,1,2048,1024,INT8,sm80_xmma_gemm_i8f32_i8i32_f32_tn_n_tilesize32x64x64_stage6_warpsize2x2x1_tensor16x8x32_by_fusion_tactic,1,661,ENGINE_INSPECTOR_METADATA
mixed_decode,L26:o_proj,LINEAR,1,1024,2048,INT8,sm80_xmma_gemm_i8f32_i8i32_f32_tn_n_tilesize32x64x64_stage6_warpsize2x2x1_tensor16x8x32_by_fusion_tactic,1,670,ENGINE_INSPECTOR_METADATA
mixed_decode,L26:up_proj,LINEAR,1,3072,1024,FP16,sm80_xmma_gemm_f16f16_f16f16_f16_tn_n_tilesize32x32x64_stage6_warpsize2x2x1_tensor16x8x16,1,672,ENGINE_INSPECTOR_METADATA
mixed_decode,L26:gate_proj,LINEAR,1,3072,1024,INT8,sm80_xmma_gemm_i8i8_i8i32_f32_tn_n_tilesize32x64x64_stage6_warpsize2x2x1_tensor16x8x32_by_fusion_tactic,1,673,ENGINE_INSPECTOR_METADATA
mixed_decode,L26:down_proj,LINEAR,1,1024,3072,FP16,sm80_xmma_gemm_f16f16_f16f16_f16_nn_n_tilesize64x128x32_stage5_warpsize2x2x1_tensor16x8x16_by_fusion_tactic,1,674,ENGINE_INSPECTOR_METADATA
mixed_decode,L27:v_proj,LINEAR,1,1024,1024,INT8,sm80_xmma_gemm_i8f32_i8i32_f32_tn_n_tilesize32x64x64_stage6_warpsize2x2x1_tensor16x8x32_by_fusion_tactic,1,678,ENGINE_INSPECTOR_METADATA
mixed_decode,L27:k_proj,LINEAR,1,1024,1024,INT8,sm80_xmma_gemm_i8f32_i8i32_f32_tn_n_tilesize32x64x64_stage6_warpsize2x2x1_tensor16x8x32_by_fusion_tactic,1,682,ENGINE_INSPECTOR_METADATA
mixed_decode,L27:q_proj,LINEAR,1,2048,1024,INT8,sm80_xmma_gemm_i8f32_i8i32_f32_tn_n_tilesize32x64x64_stage6_warpsize2x2x1_tensor16x8x32_by_fusion_tactic,1,686,ENGINE_INSPECTOR_METADATA
mixed_decode,L27:o_proj,LINEAR,1,1024,2048,FP16,sm80_xmma_gemm_f16f16_f16f16_f16_tn_n_tilesize32x32x64_stage6_warpsize2x2x1_tensor16x8x16_by_fusion_tactic,1,694,ENGINE_INSPECTOR_METADATA
mixed_decode,L27:up_proj,LINEAR,1,3072,1024,FP16,sm80_xmma_gemm_f16f16_f16f32_f32_tn_n_tilesize32x32x64_stage6_warpsize2x2x1_tensor16x8x16,1,696,ENGINE_INSPECTOR_METADATA
mixed_decode,L27:gate_proj,LINEAR,1,3072,1024,FP16,sm80_xmma_gemm_f16f16_f16f16_f16_tn_n_tilesize32x32x64_stage6_warpsize2x2x1_tensor16x8x16_by_fusion_tactic,1,697,ENGINE_INSPECTOR_METADATA
mixed_decode,L27:down_proj,LINEAR,1,1024,3072,FP16,sm80_xmma_gemm_f16f16_f16f16_f16_nn_n_tilesize64x128x32_stage5_warpsize2x2x1_tensor16x8x16_by_fusion_tactic,1,698,ENGINE_INSPECTOR_METADATA
