PID,TID,DevId,Count,QCount,TAvg (ns),TMed (ns),TMin (ns),TMax (ns),TStdDev (ns),AAvg (ns),AMed (ns),AMin (ns),AMax (ns),AStdDev (ns),QAvg (ns),QMed (ns),QMin (ns),QMax (ns),QStdDev (ns),KAvg (ns),KMed (ns),KMin (ns),KMax (ns),KStdDev (ns),API Name,Kernel Name
648714,648714,0,81,81,12007268.7,12088928.0,1484352,22442560,6310719.2,11046.3,10720.0,9504,16640,1271.9,11962063.8,12042656.0,1433504,22395424,6311146.9,34158.6,34016.0,29088,37120,1553.0,cuLaunchKernel,__myl_AddSqrDivMulMulResSliSliNegConMulMulAddConResRepResTra_0x5aea462b6a819ceadd3ebb32874c078f
648714,648714,0,108,108,11938159.7,12094640.0,1593472,22556704,6174762.1,15808.9,16176.0,10592,20640,2105.6,11908547.9,12067232.0,1559328,22527360,6174839.9,13803.0,13728.0,10912,14944,423.4,cuLaunchKernel,__myl_AddMulMeaAddSqrDivMulMul_0x37f7a26fc5e98dd1cffe0df41b34ef4f
648714,648714,0,112,112,11936791.1,11817696.0,1228896,22903104,6395515.1,21421.4,20848.0,16096,43968,3791.3,11688250.3,11564480.0,963552,22656832,6398609.0,227119.4,228640.0,141056,230848,11606.2,cuLaunchKernelEx,sm80_xmma_gemm_f16f16_f16f16_f16_nn_n_tilesize64x64x64_stage4_warpsize2x2x1_tensor16x8x16_fused
648714,648714,0,112,112,11849797.1,11734304.0,1137888,22814976,6400075.0,22080.0,22304.0,17632,28384,2136.1,11573159.4,11455520.0,856448,22590240,6402216.2,254557.7,256544.0,171712,264640,11614.1,cuLaunchKernelEx,sm80_xmma_gemm_f16f16_f16f16_f16_tn_n_tilesize32x32x64_stage6_warpsize2x2x1_tensor16x8x16_fused
648714,648714,0,328,328,11827921.8,11980688.0,1065408,22757664,6235633.6,19007.0,19328.0,12160,30016,2966.1,11572906.4,11653296.0,805312,22499904,6237150.8,236008.3,242192.0,101856,311424,56816.7,cuLaunchKernelEx,sm80_xmma_gemm_f16f16_f16f32_f32_tn_n_tilesize32x32x64_stage6_warpsize2x2x1_tensor16x8x16_execute_kernel_trt
648714,648714,0,108,108,11816461.6,11978464.0,1478816,22441952,6178907.2,9598.5,9184.0,8352,16480,1552.7,11797537.5,11956544.0,1455456,22423232,6179131.3,9325.6,9312.0,7392,9792,211.5,cuLaunchKernel,__myl_AddSqrDivMulMulResSliSliNegConMulMulAdd_0xf1ba08cc3beaba8ee91b0504be9c2cf4
648714,648714,0,84,84,11604616.0,11602144.0,783904,22432512,6537921.8,13766.9,13920.0,9792,18592,2181.9,11574830.5,11574256.0,750528,22397248,6537854.5,16018.7,15904.0,14848,17664,432.2,cuLaunchKernel,__myl_MulMaxSubExpSumDivMul_0x1108f5a078d6e65507c06537b9b2e43f
648714,648714,0,84,84,11590649.1,11587360.0,791552,22422240,6538050.1,15653.0,15552.0,11072,24224,2252.2,11545579.0,11540048.0,737376,22377312,6538395.0,29417.1,29360.0,26080,31904,1121.8,cuLaunchKernel,__myl_MovResConResRep_0xeb90291bbf009f8413c8500b92afa70a
648714,648714,0,112,112,11430648.3,11314672.0,789504,22439840,6401578.5,17850.6,17680.0,12256,25760,2805.5,11362845.4,11247600.0,722976,22369856,6401140.0,49952.3,50048.0,44800,51264,828.2,cuLaunchKernelEx,sm80_xmma_gemm_f16f16_f16f32_f32_nn_n_tilesize64x128x32_stage5_warpsize2x2x1_tensor16x8x16_aligna2_alignc2_execute_kernel_trt
648714,648714,0,112,112,11423193.4,11311728.0,773088,22442304,6403578.7,9634.3,9408.0,8608,15264,1122.1,11403382.3,11291504.0,748096,22421824,6403881.4,10176.9,10016.0,8384,11136,398.4,cuLaunchKernel,__myl_MovResMulMea_0x61ec5b9962acde3fddf5628b2e6fd459
648714,648714,0,112,112,11422917.7,11306848.0,786144,22440736,6402297.2,17551.7,17792.0,12128,23712,2959.7,11374361.1,11258208.0,735104,22386336,6402371.2,31004.9,30816.0,28288,33280,535.6,cuLaunchKernelEx,sm80_xmma_gemm_f16f16_f16f32_f32_nn_n_tilesize32x32x64_stage6_warpsize2x2x1_tensor16x8x16_aligna2_alignc2_execute_kernel_trt
648714,648714,0,112,112,11407379.4,11298752.0,780608,22419712,6402095.6,12774.6,12416.0,9856,33728,2582.0,11382619.4,11272320.0,750208,22396512,6402481.1,11985.4,11936.0,9216,12672,327.3,cuLaunchKernel,__myl_MovResMulMea_0x8729692710be644f17c7f997918851be
648714,648714,0,84,84,11385725.0,11483216.0,1074112,22025216,6162488.4,14129.1,13616.0,11104,29312,2420.6,11356267.8,11456080.0,1038624,21995936,6162430.6,15328.0,15184.0,14816,16544,410.0,cuLaunchKernel,__myl_NegExpAddDivMulMul_0x35e9fa130a3939e5b59c6ddbd0568b35_com_vec
648714,648714,0,81,81,11358964.1,11533632.0,1368288,21618432,5948740.1,10063.0,9568.0,8288,16992,1773.5,11334523.3,11508832.0,1340096,21594240,5948498.5,14377.9,14240.0,13760,15296,428.5,cuLaunchKernel,__myl_AddSqrDivMulMulTraSliSliNegConMulMulAddRes_0x6acc4948abd0f5b32a0e9f68913929b0_com
648714,648714,0,81,81,11356826.5,11536896.0,1373888,21614464,5949130.3,13954.4,11424.0,9344,57888,6442.7,11324601.3,11499104.0,1336128,21584288,5949663.3,18270.8,18528.0,17376,19104,492.7,cuLaunchKernel,__myl_AddSqrDivMulMulTraSliSliNegConMulMulAddResSliRepResTraRes_0x4ad536b524b3f7a2415d97f02da12733_com
648714,648714,0,168,168,11248677.9,11414608.0,794816,22100128,6149495.7,20986.3,20160.0,16000,39200,3654.6,11022491.4,11158160.0,598784,21846432,6146022.7,205200.2,205536.0,161952,259776,37451.2,cuLaunchKernelEx,sm80_xmma_gemm_f16f16_f16f16_f16_nn_n_tilesize128x64x64_stage3_warpsize2x2x1_tensor16x8x16_fused
648714,648714,0,27,27,11242985.5,11345696.0,1513440,20771136,5841961.7,12035.6,11040.0,9856,28160,3445.1,11209857.2,11313472.0,1477312,20739616,5841906.6,21092.7,20928.0,20224,22048,521.5,cuLaunchKernel,__myl_AddSqrDivMulMulResSliSliNegConMulMulAddConResRepResTra_0x5aea462b6a819ceadd3ebb32874c078f_com
648714,648714,0,252,252,11195600.9,11294528.0,828000,22042688,6141794.5,17863.1,16288.0,13120,76416,4977.8,10919625.1,11042832.0,451264,21784512,6142928.4,258112.6,237024.0,234080,303872,30592.2,cudaLaunchKernel,trt_ampere_h16816gemm_256x64_ldg8_tn_v1
648714,648714,0,112,112,11159903.7,11054528.0,866912,22150144,6384307.8,14791.7,14640.0,11200,30944,2456.8,11132553.7,11026928.0,837472,22123840,6384093.4,12558.3,12512.0,12384,13376,161.6,cuLaunchKernel,__myl_MulMeaAddSqrDivMulMul_0x8548fa9a57c713be1fdaa27c95458b99
648714,648714,0,81,81,11099459.2,11271360.0,1136384,21345984,5951441.7,14343.5,13408.0,10592,25216,3024.4,11070987.5,11244896.0,1101600,21317792,5951025.0,14128.2,13952.0,13728,15040,385.4,cuLaunchKernel,__myl_MulMeaAddSqrDivMulMul_0x7950617bc96f544a93cba59dd9f0896c_com_vec
648714,648714,0,84,84,11011009.9,11100208.0,771488,21647232,6164848.9,14505.9,13440.0,10720,24032,3121.1,10982260.6,11073760.0,735072,21618944,6164479.5,14243.4,14112.0,13600,15360,483.7,cuLaunchKernel,__myl_MulMeaAddSqrDivMulMul_0xecca72c958a3414a0b497095c432af2e_com_vec
648714,648714,0,84,84,10993507.0,11079344.0,735456,21627200,6163913.6,10366.1,10048.0,8960,15648,1294.7,10961194.7,11048432.0,699648,21594784,6164102.0,21946.3,21760.0,21280,23168,500.2,cuLaunchKernel,_gemm_mha_v2_0xb1de950b39aeff343f8e5a6b250b0cff
648714,648714,0,84,84,10978491.8,11092320.0,739872,21609792,6165404.7,13547.0,12912.0,10592,24544,2246.4,10949891.0,11063984.0,699296,21582720,6165517.2,15053.7,15008.0,14688,16032,256.9,cuLaunchKernel,__myl_ResTraResSliRepRes_0xc9f73409107decab95699693f5f53538_com
648714,648714,0,84,84,10976246.1,11066704.0,716672,21613568,6165288.6,11647.6,11328.0,9664,17984,1296.4,10952786.3,11041952.0,693216,21590016,6164858.3,11812.2,12016.0,9920,12448,532.0,cuLaunchKernel,__myl_ResMulMea_0xae152563f1149376365003f94aabf3c4_com_vec
648714,648714,0,84,84,10975773.3,11089376.0,724800,21607648,6164898.8,15699.8,13424.0,11040,77152,7953.9,10948778.3,11064912.0,697024,21583264,6164765.7,11295.2,11264.0,10912,12288,181.5,cuLaunchKernel,__myl_ResMulMea_0xa004b8b1aee1c828801c9405f41c9d8a_com_vec
648714,648714,0,28,28,10874465.1,10995168.0,913824,20770624,6057292.3,17810.3,16480.0,12160,25280,3523.6,10838674.3,10954416.0,868896,20736576,6057348.5,17980.6,17696.0,17376,19648,590.7,cuLaunchKernel,__myl_MovResConResRep_0xeb90291bbf009f8413c8500b92afa70a_com
648714,648714,0,28,28,10863638.9,10975840.0,890464,20765312,6055559.6,14142.9,14480.0,10048,17504,2351.7,10836876.6,10950912.0,860448,20739872,6055956.1,12619.4,12560.0,12096,14784,446.6,cuLaunchKernel,__myl_MulMaxSubExpSumDivMul_0x1108f5a078d6e65507c06537b9b2e43f_com
648714,648714,0,7,7,10771542.9,10771872.0,10760992,10782112,7164.3,73197.7,60320.0,58656,143232,31084.7,583840.0,594304.0,525248,597984,26087.0,10114505.1,10114400.0,10111584,10118560,2188.3,cudaLaunchKernel,trt_ampere_h16816gemm_128x64_ldg8_nn_v1
648714,648714,0,3,1,2033440.0,60000.0,50944,5989376,3425944.1,1978784.0,50784.0,43008,5842560,3346130.4,137184.0,137184.0,137184,137184,0.0,9813.3,9696.0,9632,10112,260.6,cudaLaunchKernel,"void <unnamed>::elementwise_kernel_with_index<int, at::native::arange_cuda_out(const c10::Scalar &, const c10::Scalar &, const c10::Scalar &, at::Tensor &)::[lambda() (instance 1)]::operator ()() const::[lambda() (instance 4)]::operator ()() const::[lambda(long) (instance 1)]>(T1, T2, function_traits<T2>::result_type *)"
648714,648714,0,4,4,906280.0,908176.0,876832,931936,23062.8,24688.0,24976.0,21248,27552,2773.8,722728.0,724496.0,697440,744480,20080.1,158864.0,158704.0,158144,159904,744.8,cudaLaunchKernel,trt_ampere_h16816gemm_64x64_ldg8_relu_stages_64x5_nn_v1
648714,648714,0,1,1,903552.0,903552.0,903552,903552,0.0,16064.0,16064.0,16064,16064,0.0,859392.0,859392.0,859392,859392,0.0,28096.0,28096.0,28096,28096,0.0,cuLaunchKernel,__myl_CasResMulConSinResCosResAddSqrAddSqrDivMulDivMulMulResSliSliNegConMulMulAddConResRepResTraEtc_0x3beb58e4cd3dae3f69eebdbcbcc43980_com
648714,648714,0,4,4,849728.0,831952.0,797184,937824,60975.5,31568.0,30496.0,28128,37152,3975.3,516960.0,502432.0,464288,598688,57375.9,301200.0,301648.0,299520,301984,1152.7,cuLaunchKernelEx,sm80_xmma_gemm_f16f16_f16f16_f16_tn_n_tilesize32x32x64_stage6_warpsize2x2x1_tensor16x8x16_execute_kernel_trt
648714,648714,0,3,3,822421.3,830880.0,800992,835392,18695.0,16821.3,16576.0,16096,17792,874.2,764842.7,773888.0,740768,779872,21062.9,40757.3,40416.0,39424,42432,1532.8,cuLaunchKernel,__myl_CasResMulConSinResCosResAddSqrAddSqrDivMulDivMulMulResSliSliNegConMulMulAddConResRepResTraEtc_0x3beb58e4cd3dae3f69eebdbcbcc43980
648714,648714,0,3,3,800800.0,836512.0,729344,836544,61882.7,15626.7,15680.0,15072,16128,530.0,755413.3,790144.0,684192,791904,61685.8,29760.0,29536.0,29472,30272,444.6,cuLaunchKernel,__myl_CasResMulConSinResCosResAddSqrAddSqrDivMulDivMulMulTraSliSliNegConMulMulAddResSliRepResTraEtc_0xeeda8c3ad0b01a41e68bda37288b89cd_com
648714,648714,0,4,4,700160.0,698576.0,696032,707456,5114.9,82912.0,82016.0,80704,86912,2737.9,597664.0,597936.0,594784,600000,2610.0,19584.0,19200.0,19136,20800,811.6,cuLaunchKernel,__myl_MovMulMeaAddSqrDivMulMul_0x2a5532526e8c57d9427ed6b89bda5183
648714,648714,0,7,7,686752.0,688064.0,680576,689024,2879.1,70422.9,70048.0,69312,72160,1151.5,595908.6,596928.0,587936,599008,3656.2,20420.6,20288.0,18720,21472,934.7,cuLaunchKernel,__myl_MovMulMeaAddSqrDivMulMulCas_0x62665ed68e2d72f01be2ec50e848f2e2_vec
648714,648714,0,3,3,681461.3,685984.0,667232,691168,12592.6,83082.7,85376.0,77888,85984,4509.0,586901.3,594560.0,569792,596352,14844.2,11477.3,11456.0,11232,11744,256.7,cuLaunchKernel,__myl_RepIotIotRepCasAddCasEqlLtOrSel_0xeed00a2999d9a920ce4be4d44852c879_com
648714,648714,0,3,3,669376.0,663168.0,655968,688992,17365.2,59680.0,49152.0,41280,88608,25359.7,593333.3,597344.0,584544,598112,7621.5,16362.7,16576.0,15840,16672,455.2,cuLaunchKernel,__myl_CasGat_0xdee2c73dd5d0e0fe099a0774cba2143f_com
648714,648714,0,3,3,617056.0,625184.0,595808,630176,18569.8,23488.0,23712.0,21856,24896,1532.3,574848.0,582720.0,552672,589152,19472.4,18720.0,18752.0,18240,19168,464.8,cuLaunchKernel,__myl_MovMulMeaAddSqrDivMulMul_0x8c7c765d132892c540be4329124deccc_com_vec
648714,648714,0,4,4,517656.0,666288.0,66336,671712,300904.7,47328.0,48528.0,40224,52032,5131.7,446840.0,593616.0,3744,596384,295408.1,23488.0,23504.0,22368,24576,904.0,cuLaunchKernel,__myl_CasGat_0xdee2c73dd5d0e0fe099a0774cba2143f
