version,width,height,trial,warmup,repetitions,mean_ms,effective_gb_s
V1,1024,1024,1,20,100,0.2997654378,27.98390655
V2,1024,1024,1,20,100,0.8369669914,10.02262704
V3,1024,1024,1,20,100,0.3842563331,21.83076056
V4,1024,1024,1,20,100,0.2496201545,33.60549158
V2,1024,1024,1,20,100,0.848898828,9.881752363
V3,1024,1024,1,20,100,0.3844416142,21.82023925
V4,1024,1024,1,20,100,0.2648764849,31.6698857
V1,1024,1024,1,20,100,0.3007945716,27.88816286
V3,1024,1024,1,20,100,0.3700000048,22.67191322
V4,1024,1024,1,20,100,0.2004179209,41.85557839
V1,1024,1024,1,20,100,0.2639548779,31.78046213
V2,1024,1024,1,20,100,0.832077086,10.08152747
V4,1024,1024,1,20,100,0.256321609,32.7268857
V1,1024,1024,1,20,100,0.3009856045,27.87046249
V2,1024,1024,1,20,100,0.8539869189,9.822876456
V3,1024,1024,1,20,100,0.3846396506,21.80900484
V1,1024,1024,1,20,100,0.3017577529,27.79914657
V3,1024,1024,1,20,100,0.3446134627,24.34207861
V2,1024,1024,1,20,100,0.8058409691,10.40975617
V4,1024,1024,1,20,100,0.1613964885,51.97515804
V1,2048,2048,1,20,100,0.8227257729,40.78446684
V2,2048,2048,1,20,100,2.574293852,13.03442184
V3,2048,2048,1,20,100,0.7586198449,44.23089143
V4,2048,2048,1,20,100,0.5286598802,63.47073659
V2,2048,2048,1,20,100,2.519176245,13.3196048
V3,2048,2048,1,20,100,0.7338668704,45.722778
V4,2048,2048,1,20,100,0.5294243097,63.37909194
V1,2048,2048,1,20,100,0.6596044898,50.87053305
V3,2048,2048,1,20,100,0.7827270627,42.86862381
V4,2048,2048,1,20,100,0.5535916686,60.61224166
V1,2048,2048,1,20,100,0.7405939698,45.30746045
V2,2048,2048,1,20,100,2.508496284,13.37631322
V4,2048,2048,1,20,100,0.5340889692,62.82554768
V1,2048,2048,1,20,100,0.6245328188,53.72725178
V2,2048,2048,1,20,100,2.508396387,13.37684593
V3,2048,2048,1,20,100,0.7376297712,45.48953053
V1,2048,2048,1,20,100,0.6499267817,51.62801864
V3,2048,2048,1,20,100,0.7385779619,45.43113081
V2,2048,2048,1,20,100,2.507778645,13.38014106
V4,2048,2048,1,20,100,0.5283465385,63.5083786
V1,4096,4096,1,20,100,2.292451859,58.54767571
V2,4096,4096,1,20,100,10.00506687,13.4149756
V3,4096,4096,1,20,100,2.767843246,48.4918097
V4,4096,4096,1,20,100,1.666664839,80.53072512
V2,4096,4096,1,20,100,9.999680519,13.42220161
V3,4096,4096,1,20,100,2.774931669,48.36793983
V4,4096,4096,1,20,100,1.559140801,86.0844177
V1,4096,4096,1,20,100,2.000525713,67.09122864
V3,4096,4096,1,20,100,2.701710701,49.6787935
V4,4096,4096,1,20,100,1.43852675,93.30221217
V1,4096,4096,1,20,100,1.953912616,68.69177614
V2,4096,4096,1,20,100,9.967827797,13.46509297
V4,4096,4096,1,20,100,1.580514789,84.92026077
V1,4096,4096,1,20,100,1.957766414,68.55655867
V2,4096,4096,1,20,100,9.989575386,13.43577908
V3,4096,4096,1,20,100,2.739436388,48.99465035
V1,4096,4096,1,20,100,2.020808935,66.41782192
V3,4096,4096,1,20,100,2.701647997,49.67994652
V2,4096,4096,1,20,100,9.988564491,13.43713885
V4,4096,4096,1,20,100,1.939341426,69.20788996
V1,4093,4093,1,20,100,2.025404453,66.17008854
V2,4093,4093,1,20,100,10.05907536,13.32341068
V3,4093,4093,1,20,100,2.796905518,47.91766871
V4,4093,4093,1,20,100,2.350372076,57.02126628
V2,4093,4093,1,20,100,9.998448372,13.40419903
V3,4093,4093,1,20,100,2.713180542,49.39634128
V4,4093,4093,1,20,100,2.372629166,56.48636287
V1,4093,4093,1,20,100,2.018861294,66.38454678
V3,4093,4093,1,20,100,2.724568844,49.18987175
V4,4093,4093,1,20,100,2.355978966,56.8855639
V1,4093,4093,1,20,100,2.011016369,66.64351125
V2,4093,4093,1,20,100,9.993121147,13.41134467
V4,4093,4093,1,20,100,2.351784706,56.98701571
V1,4093,4093,1,20,100,2.026744604,66.12633468
V2,4093,4093,1,20,100,9.99439621,13.40963368
V3,4093,4093,1,20,100,2.715600967,49.35231413
V1,4093,4093,1,20,100,2.032986641,65.92330186
V3,4093,4093,1,20,100,2.715460539,49.35486636
V2,4093,4093,1,20,100,9.993530273,13.41079562
V4,4093,4093,1,20,100,2.356519938,56.87250503
V1,4096,2048,1,20,100,0.9795958996,68.5066812
V2,4096,2048,1,20,100,4.947732925,13.5635583
V3,4096,2048,1,20,100,1.355390429,49.51257036
V4,4096,2048,1,20,100,0.8178844452,82.05176709
V2,4096,2048,1,20,100,4.968695164,13.50633552
V3,4096,2048,1,20,100,1.380233049,48.62140059
V4,4096,2048,1,20,100,1.001274228,67.02346082
V1,4096,2048,1,20,100,1.064258575,63.05691638
V3,4096,2048,1,20,100,1.477347255,45.42524703
V4,4096,2048,1,20,100,0.8349990249,80.36999086
V1,4096,2048,1,20,100,1.016278744,66.03391482
V2,4096,2048,1,20,100,4.958631516,13.53374692
V4,4096,2048,1,20,100,0.8226370811,81.57772794
V1,4096,2048,1,20,100,1.055446744,63.583373
V2,4096,2048,1,20,100,4.974095345,13.49167222
V3,4096,2048,1,20,100,1.385606408,48.4328476
V1,4096,2048,1,20,100,1.126811504,59.55642425
V3,4096,2048,1,20,100,1.357344627,49.44128606
V2,4096,2048,1,20,100,4.972920895,13.49485854
V4,4096,2048,1,20,100,1.057505965,63.45956071
V1,2048,4096,1,20,100,1.022090554,65.65843283
V2,2048,4096,1,20,100,4.97642374,13.48535967
V3,2048,4096,1,20,100,1.382902622,48.52754122
V4,2048,4096,1,20,100,1.044670701,64.2392516
V2,2048,4096,1,20,100,4.975699902,13.48732145
V3,2048,4096,1,20,100,1.381242514,48.58586623
V4,2048,4096,1,20,100,1.050581098,63.87785213
V1,2048,4096,1,20,100,1.049263954,63.95803814
V3,2048,4096,1,20,100,1.459133506,45.99227126
V4,2048,4096,1,20,100,0.7286224365,92.10375722
V1,2048,4096,1,20,100,0.9802979231,68.45762132
V2,2048,4096,1,20,100,4.962049484,13.52442458
V4,2048,4096,1,20,100,1.049788833,63.92606009
V1,2048,4096,1,20,100,1.017276406,65.96915409
V2,2048,4096,1,20,100,4.976182461,13.48601353
V3,2048,4096,1,20,100,1.382088065,48.55614175
V1,2048,4096,1,20,100,1.033692122,64.92152025
V3,2048,4096,1,20,100,1.368204474,49.04885582
V2,2048,4096,1,20,100,4.975111961,13.48891533
V4,2048,4096,1,20,100,1.048351407,64.013711
