timestamp,version,width,height,trial,calibrated_kernel_ms,warmup_iterations,estimated_warmup_ms,measurement_target_ms,measurement_safety_factor,measured_iterations,actual_timed_window_ms,latency_ms,effective_gb_s,correctness_pre,gpu_freq_before_mhz,gpu_freq_after_mhz,temperature_before_c,temperature_after_c,emc_freq_before_mhz,emc_freq_after_mhz,power_before_mw,power_after_mw,gpu_util_before_pct,gpu_util_after_pct,cpu_util_before_raw,cpu_util_after_raw,telemetry_before_timestamp,telemetry_after_timestamp
2026-08-31T11:40:20Z,V1,1024,1024,1,0.16344383359,6119,1000.11281774,500,2,6119,803.25390625,0.131272087964,63.9024497144,PASS,NA,NA,55,54.937,NA,NA,13295,12865,NA,NA,"0%@729,0%@729,0%@729,0%@729,0%@729,0%@729","0%@729,0%@806,0%@806,0%@806,0%@729,0%@729",2026-08-31T11:40:19Z,2026-08-31T11:40:20Z
2026-08-31T11:40:22Z,V2,1024,1024,1,0.633367061615,1579,1000.08659029,500,2,1579,997.449584961,0.631697013908,13.2794802181,PASS,NA,NA,54.718,54.625,NA,NA,9902,8870,NA,NA,"0%@729,0%@729,0%@729,0%@729,0%@729,8%@729","0%@729,0%@729,0%@729,0%@729,0%@729,0%@729",2026-08-31T11:40:21Z,2026-08-31T11:40:22Z
2026-08-31T11:40:25Z,V3,1024,1024,1,0.177057921886,5648,1000.02314281,500,2,5648,994.175292969,0.176022537707,47.6564428015,PASS,NA,NA,54.531,55.031,NA,NA,11907,12416,NA,NA,"0%@729,0%@729,0%@729,0%@729,0%@729,0%@729","0%@1344,0%@1344,0%@1344,9%@1344,0%@729,0%@729",2026-08-31T11:40:24Z,2026-08-31T11:40:25Z
2026-08-31T11:40:28Z,V4,1024,1024,1,0.0938912034035,10651,1000.03520745,500,2,10000,939.414794922,0.0939414794922,89.2961026944,PASS,NA,NA,55.218,55.687,NA,NA,15395,15707,NA,NA,"0%@729,0%@729,0%@1344,0%@1344,0%@729,0%@729","0%@729,0%@729,0%@729,0%@729,0%@729,0%@729",2026-08-31T11:40:27Z,2026-08-31T11:40:28Z
2026-08-31T11:40:31Z,V2,1024,1024,2,0.633367061615,1579,1000.08659029,500,2,1579,996.214050293,0.630914534701,13.2959498294,PASS,NA,NA,55.093,55,NA,NA,10059,9013,NA,NA,"0%@729,0%@729,0%@729,0%@729,0%@729,0%@729","0%@806,0%@806,0%@806,0%@806,0%@729,0%@729",2026-08-31T11:40:29Z,2026-08-31T11:40:31Z
2026-08-31T11:40:33Z,V3,1024,1024,2,0.177057921886,5648,1000.02314281,500,2,5648,995.140930176,0.176193507467,47.6101992666,PASS,NA,NA,55.468,55.375,NA,NA,11946,12416,NA,NA,"0%@729,0%@729,0%@729,9%@729,0%@729,0%@729","0%@729,0%@729,0%@729,0%@729,0%@729,0%@729",2026-08-31T11:40:32Z,2026-08-31T11:40:33Z
2026-08-31T11:40:36Z,V4,1024,1024,2,0.0938912034035,10651,1000.03520745,500,2,10000,928.810180664,0.0928810180664,90.3156336422,PASS,NA,NA,55.937,56.375,NA,NA,15512,15759,NA,NA,"0%@729,8%@729,0%@729,0%@729,0%@729,0%@729","0%@806,0%@806,0%@806,0%@806,0%@729,8%@729",2026-08-31T11:40:35Z,2026-08-31T11:40:36Z
2026-08-31T11:40:38Z,V1,1024,1024,2,0.16344383359,6119,1000.11281774,500,2,6119,802.474975586,0.131144790911,63.9644772904,PASS,NA,NA,56,56.062,NA,NA,12747,12865,NA,NA,"0%@729,0%@729,0%@729,9%@729,0%@729,0%@729","9%@729,0%@729,0%@729,0%@729,0%@729,0%@729",2026-08-31T11:40:37Z,2026-08-31T11:40:38Z
2026-08-31T11:40:41Z,V3,1024,1024,3,0.177057921886,5648,1000.02314281,500,2,5648,992.637573242,0.175750278549,47.7302685906,PASS,NA,NA,56.062,56.062,NA,NA,12337,12455,NA,NA,"0%@729,0%@729,0%@729,0%@729,0%@729,0%@729","8%@1344,0%@1344,0%@1344,8%@1344,0%@729,0%@729",2026-08-31T11:40:40Z,2026-08-31T11:40:41Z
2026-08-31T11:40:44Z,V4,1024,1024,3,0.0938912034035,10651,1000.03520745,500,2,10000,933.557922363,0.0933557922363,89.8563206316,PASS,NA,NA,56.562,56.781,NA,NA,15512,15759,NA,NA,"0%@729,0%@729,0%@883,0%@883,9%@729,9%@729","8%@806,0%@806,0%@806,0%@806,0%@729,0%@729",2026-08-31T11:40:42Z,2026-08-31T11:40:44Z
2026-08-31T11:40:46Z,V1,1024,1024,3,0.16344383359,6119,1000.11281774,500,2,6119,802.243225098,0.131106916996,63.9829552263,PASS,NA,NA,56.875,56.968,NA,NA,12826,12865,NA,NA,"0%@729,0%@729,0%@729,0%@729,0%@729,0%@729","0%@806,0%@806,0%@806,0%@806,0%@729,0%@729",2026-08-31T11:40:45Z,2026-08-31T11:40:46Z
2026-08-31T11:40:49Z,V2,1024,1024,3,0.633367061615,1579,1000.08659029,500,2,1579,999.765380859,0.633163635756,13.2487204354,PASS,NA,NA,56.656,56.312,NA,NA,9941,8934,NA,NA,"0%@1344,0%@1344,0%@1344,0%@1344,0%@729,0%@729","0%@806,0%@806,0%@806,0%@806,0%@729,0%@729",2026-08-31T11:40:47Z,2026-08-31T11:40:49Z
2026-08-31T11:40:51Z,V4,1024,1024,4,0.0938912034035,10651,1000.03520745,500,2,10000,928.299560547,0.0928299560547,90.3653126266,PASS,NA,NA,57.062,57.281,NA,NA,15239,15759,NA,NA,"8%@1344,0%@1344,0%@1344,0%@1344,0%@729,0%@729","0%@729,0%@729,0%@729,0%@729,0%@729,0%@729",2026-08-31T11:40:50Z,2026-08-31T11:40:51Z
2026-08-31T11:40:54Z,V1,1024,1024,4,0.16344383359,6119,1000.11281774,500,2,6119,803.352844238,0.131288256944,63.8945797231,PASS,NA,NA,57,57.093,NA,NA,12826,12865,NA,NA,"0%@729,0%@806,0%@806,0%@806,0%@729,8%@729","0%@729,8%@729,0%@729,0%@729,0%@729,0%@729",2026-08-31T11:40:53Z,2026-08-31T11:40:54Z
2026-08-31T11:40:56Z,V2,1024,1024,4,0.633367061615,1579,1000.08659029,500,2,1579,999.816040039,0.633195718834,13.2480491426,PASS,NA,NA,56.875,56.875,NA,NA,9941,8934,NA,NA,"0%@729,0%@729,0%@729,0%@729,0%@729,0%@729","0%@1344,0%@1344,0%@1344,0%@1344,0%@729,0%@729",2026-08-31T11:40:55Z,2026-08-31T11:40:56Z
2026-08-31T11:40:59Z,V3,1024,1024,4,0.177057921886,5648,1000.02314281,500,2,5648,995.337280273,0.176228272003,47.6008072068,PASS,NA,NA,57.031,57,NA,NA,11946,12455,NA,NA,"0%@806,0%@806,0%@806,0%@806,0%@729,0%@729","0%@729,0%@729,0%@729,0%@729,0%@729,0%@729",2026-08-31T11:40:58Z,2026-08-31T11:40:59Z
2026-08-31T11:41:02Z,V1,1024,1024,5,0.16344383359,6119,1000.11281774,500,2,6119,793.640930176,0.129701083539,64.6764681613,PASS,NA,NA,57.031,57.312,NA,NA,12708,12865,NA,NA,"0%@729,0%@729,0%@729,0%@729,0%@729,0%@729","0%@729,0%@729,0%@729,0%@729,0%@729,0%@729",2026-08-31T11:41:00Z,2026-08-31T11:41:02Z
2026-08-31T11:41:04Z,V3,1024,1024,5,0.177057921886,5648,1000.02314281,500,2,5648,994.904541016,0.176151653863,47.6215114423,PASS,NA,NA,57.25,57.375,NA,NA,12298,12494,NA,NA,"0%@729,0%@729,0%@729,0%@729,0%@729,0%@729","9%@806,0%@806,0%@806,9%@806,0%@729,0%@729",2026-08-31T11:41:03Z,2026-08-31T11:41:04Z
2026-08-31T11:41:07Z,V2,1024,1024,5,0.633367061615,1579,1000.08659029,500,2,1579,997.569091797,0.631772699048,13.2778893622,PASS,NA,NA,57.125,56.875,NA,NA,9288,8856,NA,NA,"0%@729,0%@729,0%@729,0%@729,0%@729,0%@729","0%@729,0%@729,0%@729,0%@729,0%@729,0%@729",2026-08-31T11:41:06Z,2026-08-31T11:41:07Z
2026-08-31T11:41:10Z,V4,1024,1024,5,0.0938912034035,10651,1000.03520745,500,2,10000,929.051940918,0.0929051940918,90.2921314788,PASS,NA,NA,57.468,58,NA,NA,15161,15759,NA,NA,"0%@729,0%@729,0%@729,0%@729,0%@729,0%@729","0%@729,0%@729,0%@729,0%@729,0%@729,0%@729",2026-08-31T11:41:09Z,2026-08-31T11:41:10Z
2026-08-31T11:41:12Z,V2,1024,1024,6,0.633367061615,1579,1000.08659029,500,2,1579,998.01171875,0.632053020108,13.2720005017,PASS,NA,NA,57.312,57.281,NA,NA,10059,8974,NA,NA,"9%@806,0%@806,0%@806,0%@806,0%@729,0%@729","0%@806,0%@806,0%@806,0%@806,0%@729,0%@729",2026-08-31T11:41:11Z,2026-08-31T11:41:12Z
2026-08-31T11:41:15Z,V4,1024,1024,6,0.0938912034035,10651,1000.03520745,500,2,10000,931.781616211,0.0931781616211,90.02761864,PASS,NA,NA,57.687,57.937,NA,NA,15200,15759,NA,NA,"0%@729,0%@729,0%@729,0%@729,0%@729,0%@729","9%@1344,0%@1344,0%@1344,0%@1344,8%@729,0%@729",2026-08-31T11:41:14Z,2026-08-31T11:41:15Z
2026-08-31T11:41:18Z,V3,1024,1024,6,0.177057921886,5648,1000.02314281,500,2,5648,991.207946777,0.175497157716,47.7991103058,PASS,NA,NA,57.687,57.843,NA,NA,12416,12494,NA,NA,"0%@729,0%@729,0%@729,0%@729,0%@729,0%@729","0%@806,0%@806,0%@806,0%@806,0%@729,0%@729",2026-08-31T11:41:17Z,2026-08-31T11:41:18Z
2026-08-31T11:41:20Z,V1,1024,1024,6,0.16344383359,6119,1000.11281774,500,2,6119,807.145385742,0.131908054542,63.5943576693,PASS,NA,NA,57.843,58.25,NA,NA,12651,12865,NA,NA,"0%@729,0%@729,0%@729,0%@729,0%@729,0%@729","0%@729,8%@729,0%@729,0%@729,0%@729,0%@729",2026-08-31T11:41:19Z,2026-08-31T11:41:20Z
2026-08-31T11:41:23Z,V4,1024,1024,7,0.0938912034035,10651,1000.03520745,500,2,10000,928.081970215,0.0928081970215,90.3864989216,PASS,NA,NA,58.5,58.937,NA,NA,15551,15798,NA,NA,"0%@729,0%@729,0%@729,0%@729,0%@729,0%@729","0%@729,9%@729,0%@729,0%@729,0%@729,0%@729",2026-08-31T11:41:22Z,2026-08-31T11:41:23Z
2026-08-31T11:41:26Z,V2,1024,1024,7,0.633367061615,1579,1000.08659029,500,2,1579,996.861938477,0.631324850207,13.2873084233,PASS,NA,NA,58.031,57.843,NA,NA,10059,9092,NA,NA,"0%@729,0%@729,0%@729,0%@729,0%@729,0%@729","0%@729,0%@729,0%@729,0%@729,0%@729,0%@729",2026-08-31T11:41:24Z,2026-08-31T11:41:26Z
2026-08-31T11:41:28Z,V1,1024,1024,7,0.16344383359,6119,1000.11281774,500,2,6119,794.127563477,0.129780611779,64.6368350788,PASS,NA,NA,57.875,58.187,NA,NA,12259,12865,NA,NA,"0%@729,0%@729,0%@729,0%@729,0%@729,0%@729","0%@729,0%@729,0%@729,0%@729,0%@729,0%@729",2026-08-31T11:41:27Z,2026-08-31T11:41:28Z
2026-08-31T11:41:31Z,V3,1024,1024,7,0.177057921886,5648,1000.02314281,500,2,5648,991.898986816,0.175619508997,47.765809436,PASS,NA,NA,58.406,58.312,NA,NA,12337,12533,NA,NA,"8%@729,0%@729,0%@729,0%@729,0%@729,0%@729","0%@1344,0%@1344,0%@1344,0%@1344,0%@729,0%@729",2026-08-31T11:41:29Z,2026-08-31T11:41:31Z
2026-08-31T11:41:33Z,V1,2048,2048,1,0.480512022972,2082,1000.42603183,500,2,2082,995.793823242,0.478287138925,70.1554134937,PASS,NA,NA,58.343,58.5,NA,NA,13295,13664,NA,NA,"0%@729,0%@729,0%@729,0%@729,0%@729,0%@729","0%@806,0%@806,0%@806,9%@806,0%@729,0%@729",2026-08-31T11:41:32Z,2026-08-31T11:41:33Z
2026-08-31T11:41:36Z,V2,2048,2048,1,2.49452495575,401,1000.30450726,500,2,401,1005.40405273,2.50724202677,13.3830047685,PASS,NA,NA,58.312,58.312,NA,NA,10059,9052,NA,NA,"0%@806,0%@806,8%@806,0%@806,0%@729,0%@729","9%@729,0%@729,0%@729,0%@729,0%@729,0%@729",2026-08-31T11:41:35Z,2026-08-31T11:41:36Z
2026-08-31T11:41:39Z,V3,2048,2048,1,0.681484818459,1468,1000.4197135,500,2,1468,995.93951416,0.678432911553,49.4587326596,PASS,NA,NA,58.218,58.5,NA,NA,12102,12708,NA,NA,"0%@729,0%@729,0%@729,0%@729,0%@729,0%@729","0%@729,0%@729,0%@729,0%@729,0%@729,0%@729",2026-08-31T11:41:38Z,2026-08-31T11:41:39Z
2026-08-31T11:41:42Z,V4,2048,2048,1,0.358019828796,2794,1000.30740166,500,2,2794,1003.13275146,0.3590310492,93.4583013775,PASS,NA,NA,58.968,59.125,NA,NA,15798,16343,NA,NA,"8%@729,0%@729,0%@806,0%@806,0%@729,0%@729","0%@806,0%@806,0%@806,0%@806,0%@729,0%@729",2026-08-31T11:41:41Z,2026-08-31T11:41:42Z
2026-08-31T11:41:45Z,V2,2048,2048,2,2.49452495575,401,1000.30450726,500,2,401,1001.26757812,2.49692662874,13.4382931456,PASS,NA,NA,58.625,58.531,NA,NA,10138,9249,NA,NA,"0%@729,0%@729,0%@729,0%@729,0%@729,0%@729","0%@806,0%@806,0%@806,0%@806,0%@729,0%@729",2026-08-31T11:41:43Z,2026-08-31T11:41:45Z
2026-08-31T11:41:47Z,V3,2048,2048,2,0.681484818459,1468,1000.4197135,500,2,1468,996.696960449,0.67894888314,49.4211461765,PASS,NA,NA,58.5,58.812,NA,NA,12181,12747,NA,NA,"0%@729,0%@729,0%@729,0%@729,0%@729,0%@729","0%@1344,0%@1344,0%@1344,0%@1344,0%@729,0%@729",2026-08-31T11:41:46Z,2026-08-31T11:41:47Z
2026-08-31T11:41:50Z,V4,2048,2048,2,0.358019828796,2794,1000.30740166,500,2,2794,991.139343262,0.354738490788,94.589205489,PASS,NA,NA,59.187,59.281,NA,NA,15876,16459,NA,NA,"0%@729,0%@729,0%@729,0%@729,0%@729,0%@729","9%@806,0%@806,0%@806,0%@806,0%@729,0%@729",2026-08-31T11:41:49Z,2026-08-31T11:41:50Z
2026-08-31T11:41:53Z,V1,2048,2048,2,0.480512022972,2082,1000.42603183,500,2,2082,997.960388184,0.479327756092,70.0031065874,PASS,NA,NA,59.062,59.218,NA,NA,13451,13624,NA,NA,"0%@729,0%@729,0%@729,0%@729,0%@729,0%@729","0%@806,0%@806,0%@806,0%@806,0%@729,0%@729",2026-08-31T11:41:52Z,2026-08-31T11:41:53Z
2026-08-31T11:41:56Z,V3,2048,2048,3,0.681484818459,1468,1000.4197135,500,2,1468,994.699279785,0.677588065249,49.5203999611,PASS,NA,NA,59.218,59.062,NA,NA,12533,12787,NA,NA,"0%@729,9%@729,0%@729,0%@729,0%@729,0%@729","0%@729,0%@806,0%@806,0%@806,0%@729,0%@729",2026-08-31T11:41:54Z,2026-08-31T11:41:56Z
2026-08-31T11:41:59Z,V4,2048,2048,3,0.358019828796,2794,1000.30740166,500,2,2794,1002.62677002,0.358849953479,93.5054656542,PASS,NA,NA,59.781,59.906,NA,NA,15837,16381,NA,NA,"0%@729,0%@1344,0%@1344,0%@1344,9%@729,0%@729","0%@729,9%@729,0%@729,0%@729,0%@729,0%@729",2026-08-31T11:41:57Z,2026-08-31T11:41:59Z
2026-08-31T11:42:01Z,V1,2048,2048,3,0.480512022972,2082,1000.42603183,500,2,2082,997.499755859,0.47910651098,70.0354331053,PASS,NA,NA,59.468,59.531,NA,NA,13451,13664,NA,NA,"0%@729,0%@729,0%@729,0%@729,0%@729,0%@729","0%@729,0%@729,0%@729,0%@729,0%@729,0%@729",2026-08-31T11:42:00Z,2026-08-31T11:42:01Z
2026-08-31T11:42:04Z,V2,2048,2048,3,2.49452495575,401,1000.30450726,500,2,401,1005.10858154,2.50650519088,13.3869389627,PASS,NA,NA,59.187,59.062,NA,NA,10099,9092,NA,NA,"0%@729,0%@729,0%@729,0%@729,0%@729,0%@729","8%@729,0%@806,0%@806,0%@806,0%@729,0%@729",2026-08-31T11:42:03Z,2026-08-31T11:42:04Z
2026-08-31T11:42:07Z,V4,2048,2048,4,0.358019828796,2794,1000.30740166,500,2,2794,991.202148438,0.354760969376,94.5832120681,PASS,NA,NA,59.5,60.093,NA,NA,15603,16432,NA,NA,"8%@729,0%@729,0%@729,0%@729,0%@729,0%@729","9%@729,0%@729,0%@729,0%@729,0%@729,0%@729",2026-08-31T11:42:06Z,2026-08-31T11:42:07Z
2026-08-31T11:42:10Z,V1,2048,2048,4,0.480512022972,2082,1000.42603183,500,2,2082,995.335327148,0.47806691986,70.1877302237,PASS,NA,NA,59.562,59.718,NA,NA,13451,13664,NA,NA,"0%@729,0%@729,0%@729,0%@729,0%@729,0%@729","0%@806,0%@806,0%@806,0%@806,0%@729,0%@729",2026-08-31T11:42:08Z,2026-08-31T11:42:10Z
2026-08-31T11:42:12Z,V2,2048,2048,4,2.49452495575,401,1000.30450726,500,2,401,1005.64257812,2.50783685318,13.3798304931,PASS,NA,NA,59.406,59.125,NA,NA,10099,9092,NA,NA,"0%@729,0%@729,0%@729,0%@729,0%@729,0%@729","0%@806,0%@806,0%@806,0%@806,0%@729,0%@729",2026-08-31T11:42:11Z,2026-08-31T11:42:12Z
2026-08-31T11:42:15Z,V3,2048,2048,4,0.681484818459,1468,1000.4197135,500,2,1468,997.999267578,0.679836013337,49.3566556372,PASS,NA,NA,59.125,59.375,NA,NA,12063,12747,NA,NA,"0%@729,0%@729,0%@729,9%@729,0%@729,0%@729","0%@806,0%@806,0%@806,0%@806,0%@729,0%@729",2026-08-31T11:42:14Z,2026-08-31T11:42:15Z
2026-08-31T11:42:18Z,V1,2048,2048,5,0.480512022972,2082,1000.42603183,500,2,2082,999.084899902,0.479867867388,69.9243151716,PASS,NA,NA,59.406,59.531,NA,NA,13373,13664,NA,NA,"0%@729,0%@729,0%@729,0%@729,0%@729,0%@729","0%@806,0%@806,0%@806,0%@806,0%@729,0%@729",2026-08-31T11:42:17Z,2026-08-31T11:42:18Z
2026-08-31T11:42:21Z,V3,2048,2048,5,0.681484818459,1468,1000.4197135,500,2,1468,996.717651367,0.678962977771,49.4201202401,PASS,NA,NA,59.718,59.687,NA,NA,12474,12787,NA,NA,"9%@729,0%@729,0%@729,0%@729,0%@729,0%@729","0%@806,0%@806,0%@806,0%@806,0%@729,0%@729",2026-08-31T11:42:19Z,2026-08-31T11:42:21Z
2026-08-31T11:42:24Z,V2,2048,2048,5,2.49452495575,401,1000.30450726,500,2,401,1003.13745117,2.5015896538,13.4132438344,PASS,NA,NA,59.187,59.062,NA,NA,9525,8974,NA,NA,"0%@729,0%@729,0%@729,0%@729,0%@729,0%@729","0%@729,0%@729,0%@729,0%@729,0%@729,8%@729",2026-08-31T11:42:22Z,2026-08-31T11:42:24Z
2026-08-31T11:42:26Z,V4,2048,2048,5,0.358019828796,2794,1000.30740166,500,2,2794,1005.37225342,0.359832588911,93.2501197335,PASS,NA,NA,59.875,59.968,NA,NA,15473,16304,NA,NA,"0%@729,0%@729,0%@729,0%@729,0%@729,0%@729","0%@729,0%@729,8%@729,0%@729,0%@729,0%@729",2026-08-31T11:42:25Z,2026-08-31T11:42:26Z
2026-08-31T11:42:29Z,V2,2048,2048,6,2.49452495575,401,1000.30450726,500,2,401,1001.85797119,2.49839893065,13.430373984,PASS,NA,NA,59.718,59.375,NA,NA,10138,9170,NA,NA,"0%@729,0%@729,0%@729,0%@729,0%@729,0%@729","0%@806,0%@806,9%@806,0%@806,0%@729,0%@729",2026-08-31T11:42:28Z,2026-08-31T11:42:29Z
2026-08-31T11:42:32Z,V4,2048,2048,6,0.358019828796,2794,1000.30740166,500,2,2794,998.942504883,0.357531318856,93.850329273,PASS,NA,NA,59.937,60.031,NA,NA,15564,16381,NA,NA,"0%@806,0%@806,0%@806,0%@806,0%@729,0%@729","0%@806,0%@806,0%@806,0%@806,0%@729,0%@729",2026-08-31T11:42:31Z,2026-08-31T11:42:32Z
2026-08-31T11:42:35Z,V3,2048,2048,6,0.681484818459,1468,1000.4197135,500,2,1468,998.872436523,0.68043081507,49.3135102891,PASS,NA,NA,59.593,59.718,NA,NA,12591,12747,NA,NA,"0%@729,0%@729,0%@729,0%@729,0%@729,0%@729","0%@729,0%@729,0%@729,8%@729,0%@729,0%@729",2026-08-31T11:42:34Z,2026-08-31T11:42:35Z
2026-08-31T11:42:38Z,V1,2048,2048,6,0.480512022972,2082,1000.42603183,500,2,2082,997.210998535,0.478967818701,70.0557129099,PASS,NA,NA,59.718,59.937,NA,NA,13373,13664,NA,NA,"0%@1344,0%@1344,0%@1344,0%@1344,0%@729,0%@729","0%@729,0%@729,0%@729,0%@729,0%@729,0%@729",2026-08-31T11:42:36Z,2026-08-31T11:42:38Z
2026-08-31T11:42:40Z,V4,2048,2048,7,0.358019828796,2794,1000.30740166,500,2,2794,994.752868652,0.356031806962,94.245602061,PASS,NA,NA,60.343,60.468,NA,NA,15876,16393,NA,NA,"0%@729,0%@729,0%@729,0%@729,9%@729,0%@729","8%@806,0%@806,0%@806,0%@806,0%@729,0%@729",2026-08-31T11:42:39Z,2026-08-31T11:42:40Z
2026-08-31T11:42:43Z,V2,2048,2048,7,2.49452495575,401,1000.30450726,500,2,401,1001.35211182,2.49713743595,13.437158691,PASS,NA,NA,59.687,59.656,NA,NA,10177,9249,NA,NA,"0%@729,0%@729,0%@729,0%@729,0%@729,0%@729","8%@729,0%@729,0%@729,0%@806,0%@729,0%@729",2026-08-31T11:42:42Z,2026-08-31T11:42:43Z
2026-08-31T11:42:46Z,V1,2048,2048,7,0.480512022972,2082,1000.42603183,500,2,2082,998.485351562,0.479579899886,69.9663017737,PASS,NA,NA,59.968,59.875,NA,NA,13099,13664,NA,NA,"0%@1036,0%@1036,0%@1036,9%@1036,0%@729,0%@729","0%@806,0%@806,0%@806,0%@806,0%@729,0%@729",2026-08-31T11:42:45Z,2026-08-31T11:42:46Z
2026-08-31T11:42:49Z,V3,2048,2048,7,0.681484818459,1468,1000.4197135,500,2,1468,998.831054688,0.680402625809,49.3155533609,PASS,NA,NA,59.75,59.625,NA,NA,12513,12787,NA,NA,"0%@729,0%@729,0%@729,0%@729,0%@729,0%@729","9%@806,0%@806,0%@806,0%@806,0%@729,0%@729",2026-08-31T11:42:48Z,2026-08-31T11:42:49Z
2026-08-31T11:42:52Z,V1,4096,4096,1,1.9423750639,515,1000.32315791,500,2,515,1005.08520508,1.95162175743,68.772408121,PASS,NA,NA,59.781,59.937,NA,NA,13256,13664,NA,NA,"0%@729,0%@729,0%@729,0%@729,0%@729,0%@729","0%@1344,0%@1344,0%@1344,0%@1344,0%@729,0%@729",2026-08-31T11:42:50Z,2026-08-31T11:42:52Z
2026-08-31T11:42:55Z,V2,4096,4096,1,10.0044393539,100,1000.44393539,500,2,100,998.476867676,9.98476867676,13.4422471211,PASS,NA,NA,59.468,59.531,NA,NA,9784,9013,NA,NA,"0%@806,0%@806,0%@806,0%@806,0%@729,0%@729","0%@729,0%@729,0%@729,0%@806,0%@729,0%@729",2026-08-31T11:42:53Z,2026-08-31T11:42:55Z
2026-08-31T11:42:58Z,V3,4096,4096,1,2.70158195496,371,1002.28690529,500,2,371,999.99230957,2.69539706084,49.7951600342,PASS,NA,NA,59.468,59.656,NA,NA,12181,12865,NA,NA,"0%@1036,0%@1036,0%@1036,0%@1036,0%@729,0%@729","0%@729,9%@729,0%@729,0%@729,0%@729,0%@729",2026-08-31T11:42:56Z,2026-08-31T11:42:58Z
2026-08-31T11:43:01Z,V4,4096,4096,1,1.41553866863,707,1000.78583872,500,2,707,997.490905762,1.41087822597,95.1306254001,PASS,NA,NA,59.906,60.218,NA,NA,15876,16588,NA,NA,"0%@1344,0%@1344,0%@1344,0%@1344,0%@729,0%@729","0%@806,0%@806,0%@806,0%@806,0%@729,0%@729",2026-08-31T11:42:59Z,2026-08-31T11:43:01Z
2026-08-31T11:43:04Z,V2,4096,4096,2,10.0044393539,100,1000.44393539,500,2,100,997.928771973,9.97928771973,13.4496300507,PASS,NA,NA,59.687,59.281,NA,NA,10020,9092,NA,NA,"0%@729,0%@729,0%@729,0%@729,0%@729,0%@729","0%@729,0%@729,0%@729,0%@806,0%@729,9%@729",2026-08-31T11:43:02Z,2026-08-31T11:43:04Z
2026-08-31T11:43:07Z,V3,4096,4096,2,2.70158195496,371,1002.28690529,500,2,371,1001.38787842,2.69915870194,49.7257637736,PASS,NA,NA,59.468,59.5,NA,NA,12142,12826,NA,NA,"0%@729,8%@729,0%@729,0%@729,0%@729,0%@729","9%@729,9%@729,0%@729,0%@729,0%@729,0%@729",2026-08-31T11:43:05Z,2026-08-31T11:43:07Z
2026-08-31T11:43:10Z,V4,4096,4096,2,1.41553866863,707,1000.78583872,500,2,707,1019.37646484,1.44183375508,93.0882132055,PASS,NA,NA,60.062,60.437,NA,NA,15876,17054,NA,NA,"0%@729,0%@729,0%@729,0%@729,0%@729,0%@729","0%@806,16%@806,0%@806,0%@806,100%@1344,0%@1344",2026-08-31T11:43:09Z,2026-08-31T11:43:10Z
2026-08-31T11:43:13Z,V1,4096,4096,2,1.9423750639,515,1000.32315791,500,2,515,1024.52246094,1.98936400182,67.4676569382,PASS,NA,NA,60.25,60.031,NA,NA,15317,15200,NA,NA,"20%@1113,10%@1113,40%@1113,90%@1113,72%@1344,9%@1344","27%@1344,90%@1344,27%@1344,60%@1344,60%@1344,100%@1344",2026-08-31T11:43:11Z,2026-08-31T11:43:13Z
2026-08-31T11:43:16Z,V3,4096,4096,3,2.70158195496,371,1002.28690529,500,2,371,1000.26025391,2.69611928277,49.7818211746,PASS,NA,NA,59.937,59.937,NA,NA,13021,13178,NA,NA,"0%@729,0%@729,0%@729,0%@729,0%@729,0%@729","9%@1344,0%@1344,41%@1344,10%@1344,0%@729,10%@729",2026-08-31T11:43:14Z,2026-08-31T11:43:16Z
2026-08-31T11:43:19Z,V4,4096,4096,3,1.41553866863,707,1000.78583872,500,2,707,997.392822266,1.41073949401,95.1399805349,PASS,NA,NA,60.281,60.625,NA,NA,15915,16549,NA,NA,"0%@729,0%@729,0%@729,0%@729,0%@729,0%@729","0%@729,0%@729,0%@729,0%@729,0%@729,0%@729",2026-08-31T11:43:17Z,2026-08-31T11:43:19Z
2026-08-31T11:43:22Z,V1,4096,4096,3,1.9423750639,515,1000.32315791,500,2,515,1008.64831543,1.95854041831,68.5294654862,PASS,NA,NA,60.375,60.375,NA,NA,13412,14849,NA,NA,"0%@729,0%@729,0%@729,0%@729,0%@729,0%@729","66%@1344,22%@1344,100%@1344,83%@1344,100%@1344,50%@1344",2026-08-31T11:43:20Z,2026-08-31T11:43:22Z
2026-08-31T11:43:25Z,V2,4096,4096,3,10.0044393539,100,1000.44393539,500,2,100,1010.14770508,10.1014770508,13.2869408429,PASS,NA,NA,60.156,60,NA,NA,11220,10099,NA,NA,"0%@1344,18%@1344,9%@1344,36%@1344,100%@1344,0%@1344","0%@729,0%@729,10%@729,9%@729,0%@1344,100%@1344",2026-08-31T11:43:23Z,2026-08-31T11:43:25Z
2026-08-31T11:43:28Z,V4,4096,4096,4,1.41553866863,707,1000.78583872,500,2,707,1012.49279785,1.43209730955,93.7210950017,PASS,NA,NA,60.25,60.968,NA,NA,15759,16549,NA,NA,"9%@1344,0%@1344,0%@1344,0%@1344,0%@729,0%@729","0%@729,0%@729,0%@729,0%@729,0%@806,0%@806",2026-08-31T11:43:27Z,2026-08-31T11:43:28Z
2026-08-31T11:43:31Z,V1,4096,4096,4,1.9423750639,515,1000.32315791,500,2,515,1010.99884033,1.96310454433,68.370137692,PASS,NA,NA,60.468,60.25,NA,NA,13468,13664,NA,NA,"0%@729,0%@729,0%@729,0%@729,0%@729,0%@729","0%@1344,0%@1344,9%@1344,0%@1344,0%@729,0%@729",2026-08-31T11:43:29Z,2026-08-31T11:43:31Z
2026-08-31T11:43:34Z,V2,4096,4096,4,10.0044393539,100,1000.44393539,500,2,100,998.91809082,9.9891809082,13.4363096668,PASS,NA,NA,60.062,59.937,NA,NA,10295,9288,NA,NA,"0%@729,0%@729,0%@729,0%@729,0%@729,0%@729","0%@729,0%@729,0%@1344,0%@1344,0%@729,0%@729",2026-08-31T11:43:32Z,2026-08-31T11:43:34Z
2026-08-31T11:43:37Z,V3,4096,4096,4,2.70158195496,371,1002.28690529,500,2,371,1014.42254639,2.73429257786,49.0868201474,PASS,NA,NA,60.093,60.375,NA,NA,12787,13351,NA,NA,"0%@1344,20%@1344,0%@1344,0%@1344,100%@1344,0%@1344","0%@729,0%@729,9%@1344,0%@1344,0%@960,54%@960",2026-08-31T11:43:35Z,2026-08-31T11:43:37Z
2026-08-31T11:43:40Z,V1,4096,4096,5,1.9423750639,515,1000.32315791,500,2,515,1006.38824463,1.95415193132,68.6833637902,PASS,NA,NA,60.312,60.281,NA,NA,13429,13742,NA,NA,"9%@729,0%@729,0%@729,0%@729,0%@729,0%@729","9%@806,0%@806,0%@806,0%@806,18%@729,8%@729",2026-08-31T11:43:38Z,2026-08-31T11:43:40Z
2026-08-31T11:43:43Z,V3,4096,4096,5,2.70158195496,371,1002.28690529,500,2,371,999.924194336,2.69521346182,49.7985521003,PASS,NA,NA,60.062,60.125,NA,NA,12826,13099,NA,NA,"0%@729,0%@729,0%@729,0%@729,0%@729,0%@729","0%@1344,0%@1344,0%@1344,0%@1344,0%@1190,81%@1190",2026-08-31T11:43:41Z,2026-08-31T11:43:43Z
2026-08-31T11:43:46Z,V2,4096,4096,5,10.0044393539,100,1000.44393539,500,2,100,998.523132324,9.98523132324,13.4416243004,PASS,NA,NA,59.812,59.812,NA,NA,9407,9249,NA,NA,"0%@1344,0%@1344,0%@1344,0%@1344,0%@729,0%@729","0%@729,0%@729,0%@729,0%@729,0%@729,0%@729",2026-08-31T11:43:44Z,2026-08-31T11:43:46Z
2026-08-31T11:43:49Z,V4,4096,4096,5,1.41553866863,707,1000.78583872,500,2,707,1008.26226807,1.42611353333,94.1143358245,PASS,NA,NA,60.031,60.437,NA,NA,15603,16549,NA,NA,"0%@729,0%@729,0%@729,0%@729,0%@729,0%@729","0%@1344,0%@1344,0%@1344,0%@1344,0%@729,0%@729",2026-08-31T11:43:47Z,2026-08-31T11:43:49Z
2026-08-31T11:43:52Z,V2,4096,4096,6,10.0044393539,100,1000.44393539,500,2,100,999.72869873,9.9972869873,13.4254151322,PASS,NA,NA,59.875,59.625,NA,NA,10334,9288,NA,NA,"0%@729,0%@729,0%@729,0%@729,0%@729,0%@729","0%@1344,0%@1344,0%@1344,0%@1344,0%@729,0%@729",2026-08-31T11:43:50Z,2026-08-31T11:43:52Z
2026-08-31T11:43:55Z,V4,4096,4096,6,1.41553866863,707,1000.78583872,500,2,707,1009.74487305,1.42821057008,93.9761480637,PASS,NA,NA,60.437,60.656,NA,NA,15681,16510,NA,NA,"9%@729,0%@729,0%@729,0%@729,0%@729,0%@729","0%@729,0%@729,0%@729,9%@729,0%@729,0%@729",2026-08-31T11:43:53Z,2026-08-31T11:43:55Z
2026-08-31T11:43:58Z,V3,4096,4096,6,2.70158195496,371,1002.28690529,500,2,371,1000.01617432,2.6954613863,49.7939717045,PASS,NA,NA,60.25,60.062,NA,NA,12591,12904,NA,NA,"0%@729,0%@729,0%@729,0%@729,0%@729,0%@729","0%@729,0%@729,0%@729,0%@729,0%@729,0%@729",2026-08-31T11:43:56Z,2026-08-31T11:43:58Z
2026-08-31T11:44:01Z,V1,4096,4096,6,1.9423750639,515,1000.32315791,500,2,515,1007.02038574,1.95537938979,68.6402488953,PASS,NA,NA,59.937,60.218,NA,NA,13334,13664,NA,NA,"0%@729,0%@729,0%@729,0%@729,0%@729,0%@729","0%@1344,0%@1344,0%@1344,0%@1344,0%@729,0%@729",2026-08-31T11:43:59Z,2026-08-31T11:44:01Z
2026-08-31T11:44:04Z,V4,4096,4096,7,1.41553866863,707,1000.78583872,500,2,707,1010.36334229,1.42908534977,93.9186228603,PASS,NA,NA,60.375,60.906,NA,NA,15837,16510,NA,NA,"0%@1036,0%@1036,0%@1036,0%@1036,0%@729,0%@729","0%@729,0%@729,9%@729,0%@729,0%@729,0%@729",2026-08-31T11:44:02Z,2026-08-31T11:44:04Z
2026-08-31T11:44:07Z,V2,4096,4096,7,10.0044393539,100,1000.44393539,500,2,100,1009.09661865,10.0909661865,13.3007806705,PASS,NA,NA,60.093,59.75,NA,NA,10318,9328,NA,NA,"0%@729,0%@729,0%@729,0%@729,0%@729,0%@729","0%@729,0%@729,10%@729,0%@729,0%@729,0%@729",2026-08-31T11:44:05Z,2026-08-31T11:44:07Z
2026-08-31T11:44:10Z,V1,4096,4096,7,1.9423750639,515,1000.32315791,500,2,515,1007.90960693,1.95710603288,68.5796915165,PASS,NA,NA,59.968,60.093,NA,NA,12982,13664,NA,NA,"9%@1344,0%@1344,0%@1344,0%@1344,0%@729,0%@729","0%@729,0%@729,9%@729,0%@729,0%@729,0%@729",2026-08-31T11:44:08Z,2026-08-31T11:44:10Z
2026-08-31T11:44:12Z,V3,4096,4096,7,2.70158195496,371,1002.28690529,500,2,371,1001.75512695,2.70014859017,49.7075340552,PASS,NA,NA,60.031,60.031,NA,NA,12552,12904,NA,NA,"0%@729,0%@729,0%@729,0%@729,0%@729,0%@729","0%@729,0%@729,0%@729,0%@729,0%@729,0%@729",2026-08-31T11:44:11Z,2026-08-31T11:44:12Z
2026-08-31T11:44:15Z,V1,4093,4093,1,1.9987552166,501,1001.37636352,500,2,501,1016.31591797,2.02857468656,66.0666786822,PASS,NA,NA,60.156,60.218,NA,NA,13624,14015,NA,NA,"0%@729,0%@729,0%@729,0%@729,0%@729,0%@729","0%@729,0%@729,0%@729,0%@729,0%@729,0%@729",2026-08-31T11:44:14Z,2026-08-31T11:44:15Z
2026-08-31T11:44:18Z,V2,4093,4093,1,10.0034675598,100,1000.34675598,500,2,100,1003.26507568,10.0326507568,13.3585026777,PASS,NA,NA,59.937,59.937,NA,NA,11063,11220,NA,NA,"0%@1344,0%@1344,9%@1344,0%@1344,0%@729,0%@729","0%@729,0%@729,0%@729,0%@729,0%@729,0%@729",2026-08-31T11:44:17Z,2026-08-31T11:44:18Z
2026-08-31T11:44:21Z,V3,4093,4093,1,2.71203923225,369,1000.7424767,500,2,369,1005.86169434,2.72591245077,49.1656259767,PASS,NA,NA,60.218,60,NA,NA,13820,14382,NA,NA,"0%@729,9%@729,0%@729,0%@729,0%@729,0%@729","0%@1344,0%@1344,0%@1344,0%@1344,0%@729,0%@729",2026-08-31T11:44:20Z,2026-08-31T11:44:21Z
2026-08-31T11:44:24Z,V4,4093,4093,1,2.3318157196,429,1000.34894371,500,2,429,1005.85107422,2.34464119865,57.1606402197,PASS,NA,NA,60.156,60.437,NA,NA,14732,15214,NA,NA,"0%@1344,0%@1344,0%@1344,0%@1344,0%@729,0%@729","0%@729,0%@729,0%@729,0%@729,0%@729,0%@729",2026-08-31T11:44:23Z,2026-08-31T11:44:24Z
2026-08-31T11:44:27Z,V2,4093,4093,2,10.0034675598,100,1000.34675598,500,2,100,1004.90435791,10.0490435791,13.336711195,PASS,NA,NA,60.031,60.125,NA,NA,11181,11102,NA,NA,"0%@729,0%@729,0%@1344,0%@1344,0%@729,0%@729","0%@729,0%@729,0%@729,0%@729,0%@729,0%@729",2026-08-31T11:44:26Z,2026-08-31T11:44:27Z
2026-08-31T11:44:30Z,V3,4093,4093,2,2.71203923225,369,1000.7424767,500,2,369,1007.61633301,2.73066756913,49.0800101467,PASS,NA,NA,60.343,60.312,NA,NA,13820,14382,NA,NA,"0%@729,0%@1344,0%@1344,0%@1344,0%@729,0%@729","0%@729,0%@729,0%@729,0%@729,0%@729,0%@729",2026-08-31T11:44:29Z,2026-08-31T11:44:30Z
2026-08-31T11:44:33Z,V4,4093,4093,2,2.3318157196,429,1000.34894371,500,2,429,1008.15936279,2.35002182469,57.0297648268,PASS,NA,NA,60.218,60.468,NA,NA,14693,15214,NA,NA,"0%@729,0%@729,0%@729,0%@729,0%@729,0%@729","0%@729,0%@729,0%@729,0%@729,0%@729,0%@729",2026-08-31T11:44:32Z,2026-08-31T11:44:33Z
2026-08-31T11:44:36Z,V1,4093,4093,2,1.9987552166,501,1001.37636352,500,2,501,1017.92871094,2.03179383421,65.9620034984,PASS,NA,NA,60.531,60.718,NA,NA,13703,14015,NA,NA,"0%@806,0%@806,8%@806,0%@806,0%@729,0%@729","0%@806,0%@806,0%@806,0%@806,0%@729,0%@729",2026-08-31T11:44:34Z,2026-08-31T11:44:36Z
2026-08-31T11:44:39Z,V3,4093,4093,3,2.71203923225,369,1000.7424767,500,2,369,1005.52001953,2.72498650279,49.1823324125,PASS,NA,NA,60.437,60.593,NA,NA,14015,14382,NA,NA,"0%@729,0%@729,0%@729,0%@729,0%@729,0%@729","0%@806,0%@806,0%@806,0%@806,0%@729,0%@729",2026-08-31T11:44:37Z,2026-08-31T11:44:39Z
2026-08-31T11:44:42Z,V4,4093,4093,3,2.3318157196,429,1000.34894371,500,2,429,1013.11206055,2.3615665747,56.7509692234,PASS,NA,NA,60.5,60.687,NA,NA,14693,15161,NA,NA,"0%@729,0%@729,0%@729,0%@729,0%@729,0%@729","0%@729,0%@729,0%@729,0%@729,0%@729,0%@729",2026-08-31T11:44:40Z,2026-08-31T11:44:42Z
2026-08-31T11:44:44Z,V1,4093,4093,3,1.9987552166,501,1001.37636352,500,2,501,1015.81463623,2.02757412421,66.0992811062,PASS,NA,NA,60.562,60.875,NA,NA,13703,14054,NA,NA,"0%@729,0%@729,0%@729,0%@729,0%@729,0%@729","0%@729,0%@729,0%@729,0%@729,0%@729,0%@729",2026-08-31T11:44:43Z,2026-08-31T11:44:44Z
2026-08-31T11:44:47Z,V2,4093,4093,3,10.0034675598,100,1000.34675598,500,2,100,1004.25811768,10.0425811768,13.3452933704,PASS,NA,NA,60.281,60.312,NA,NA,11063,11141,NA,NA,"0%@1344,0%@1344,8%@1344,8%@1344,9%@729,0%@729","0%@729,0%@729,0%@729,0%@729,0%@729,8%@729",2026-08-31T11:44:46Z,2026-08-31T11:44:47Z
2026-08-31T11:44:50Z,V4,4093,4093,4,2.3318157196,429,1000.34894371,500,2,429,1014.03375244,2.36371504066,56.6993862182,PASS,NA,NA,60.718,60.593,NA,NA,14382,15161,NA,NA,"0%@729,0%@729,0%@729,0%@729,0%@729,0%@729","0%@806,0%@806,0%@806,9%@806,0%@729,0%@729",2026-08-31T11:44:49Z,2026-08-31T11:44:50Z
2026-08-31T11:44:53Z,V1,4093,4093,4,1.9987552166,501,1001.37636352,500,2,501,1015.03131104,2.02601060087,66.1502915841,PASS,NA,NA,60.875,60.718,NA,NA,13664,14054,NA,NA,"0%@729,0%@729,9%@729,0%@729,0%@729,0%@729","0%@806,0%@806,0%@806,0%@806,0%@729,8%@729",2026-08-31T11:44:52Z,2026-08-31T11:44:53Z
2026-08-31T11:44:56Z,V2,4093,4093,4,10.0034675598,100,1000.34675598,500,2,100,1006.42608643,10.0642608643,13.316545925,PASS,NA,NA,60.343,60.375,NA,NA,11063,11220,NA,NA,"0%@729,0%@729,0%@729,9%@729,0%@729,0%@729","0%@883,0%@883,9%@883,0%@883,0%@729,0%@729",2026-08-31T11:44:55Z,2026-08-31T11:44:56Z
2026-08-31T11:44:59Z,V3,4093,4093,4,2.71203923225,369,1000.7424767,500,2,369,1008.1963501,2.73223943116,49.0517743327,PASS,NA,NA,60.406,60.656,NA,NA,13781,14499,NA,NA,"0%@1036,0%@1036,0%@1036,0%@1036,9%@729,0%@729","0%@729,0%@729,0%@729,0%@729,0%@729,0%@729",2026-08-31T11:44:58Z,2026-08-31T11:44:59Z
2026-08-31T11:45:02Z,V1,4093,4093,5,1.9987552166,501,1001.37636352,500,2,501,1013.73419189,2.02342154071,66.2349338997,PASS,NA,NA,60.468,60.625,NA,NA,13703,14054,NA,NA,"0%@729,0%@729,0%@1344,9%@1344,0%@729,0%@729","0%@729,0%@729,0%@729,0%@729,0%@729,0%@729",2026-08-31T11:45:01Z,2026-08-31T11:45:02Z
2026-08-31T11:45:05Z,V3,4093,4093,5,2.71203923225,369,1000.7424767,500,2,369,1006.65789795,2.72807018414,49.1267390329,PASS,NA,NA,60.593,60.593,NA,NA,14093,14421,NA,NA,"0%@729,0%@729,0%@729,0%@729,0%@729,0%@729","0%@729,0%@729,0%@729,0%@729,0%@729,0%@729",2026-08-31T11:45:04Z,2026-08-31T11:45:05Z
2026-08-31T11:45:08Z,V2,4093,4093,5,10.0034675598,100,1000.34675598,500,2,100,1005.15246582,10.0515246582,13.3334192132,PASS,NA,NA,60.25,60.375,NA,NA,11063,11141,NA,NA,"0%@806,0%@806,0%@806,0%@806,0%@729,0%@729","0%@729,0%@729,0%@729,0%@729,0%@729,0%@729",2026-08-31T11:45:07Z,2026-08-31T11:45:08Z
2026-08-31T11:45:11Z,V4,4093,4093,5,2.3318157196,429,1000.34894371,500,2,429,1003.68115234,2.3395831057,57.2842194294,PASS,NA,NA,60.406,60.687,NA,NA,14460,15214,NA,NA,"0%@729,0%@729,0%@729,0%@729,0%@729,0%@729","8%@1344,0%@1344,0%@1344,9%@1344,0%@729,0%@729",2026-08-31T11:45:10Z,2026-08-31T11:45:11Z
2026-08-31T11:45:14Z,V2,4093,4093,6,10.0034675598,100,1000.34675598,500,2,100,1004.63116455,10.0463116455,13.3403379,PASS,NA,NA,60.281,60.25,NA,NA,11102,11141,NA,NA,"0%@729,0%@729,0%@729,0%@729,0%@729,0%@729","0%@729,0%@729,8%@729,0%@729,0%@729,0%@729",2026-08-31T11:45:12Z,2026-08-31T11:45:14Z
2026-08-31T11:45:17Z,V4,4093,4093,6,2.3318157196,429,1000.34894371,500,2,429,1004.53588867,2.34157549807,57.2354776135,PASS,NA,NA,60.437,60.718,NA,NA,14460,15214,NA,NA,"0%@729,0%@729,0%@806,0%@806,0%@729,0%@729","0%@806,0%@806,9%@806,0%@806,0%@729,0%@729",2026-08-31T11:45:15Z,2026-08-31T11:45:17Z
2026-08-31T11:45:20Z,V3,4093,4093,6,2.71203923225,369,1000.7424767,500,2,369,1007.14953613,2.72940253695,49.1027579061,PASS,NA,NA,60.562,60.593,NA,NA,14054,14382,NA,NA,"0%@729,0%@729,0%@729,0%@729,0%@729,0%@729","0%@729,0%@729,0%@729,0%@729,0%@729,9%@729",2026-08-31T11:45:18Z,2026-08-31T11:45:20Z
2026-08-31T11:45:23Z,V1,4093,4093,6,1.9987552166,501,1001.37636352,500,2,501,1013.49304199,2.02294020358,66.2506937986,PASS,NA,NA,60.531,60.718,NA,NA,13703,14054,NA,NA,"0%@729,0%@729,0%@729,0%@806,0%@729,0%@729","9%@729,0%@729,0%@729,9%@729,0%@729,0%@729",2026-08-31T11:45:21Z,2026-08-31T11:45:23Z
2026-08-31T11:45:25Z,V4,4093,4093,7,2.3318157196,429,1000.34894371,500,2,429,1007.22711182,2.34784874549,57.0825494007,PASS,NA,NA,60.968,60.781,NA,NA,14693,15175,NA,NA,"0%@1344,0%@1344,0%@1344,0%@1344,0%@729,0%@729","0%@729,0%@729,0%@729,0%@729,0%@729,0%@729",2026-08-31T11:45:24Z,2026-08-31T11:45:25Z
2026-08-31T11:45:28Z,V2,4093,4093,7,10.0034675598,100,1000.34675598,500,2,100,1005.81890869,10.0581890869,13.3245846585,PASS,NA,NA,60.5,60.375,NA,NA,11141,11181,NA,NA,"0%@729,0%@729,0%@729,0%@729,0%@729,0%@729","0%@806,0%@806,0%@806,0%@806,0%@729,0%@729",2026-08-31T11:45:27Z,2026-08-31T11:45:28Z
2026-08-31T11:45:31Z,V1,4093,4093,7,1.9987552166,501,1001.37636352,500,2,501,1008.86938477,2.01371134684,66.5543213085,PASS,NA,NA,60.593,60.718,NA,NA,13468,14054,NA,NA,"9%@1344,0%@1344,0%@1344,0%@1344,0%@729,0%@729","0%@806,0%@806,0%@806,0%@806,0%@729,0%@729",2026-08-31T11:45:30Z,2026-08-31T11:45:31Z
2026-08-31T11:45:34Z,V3,4093,4093,7,2.71203923225,369,1000.7424767,500,2,369,1008.21612549,2.732293023,49.0508122195,PASS,NA,NA,60.75,60.843,NA,NA,14015,14421,NA,NA,"0%@729,0%@729,0%@729,0%@729,0%@729,0%@729","0%@806,0%@806,0%@806,0%@806,9%@729,0%@729",2026-08-31T11:45:33Z,2026-08-31T11:45:34Z
2026-08-31T11:45:37Z,V1,4096,2048,1,0.974107503891,1027,1000.4084065,500,2,1027,1003.22399902,0.976849074025,68.6993167977,PASS,NA,NA,60.812,60.75,NA,NA,13351,13703,NA,NA,"0%@729,0%@729,0%@729,8%@729,0%@729,0%@729","0%@1344,9%@1344,0%@1344,0%@1344,0%@729,0%@729",2026-08-31T11:45:36Z,2026-08-31T11:45:37Z
2026-08-31T11:45:40Z,V2,4096,2048,1,4.9492225647,203,1004.69218063,500,2,203,1014.26049805,4.99635713324,13.4315586757,PASS,NA,NA,60.406,60.156,NA,NA,10216,9210,NA,NA,"0%@729,0%@729,0%@729,0%@729,0%@729,0%@729","0%@729,0%@729,0%@729,0%@729,0%@729,0%@729",2026-08-31T11:45:39Z,2026-08-31T11:45:40Z
2026-08-31T11:45:43Z,V3,4096,2048,1,1.34853184223,742,1000.61062693,500,2,742,1004.86676025,1.35426787096,49.5536115409,PASS,NA,NA,60.25,60.437,NA,NA,12220,12865,NA,NA,"0%@1036,0%@1036,8%@1036,0%@1036,0%@729,0%@729","0%@729,0%@729,0%@729,0%@729,0%@729,0%@729",2026-08-31T11:45:42Z,2026-08-31T11:45:43Z
2026-08-31T11:45:46Z,V4,4096,2048,1,0.709997415543,1409,1000.3863585,500,2,1409,1012.5567627,0.71863503385,93.3837912694,PASS,NA,NA,61,60.937,NA,NA,15876,16510,NA,NA,"8%@1036,0%@1036,0%@1036,0%@1036,0%@729,0%@729","0%@729,0%@729,0%@729,0%@729,0%@729,0%@729",2026-08-31T11:45:44Z,2026-08-31T11:45:46Z
2026-08-31T11:45:49Z,V2,4096,2048,2,4.9492225647,203,1004.69218063,500,2,203,1013.95404053,4.99484749028,13.4356182307,PASS,NA,NA,60.437,60.312,NA,NA,10318,9328,NA,NA,"0%@729,0%@729,8%@729,0%@729,0%@729,0%@729","0%@729,9%@729,0%@806,9%@806,0%@729,0%@729",2026-08-31T11:45:47Z,2026-08-31T11:45:49Z
2026-08-31T11:45:51Z,V3,4096,2048,2,1.34853184223,742,1000.61062693,500,2,742,1004.39276123,1.35362905826,49.5769971769,PASS,NA,NA,60.468,60.5,NA,NA,12298,12865,NA,NA,"0%@729,0%@729,0%@806,0%@806,0%@729,0%@729","0%@729,0%@729,0%@729,0%@729,0%@729,0%@729",2026-08-31T11:45:50Z,2026-08-31T11:45:51Z
2026-08-31T11:45:54Z,V4,4096,2048,2,0.709997415543,1409,1000.3863585,500,2,1409,1004.51782227,0.71292961126,94.1311216985,PASS,NA,NA,60.906,61.125,NA,NA,15915,16510,NA,NA,"0%@729,0%@729,0%@729,0%@729,0%@729,0%@729","0%@729,9%@729,0%@729,0%@729,0%@729,0%@729",2026-08-31T11:45:53Z,2026-08-31T11:45:54Z
2026-08-31T11:45:57Z,V1,4096,2048,2,0.974107503891,1027,1000.4084065,500,2,1027,1004.89208984,0.978473310461,68.5852779861,PASS,NA,NA,60.843,60.875,NA,NA,13390,13703,NA,NA,"0%@729,0%@729,0%@729,0%@729,0%@729,0%@729","0%@806,0%@806,0%@806,0%@806,0%@729,0%@729",2026-08-31T11:45:56Z,2026-08-31T11:45:57Z
2026-08-31T11:46:00Z,V3,4096,2048,3,1.34853184223,742,1000.61062693,500,2,742,1003.71453857,1.35271501156,49.6104969833,PASS,NA,NA,60.625,60.687,NA,NA,12552,12904,NA,NA,"9%@729,0%@729,0%@729,0%@729,0%@729,0%@729","0%@729,0%@729,0%@806,0%@806,9%@729,0%@729",2026-08-31T11:45:59Z,2026-08-31T11:46:00Z
2026-08-31T11:46:03Z,V4,4096,2048,3,0.709997415543,1409,1000.3863585,500,2,1409,1003.61169434,0.712286511239,94.2161095867,PASS,NA,NA,61.093,61.312,NA,NA,15915,16510,NA,NA,"0%@729,0%@729,0%@729,0%@1344,0%@729,0%@729","0%@729,9%@729,0%@729,0%@729,0%@729,0%@729",2026-08-31T11:46:01Z,2026-08-31T11:46:03Z
2026-08-31T11:46:06Z,V1,4096,2048,3,0.974107503891,1027,1000.4084065,500,2,1027,1000.85089111,0.974538355514,68.8622090862,PASS,NA,NA,61.187,61.062,NA,NA,13429,13703,NA,NA,"8%@1344,0%@1344,9%@1344,0%@1344,0%@729,0%@729","8%@806,0%@806,0%@806,0%@806,0%@729,0%@729",2026-08-31T11:46:04Z,2026-08-31T11:46:06Z
2026-08-31T11:46:08Z,V2,4096,2048,3,4.9492225647,203,1004.69218063,500,2,203,1012.90765381,4.9896928759,13.4494979288,PASS,NA,NA,60.843,60.5,NA,NA,10278,9249,NA,NA,"0%@1344,0%@1344,0%@1344,0%@1344,0%@729,0%@729","0%@806,8%@806,0%@806,0%@806,0%@729,0%@729",2026-08-31T11:46:07Z,2026-08-31T11:46:08Z
2026-08-31T11:46:11Z,V4,4096,2048,4,0.709997415543,1409,1000.3863585,500,2,1409,1009.7857666,0.716668393614,93.640049705,PASS,NA,NA,61.062,61.406,NA,NA,15525,16471,NA,NA,"0%@729,0%@729,0%@806,0%@806,0%@729,9%@729","0%@729,0%@729,0%@729,0%@806,0%@729,9%@729",2026-08-31T11:46:10Z,2026-08-31T11:46:11Z
2026-08-31T11:46:14Z,V1,4096,2048,4,0.974107503891,1027,1000.4084065,500,2,1027,1002.2645874,0.975914885494,68.7650787968,PASS,NA,NA,61.25,61.031,NA,NA,13429,13703,NA,NA,"0%@729,9%@729,0%@729,0%@729,0%@729,0%@729","0%@729,0%@729,0%@729,0%@729,9%@729,0%@729",2026-08-31T11:46:13Z,2026-08-31T11:46:14Z
2026-08-31T11:46:17Z,V2,4096,2048,4,4.9492225647,203,1004.69218063,500,2,203,1014.03356934,4.99523925781,13.4345644996,PASS,NA,NA,60.75,60.468,NA,NA,10278,9249,NA,NA,"0%@729,0%@729,0%@729,0%@729,0%@729,0%@729","0%@729,0%@729,0%@729,0%@729,0%@729,0%@729",2026-08-31T11:46:16Z,2026-08-31T11:46:17Z
2026-08-31T11:46:20Z,V3,4096,2048,4,1.34853184223,742,1000.61062693,500,2,742,1003.91687012,1.35298769558,49.6004983781,PASS,NA,NA,60.625,60.781,NA,NA,12220,12865,NA,NA,"0%@1036,0%@1036,0%@1036,8%@1036,0%@729,0%@729","0%@729,0%@729,0%@729,0%@729,0%@729,0%@729",2026-08-31T11:46:19Z,2026-08-31T11:46:20Z
2026-08-31T11:46:23Z,V1,4096,2048,5,0.974107503891,1027,1000.4084065,500,2,1027,1006.79760742,0.980328731667,68.4554699176,PASS,NA,NA,60.687,60.906,NA,NA,13312,13664,NA,NA,"0%@729,0%@729,0%@729,0%@1344,0%@729,0%@729","0%@729,0%@729,0%@729,0%@1344,0%@729,0%@729",2026-08-31T11:46:21Z,2026-08-31T11:46:23Z
2026-08-31T11:46:26Z,V3,4096,2048,5,1.34853184223,742,1000.61062693,500,2,742,1002.68334961,1.35132526902,49.6615178734,PASS,NA,NA,60.843,60.75,NA,NA,12591,12904,NA,NA,"0%@729,0%@729,0%@729,0%@729,0%@729,0%@729","0%@729,0%@729,0%@729,0%@729,0%@729,0%@729",2026-08-31T11:46:24Z,2026-08-31T11:46:26Z
2026-08-31T11:46:28Z,V2,4096,2048,5,4.9492225647,203,1004.69218063,500,2,203,1013.66119385,4.9934048958,13.4394997803,PASS,NA,NA,60.375,60.531,NA,NA,9666,9210,NA,NA,"0%@729,0%@729,0%@729,0%@729,0%@729,0%@729","0%@806,0%@806,0%@806,0%@806,0%@729,0%@729",2026-08-31T11:46:27Z,2026-08-31T11:46:28Z
2026-08-31T11:46:31Z,V4,4096,2048,5,0.709997415543,1409,1000.3863585,500,2,1409,1006.73931885,0.714506258941,93.9234095716,PASS,NA,NA,60.718,61.187,NA,NA,15564,16510,NA,NA,"0%@729,0%@729,9%@729,0%@729,0%@729,0%@729","0%@729,0%@729,0%@729,0%@729,0%@729,0%@729",2026-08-31T11:46:30Z,2026-08-31T11:46:31Z
2026-08-31T11:46:34Z,V2,4096,2048,6,4.9492225647,203,1004.69218063,500,2,203,1014.09918213,4.99556247354,13.4336952756,PASS,NA,NA,60.406,60.25,NA,NA,10278,9288,NA,NA,"0%@729,0%@729,0%@729,0%@729,0%@729,8%@729","0%@729,9%@729,8%@729,0%@729,0%@729,0%@729",2026-08-31T11:46:33Z,2026-08-31T11:46:34Z
2026-08-31T11:46:37Z,V4,4096,2048,6,0.709997415543,1409,1000.3863585,500,2,1409,1001.73815918,0.710956819858,94.3923204976,PASS,NA,NA,60.656,60.937,NA,NA,15642,16549,NA,NA,"0%@1344,0%@1344,0%@1344,0%@1344,0%@729,0%@729","0%@729,0%@729,0%@806,0%@806,0%@729,0%@729",2026-08-31T11:46:36Z,2026-08-31T11:46:37Z
2026-08-31T11:46:40Z,V3,4096,2048,6,1.34853184223,742,1000.61062693,500,2,742,1005.58319092,1.35523341094,49.5183069265,PASS,NA,NA,60.687,60.781,NA,NA,12630,12904,NA,NA,"0%@1036,0%@1036,0%@1036,16%@1036,0%@729,0%@729","0%@729,0%@729,8%@729,0%@806,0%@729,0%@729",2026-08-31T11:46:39Z,2026-08-31T11:46:40Z
2026-08-31T11:46:43Z,V1,4096,2048,6,0.974107503891,1027,1000.4084065,500,2,1027,1004.87084961,0.978452628636,68.5867276922,PASS,NA,NA,60.812,60.906,NA,NA,13312,13703,NA,NA,"0%@1036,0%@1036,0%@1036,0%@1036,0%@729,9%@729","9%@1344,0%@1344,0%@1344,0%@1344,0%@729,0%@729",2026-08-31T11:46:42Z,2026-08-31T11:46:43Z
2026-08-31T11:46:46Z,V4,4096,2048,7,0.709997415543,1409,1000.3863585,500,2,1409,1012.56665039,0.718642051377,93.3828793784,PASS,NA,NA,61.25,61.312,NA,NA,15915,16588,NA,NA,"0%@729,0%@729,0%@729,0%@729,0%@729,0%@729","0%@729,0%@729,0%@729,9%@729,0%@729,0%@729",2026-08-31T11:46:44Z,2026-08-31T11:46:46Z
2026-08-31T11:46:49Z,V2,4096,2048,7,4.9492225647,203,1004.69218063,500,2,203,1012.45196533,4.98744810508,13.4555513333,PASS,NA,NA,60.656,60.562,NA,NA,10318,9328,NA,NA,"0%@1036,0%@1036,0%@1036,0%@1036,0%@729,0%@729","9%@729,8%@729,0%@1344,0%@1344,0%@729,0%@729",2026-08-31T11:46:47Z,2026-08-31T11:46:49Z
2026-08-31T11:46:52Z,V1,4096,2048,7,0.974107503891,1027,1000.4084065,500,2,1027,1002.27740479,0.975927365906,68.7641994112,PASS,NA,NA,60.531,60.75,NA,NA,13021,13703,NA,NA,"0%@729,0%@729,0%@729,0%@729,0%@729,0%@729","0%@729,0%@729,0%@729,0%@729,0%@729,0%@729",2026-08-31T11:46:50Z,2026-08-31T11:46:52Z
2026-08-31T11:46:54Z,V3,4096,2048,7,1.34853184223,742,1000.61062693,500,2,742,1001.69885254,1.34999845356,49.7103265735,PASS,NA,NA,60.468,60.437,NA,NA,12552,12904,NA,NA,"0%@729,0%@729,0%@729,0%@729,0%@729,0%@729","0%@729,0%@729,0%@729,0%@729,0%@729,0%@729",2026-08-31T11:46:53Z,2026-08-31T11:46:54Z
2026-08-31T11:46:57Z,V1,2048,4096,1,0.949297249317,1054,1000.55930078,500,2,1054,1006.06439209,0.9545202961,70.3063772181,PASS,NA,NA,60.75,60.593,NA,NA,13390,13742,NA,NA,"0%@1344,9%@1344,0%@1344,0%@1344,0%@729,0%@729","0%@729,0%@806,0%@806,0%@806,0%@729,0%@729",2026-08-31T11:46:56Z,2026-08-31T11:46:57Z
2026-08-31T11:47:00Z,V2,2048,4096,1,4.95129203796,202,1000.16099167,500,2,202,1010.18652344,5.00092338335,13.4192945694,PASS,NA,NA,60.406,60.25,NA,NA,10059,9092,NA,NA,"0%@729,0%@729,0%@729,0%@729,0%@729,0%@729","0%@729,0%@729,9%@806,0%@806,0%@729,0%@729",2026-08-31T11:46:59Z,2026-08-31T11:47:00Z
2026-08-31T11:47:03Z,V3,2048,4096,1,1.34502851963,744,1000.7012186,500,2,744,1002.72106934,1.34774337276,49.7935032412,PASS,NA,NA,60.218,60.406,NA,NA,12220,12865,NA,NA,"9%@729,0%@806,0%@806,0%@806,0%@729,0%@729","0%@729,0%@729,0%@729,0%@729,0%@729,0%@729",2026-08-31T11:47:02Z,2026-08-31T11:47:03Z
2026-08-31T11:47:06Z,V4,2048,4096,1,0.718145906925,1393,1000.37724835,500,2,1393,986.479492188,0.708169053975,94.7639036517,PASS,NA,NA,60.906,61.156,NA,NA,15837,16471,NA,NA,"0%@729,0%@729,0%@729,0%@729,0%@729,0%@729","0%@729,0%@729,0%@729,0%@729,0%@729,0%@729",2026-08-31T11:47:04Z,2026-08-31T11:47:06Z
2026-08-31T11:47:09Z,V2,2048,4096,2,4.95129203796,202,1000.16099167,500,2,202,1010.62487793,5.0030934551,13.4134740041,PASS,NA,NA,60.406,60,NA,NA,10099,9170,NA,NA,"0%@729,0%@729,0%@729,9%@729,0%@729,0%@729","8%@729,0%@729,0%@806,0%@806,0%@729,0%@729",2026-08-31T11:47:07Z,2026-08-31T11:47:09Z
2026-08-31T11:47:11Z,V3,2048,4096,2,1.34502851963,744,1000.7012186,500,2,744,1006.02423096,1.35218310613,49.6300121603,PASS,NA,NA,60.437,60.25,NA,NA,12259,12865,NA,NA,"0%@729,0%@729,0%@729,0%@1036,0%@729,0%@729","0%@806,0%@806,0%@806,0%@806,0%@729,0%@729",2026-08-31T11:47:10Z,2026-08-31T11:47:11Z
2026-08-31T11:47:14Z,V4,2048,4096,2,0.718145906925,1393,1000.37724835,500,2,1393,996.191772461,0.715141258048,93.8400116687,PASS,NA,NA,60.718,61,NA,NA,15759,16432,NA,NA,"0%@1344,0%@1344,0%@1344,0%@1344,0%@729,0%@729","9%@729,0%@729,9%@729,0%@729,8%@729,0%@729",2026-08-31T11:47:13Z,2026-08-31T11:47:14Z
2026-08-31T11:47:17Z,V1,2048,4096,2,0.949297249317,1054,1000.55930078,500,2,1054,1005.50854492,0.953992926871,70.3452427264,PASS,NA,NA,60.75,60.812,NA,NA,13507,13781,NA,NA,"0%@1344,9%@1344,0%@1344,0%@1344,0%@729,0%@729","0%@806,0%@806,0%@806,0%@806,0%@729,0%@729",2026-08-31T11:47:16Z,2026-08-31T11:47:17Z
2026-08-31T11:47:20Z,V3,2048,4096,3,1.34502851963,744,1000.7012186,500,2,744,1006.74707031,1.3531546644,49.5943780601,PASS,NA,NA,60.593,60.687,NA,NA,12552,12865,NA,NA,"0%@806,0%@806,0%@806,0%@806,0%@729,0%@729","0%@806,0%@806,0%@806,0%@806,0%@729,0%@729",2026-08-31T11:47:19Z,2026-08-31T11:47:20Z
2026-08-31T11:47:23Z,V4,2048,4096,3,0.718145906925,1393,1000.37724835,500,2,1393,988.690551758,0.709756318563,94.5519782563,PASS,NA,NA,60.906,61.187,NA,NA,15837,16471,NA,NA,"0%@1344,0%@1344,0%@1344,0%@1344,0%@729,0%@729","0%@806,0%@806,9%@806,0%@806,0%@729,0%@729",2026-08-31T11:47:21Z,2026-08-31T11:47:23Z
2026-08-31T11:47:26Z,V1,2048,4096,3,0.949297249317,1054,1000.55930078,500,2,1054,1003.73925781,0.95231428635,70.4692399998,PASS,NA,NA,61.062,60.968,NA,NA,13468,13742,NA,NA,"0%@729,0%@729,0%@729,0%@729,0%@729,0%@729","0%@1344,0%@1344,0%@1344,0%@1344,0%@729,9%@729",2026-08-31T11:47:24Z,2026-08-31T11:47:26Z
2026-08-31T11:47:28Z,V2,2048,4096,3,4.95129203796,202,1000.16099167,500,2,202,1010.07574463,5.00037497341,13.4207663139,PASS,NA,NA,60.593,60.281,NA,NA,10099,9092,NA,NA,"0%@729,0%@729,0%@729,0%@729,0%@729,0%@729","0%@729,0%@729,9%@729,0%@729,0%@729,0%@729",2026-08-31T11:47:27Z,2026-08-31T11:47:28Z
2026-08-31T11:47:31Z,V4,2048,4096,4,0.718145906925,1393,1000.37724835,500,2,1393,986.596313477,0.708252917069,94.7526828096,PASS,NA,NA,61.25,61.218,NA,NA,15603,16471,NA,NA,"9%@729,0%@806,0%@806,0%@806,0%@729,0%@729","0%@806,0%@806,0%@806,0%@806,0%@729,0%@729",2026-08-31T11:47:30Z,2026-08-31T11:47:31Z
2026-08-31T11:47:34Z,V1,2048,4096,4,0.949297249317,1054,1000.55930078,500,2,1054,1005.05187988,0.953559658333,70.3772054675,PASS,NA,NA,60.968,60.968,NA,NA,13468,13781,NA,NA,"0%@729,0%@729,0%@729,0%@729,0%@729,0%@729","0%@729,0%@806,0%@806,0%@806,0%@729,0%@729",2026-08-31T11:47:33Z,2026-08-31T11:47:34Z
2026-08-31T11:47:37Z,V2,2048,4096,4,4.95129203796,202,1000.16099167,500,2,202,1009.9418335,4.99971204701,13.4225458124,PASS,NA,NA,60.468,60.406,NA,NA,10138,9170,NA,NA,"0%@729,0%@729,0%@729,0%@729,0%@729,0%@729","0%@806,0%@806,0%@806,0%@806,0%@729,8%@729",2026-08-31T11:47:36Z,2026-08-31T11:47:37Z
2026-08-31T11:47:40Z,V3,2048,4096,4,1.34502851963,744,1000.7012186,500,2,744,1005.38586426,1.35132508637,49.6615245857,PASS,NA,NA,60.312,60.656,NA,NA,12220,12865,NA,NA,"0%@729,0%@729,0%@729,8%@729,0%@729,0%@729","0%@806,0%@806,0%@806,0%@806,0%@729,0%@729",2026-08-31T11:47:39Z,2026-08-31T11:47:40Z
2026-08-31T11:47:43Z,V1,2048,4096,5,0.949297249317,1054,1000.55930078,500,2,1054,1002.70397949,0.951332048854,70.5419985386,PASS,NA,NA,60.625,60.718,NA,NA,13390,13781,NA,NA,"0%@729,0%@729,0%@729,0%@729,0%@729,0%@729","0%@729,0%@729,0%@729,0%@729,0%@729,0%@729",2026-08-31T11:47:41Z,2026-08-31T11:47:43Z
2026-08-31T11:47:45Z,V3,2048,4096,5,1.34502851963,744,1000.7012186,500,2,744,1003.08166504,1.34822804441,49.7756030802,PASS,NA,NA,60.781,60.718,NA,NA,12552,12904,NA,NA,"8%@729,0%@729,0%@729,0%@729,0%@729,0%@729","8%@1344,9%@1344,0%@1344,0%@1344,0%@729,0%@729",2026-08-31T11:47:44Z,2026-08-31T11:47:45Z
2026-08-31T11:47:48Z,V2,2048,4096,5,4.95129203796,202,1000.16099167,500,2,202,1011.26098633,5.00624250657,13.4050365942,PASS,NA,NA,60.218,60.062,NA,NA,9431,9092,NA,NA,"0%@729,0%@1344,0%@1344,0%@1344,0%@729,0%@729","0%@1344,0%@1344,0%@1344,0%@1344,9%@729,0%@729",2026-08-31T11:47:47Z,2026-08-31T11:47:48Z
2026-08-31T11:47:51Z,V4,2048,4096,5,0.718145906925,1393,1000.37724835,500,2,1393,994.410461426,0.713862499229,94.0081095064,PASS,NA,NA,60.687,60.906,NA,NA,15409,16432,NA,NA,"0%@729,8%@729,0%@729,0%@729,0%@729,0%@729","0%@806,0%@806,0%@806,0%@806,0%@729,0%@729",2026-08-31T11:47:50Z,2026-08-31T11:47:51Z
2026-08-31T11:47:54Z,V2,2048,4096,6,4.95129203796,202,1000.16099167,500,2,202,1009.87774658,4.99939478506,13.4233976082,PASS,NA,NA,60.437,60.125,NA,NA,10216,9249,NA,NA,"0%@1344,0%@1344,0%@1344,0%@1344,0%@729,0%@729","0%@729,0%@729,0%@729,0%@729,0%@729,0%@729",2026-08-31T11:47:53Z,2026-08-31T11:47:54Z
2026-08-31T11:47:57Z,V4,2048,4096,6,0.718145906925,1393,1000.37724835,500,2,1393,988.950744629,0.709943104543,94.5271016375,PASS,NA,NA,60.531,60.906,NA,NA,15525,16432,NA,NA,"0%@729,0%@729,0%@729,0%@729,0%@729,0%@729","0%@729,0%@806,0%@806,0%@806,0%@729,0%@729",2026-08-31T11:47:56Z,2026-08-31T11:47:57Z
2026-08-31T11:48:00Z,V3,2048,4096,6,1.34502851963,744,1000.7012186,500,2,744,1005.07727051,1.35091030982,49.6767724045,PASS,NA,NA,60.75,60.5,NA,NA,12630,12865,NA,NA,"0%@1344,0%@1344,0%@1344,0%@1344,0%@729,0%@729","0%@806,0%@806,0%@806,0%@806,0%@729,0%@729",2026-08-31T11:47:59Z,2026-08-31T11:48:00Z
2026-08-31T11:48:03Z,V1,2048,4096,6,0.949297249317,1054,1000.55930078,500,2,1054,1005.85357666,0.954320281461,70.3211126324,PASS,NA,NA,60.531,60.812,NA,NA,13390,13742,NA,NA,"0%@729,0%@729,0%@806,0%@806,0%@729,0%@729","0%@729,0%@729,0%@729,0%@806,0%@729,0%@729",2026-08-31T11:48:01Z,2026-08-31T11:48:03Z
2026-08-31T11:48:05Z,V4,2048,4096,7,0.718145906925,1393,1000.37724835,500,2,1393,986.576965332,0.708239027518,94.7545410413,PASS,NA,NA,60.968,61.218,NA,NA,15876,16510,NA,NA,"0%@729,0%@729,9%@729,0%@729,0%@729,0%@729","9%@806,0%@806,0%@806,0%@806,0%@729,0%@729",2026-08-31T11:48:04Z,2026-08-31T11:48:05Z
2026-08-31T11:48:08Z,V2,2048,4096,7,4.95129203796,202,1000.16099167,500,2,202,1010.17169189,5.00084995987,13.4194915941,PASS,NA,NA,60.718,60.531,NA,NA,10216,9249,NA,NA,"0%@729,0%@729,0%@729,0%@729,0%@729,0%@729","0%@806,0%@806,0%@806,0%@806,8%@729,0%@729",2026-08-31T11:48:07Z,2026-08-31T11:48:08Z
2026-08-31T11:48:11Z,V1,2048,4096,7,0.949297249317,1054,1000.55930078,500,2,1054,1005.90411377,0.954368229383,70.3175796657,PASS,NA,NA,60.343,60.562,NA,NA,13060,13742,NA,NA,"0%@1344,0%@1344,0%@1344,0%@1344,0%@729,0%@729","0%@729,0%@806,0%@806,0%@806,0%@729,0%@729",2026-08-31T11:48:10Z,2026-08-31T11:48:11Z
2026-08-31T11:48:14Z,V3,2048,4096,7,1.34502851963,744,1000.7012186,500,2,744,1006.4631958,1.35277311264,49.6083662317,PASS,NA,NA,60.5,60.531,NA,NA,12552,12865,NA,NA,"0%@729,0%@729,0%@806,0%@806,0%@729,0%@729","9%@729,0%@729,0%@729,0%@729,9%@729,0%@729",2026-08-31T11:48:13Z,2026-08-31T11:48:14Z
