timestamp,version,width,height,input_pattern,repeat,grid_x,grid_y,block_x,block_y,tile_dim,block_rows,correctness,guard_status,cuda_status,error_message
2026-08-31T04:43:12Z,V1,1,1,coordinate,1,1,1,32,8,32,8,PASS,PASS,PASS,""
2026-08-31T04:43:12Z,V1,1,1,coordinate,2,1,1,32,8,32,8,PASS,PASS,PASS,""
2026-08-31T04:43:12Z,V1,1,1,coordinate,3,1,1,32,8,32,8,PASS,PASS,PASS,""
2026-08-31T04:43:12Z,V2,1,1,coordinate,1,1,1,32,8,32,8,PASS,PASS,PASS,""
2026-08-31T04:43:12Z,V2,1,1,coordinate,2,1,1,32,8,32,8,PASS,PASS,PASS,""
2026-08-31T04:43:12Z,V2,1,1,coordinate,3,1,1,32,8,32,8,PASS,PASS,PASS,""
2026-08-31T04:43:12Z,V3,1,1,coordinate,1,1,1,32,8,32,8,PASS,PASS,PASS,""
2026-08-31T04:43:12Z,V3,1,1,coordinate,2,1,1,32,8,32,8,PASS,PASS,PASS,""
2026-08-31T04:43:12Z,V3,1,1,coordinate,3,1,1,32,8,32,8,PASS,PASS,PASS,""
2026-08-31T04:43:12Z,V4,1,1,coordinate,1,1,1,32,8,32,8,PASS,PASS,PASS,""
2026-08-31T04:43:12Z,V4,1,1,coordinate,2,1,1,32,8,32,8,PASS,PASS,PASS,""
2026-08-31T04:43:12Z,V4,1,1,coordinate,3,1,1,32,8,32,8,PASS,PASS,PASS,""
2026-08-31T04:43:12Z,V1,1,1,sequential,1,1,1,32,8,32,8,PASS,PASS,PASS,""
2026-08-31T04:43:12Z,V1,1,1,sequential,2,1,1,32,8,32,8,PASS,PASS,PASS,""
2026-08-31T04:43:12Z,V1,1,1,sequential,3,1,1,32,8,32,8,PASS,PASS,PASS,""
2026-08-31T04:43:12Z,V2,1,1,sequential,1,1,1,32,8,32,8,PASS,PASS,PASS,""
2026-08-31T04:43:12Z,V2,1,1,sequential,2,1,1,32,8,32,8,PASS,PASS,PASS,""
2026-08-31T04:43:12Z,V2,1,1,sequential,3,1,1,32,8,32,8,PASS,PASS,PASS,""
2026-08-31T04:43:12Z,V3,1,1,sequential,1,1,1,32,8,32,8,PASS,PASS,PASS,""
2026-08-31T04:43:12Z,V3,1,1,sequential,2,1,1,32,8,32,8,PASS,PASS,PASS,""
2026-08-31T04:43:12Z,V3,1,1,sequential,3,1,1,32,8,32,8,PASS,PASS,PASS,""
2026-08-31T04:43:12Z,V4,1,1,sequential,1,1,1,32,8,32,8,PASS,PASS,PASS,""
2026-08-31T04:43:12Z,V4,1,1,sequential,2,1,1,32,8,32,8,PASS,PASS,PASS,""
2026-08-31T04:43:12Z,V4,1,1,sequential,3,1,1,32,8,32,8,PASS,PASS,PASS,""
2026-08-31T04:43:12Z,V1,1,1,signed_seeded,1,1,1,32,8,32,8,PASS,PASS,PASS,""
2026-08-31T04:43:12Z,V1,1,1,signed_seeded,2,1,1,32,8,32,8,PASS,PASS,PASS,""
2026-08-31T04:43:12Z,V1,1,1,signed_seeded,3,1,1,32,8,32,8,PASS,PASS,PASS,""
2026-08-31T04:43:12Z,V2,1,1,signed_seeded,1,1,1,32,8,32,8,PASS,PASS,PASS,""
2026-08-31T04:43:12Z,V2,1,1,signed_seeded,2,1,1,32,8,32,8,PASS,PASS,PASS,""
2026-08-31T04:43:12Z,V2,1,1,signed_seeded,3,1,1,32,8,32,8,PASS,PASS,PASS,""
2026-08-31T04:43:12Z,V3,1,1,signed_seeded,1,1,1,32,8,32,8,PASS,PASS,PASS,""
2026-08-31T04:43:12Z,V3,1,1,signed_seeded,2,1,1,32,8,32,8,PASS,PASS,PASS,""
2026-08-31T04:43:12Z,V3,1,1,signed_seeded,3,1,1,32,8,32,8,PASS,PASS,PASS,""
2026-08-31T04:43:12Z,V4,1,1,signed_seeded,1,1,1,32,8,32,8,PASS,PASS,PASS,""
2026-08-31T04:43:12Z,V4,1,1,signed_seeded,2,1,1,32,8,32,8,PASS,PASS,PASS,""
2026-08-31T04:43:12Z,V4,1,1,signed_seeded,3,1,1,32,8,32,8,PASS,PASS,PASS,""
2026-08-31T04:43:12Z,V1,17,1,coordinate,1,1,1,32,8,32,8,PASS,PASS,PASS,""
2026-08-31T04:43:12Z,V1,17,1,coordinate,2,1,1,32,8,32,8,PASS,PASS,PASS,""
2026-08-31T04:43:12Z,V1,17,1,coordinate,3,1,1,32,8,32,8,PASS,PASS,PASS,""
2026-08-31T04:43:12Z,V2,17,1,coordinate,1,1,1,32,8,32,8,PASS,PASS,PASS,""
2026-08-31T04:43:12Z,V2,17,1,coordinate,2,1,1,32,8,32,8,PASS,PASS,PASS,""
2026-08-31T04:43:12Z,V2,17,1,coordinate,3,1,1,32,8,32,8,PASS,PASS,PASS,""
2026-08-31T04:43:12Z,V3,17,1,coordinate,1,1,1,32,8,32,8,PASS,PASS,PASS,""
2026-08-31T04:43:12Z,V3,17,1,coordinate,2,1,1,32,8,32,8,PASS,PASS,PASS,""
2026-08-31T04:43:12Z,V3,17,1,coordinate,3,1,1,32,8,32,8,PASS,PASS,PASS,""
2026-08-31T04:43:12Z,V4,17,1,coordinate,1,1,1,32,8,32,8,PASS,PASS,PASS,""
2026-08-31T04:43:12Z,V4,17,1,coordinate,2,1,1,32,8,32,8,PASS,PASS,PASS,""
2026-08-31T04:43:12Z,V4,17,1,coordinate,3,1,1,32,8,32,8,PASS,PASS,PASS,""
2026-08-31T04:43:12Z,V1,17,1,sequential,1,1,1,32,8,32,8,PASS,PASS,PASS,""
2026-08-31T04:43:12Z,V1,17,1,sequential,2,1,1,32,8,32,8,PASS,PASS,PASS,""
2026-08-31T04:43:12Z,V1,17,1,sequential,3,1,1,32,8,32,8,PASS,PASS,PASS,""
2026-08-31T04:43:12Z,V2,17,1,sequential,1,1,1,32,8,32,8,PASS,PASS,PASS,""
2026-08-31T04:43:12Z,V2,17,1,sequential,2,1,1,32,8,32,8,PASS,PASS,PASS,""
2026-08-31T04:43:12Z,V2,17,1,sequential,3,1,1,32,8,32,8,PASS,PASS,PASS,""
2026-08-31T04:43:12Z,V3,17,1,sequential,1,1,1,32,8,32,8,PASS,PASS,PASS,""
2026-08-31T04:43:12Z,V3,17,1,sequential,2,1,1,32,8,32,8,PASS,PASS,PASS,""
2026-08-31T04:43:12Z,V3,17,1,sequential,3,1,1,32,8,32,8,PASS,PASS,PASS,""
2026-08-31T04:43:12Z,V4,17,1,sequential,1,1,1,32,8,32,8,PASS,PASS,PASS,""
2026-08-31T04:43:12Z,V4,17,1,sequential,2,1,1,32,8,32,8,PASS,PASS,PASS,""
2026-08-31T04:43:12Z,V4,17,1,sequential,3,1,1,32,8,32,8,PASS,PASS,PASS,""
2026-08-31T04:43:12Z,V1,17,1,signed_seeded,1,1,1,32,8,32,8,PASS,PASS,PASS,""
2026-08-31T04:43:12Z,V1,17,1,signed_seeded,2,1,1,32,8,32,8,PASS,PASS,PASS,""
2026-08-31T04:43:12Z,V1,17,1,signed_seeded,3,1,1,32,8,32,8,PASS,PASS,PASS,""
2026-08-31T04:43:12Z,V2,17,1,signed_seeded,1,1,1,32,8,32,8,PASS,PASS,PASS,""
2026-08-31T04:43:12Z,V2,17,1,signed_seeded,2,1,1,32,8,32,8,PASS,PASS,PASS,""
2026-08-31T04:43:12Z,V2,17,1,signed_seeded,3,1,1,32,8,32,8,PASS,PASS,PASS,""
2026-08-31T04:43:12Z,V3,17,1,signed_seeded,1,1,1,32,8,32,8,PASS,PASS,PASS,""
2026-08-31T04:43:12Z,V3,17,1,signed_seeded,2,1,1,32,8,32,8,PASS,PASS,PASS,""
2026-08-31T04:43:12Z,V3,17,1,signed_seeded,3,1,1,32,8,32,8,PASS,PASS,PASS,""
2026-08-31T04:43:12Z,V4,17,1,signed_seeded,1,1,1,32,8,32,8,PASS,PASS,PASS,""
2026-08-31T04:43:12Z,V4,17,1,signed_seeded,2,1,1,32,8,32,8,PASS,PASS,PASS,""
2026-08-31T04:43:12Z,V4,17,1,signed_seeded,3,1,1,32,8,32,8,PASS,PASS,PASS,""
2026-08-31T04:43:12Z,V1,1,17,coordinate,1,1,3,32,8,32,8,PASS,PASS,PASS,""
2026-08-31T04:43:12Z,V1,1,17,coordinate,2,1,3,32,8,32,8,PASS,PASS,PASS,""
2026-08-31T04:43:12Z,V1,1,17,coordinate,3,1,3,32,8,32,8,PASS,PASS,PASS,""
2026-08-31T04:43:12Z,V2,1,17,coordinate,1,1,3,32,8,32,8,PASS,PASS,PASS,""
2026-08-31T04:43:12Z,V2,1,17,coordinate,2,1,3,32,8,32,8,PASS,PASS,PASS,""
2026-08-31T04:43:12Z,V2,1,17,coordinate,3,1,3,32,8,32,8,PASS,PASS,PASS,""
2026-08-31T04:43:12Z,V3,1,17,coordinate,1,1,1,32,8,32,8,PASS,PASS,PASS,""
2026-08-31T04:43:12Z,V3,1,17,coordinate,2,1,1,32,8,32,8,PASS,PASS,PASS,""
2026-08-31T04:43:12Z,V3,1,17,coordinate,3,1,1,32,8,32,8,PASS,PASS,PASS,""
2026-08-31T04:43:12Z,V4,1,17,coordinate,1,1,1,32,8,32,8,PASS,PASS,PASS,""
2026-08-31T04:43:12Z,V4,1,17,coordinate,2,1,1,32,8,32,8,PASS,PASS,PASS,""
2026-08-31T04:43:12Z,V4,1,17,coordinate,3,1,1,32,8,32,8,PASS,PASS,PASS,""
2026-08-31T04:43:12Z,V1,1,17,sequential,1,1,3,32,8,32,8,PASS,PASS,PASS,""
2026-08-31T04:43:12Z,V1,1,17,sequential,2,1,3,32,8,32,8,PASS,PASS,PASS,""
2026-08-31T04:43:12Z,V1,1,17,sequential,3,1,3,32,8,32,8,PASS,PASS,PASS,""
2026-08-31T04:43:12Z,V2,1,17,sequential,1,1,3,32,8,32,8,PASS,PASS,PASS,""
2026-08-31T04:43:12Z,V2,1,17,sequential,2,1,3,32,8,32,8,PASS,PASS,PASS,""
2026-08-31T04:43:12Z,V2,1,17,sequential,3,1,3,32,8,32,8,PASS,PASS,PASS,""
2026-08-31T04:43:12Z,V3,1,17,sequential,1,1,1,32,8,32,8,PASS,PASS,PASS,""
2026-08-31T04:43:12Z,V3,1,17,sequential,2,1,1,32,8,32,8,PASS,PASS,PASS,""
2026-08-31T04:43:12Z,V3,1,17,sequential,3,1,1,32,8,32,8,PASS,PASS,PASS,""
2026-08-31T04:43:12Z,V4,1,17,sequential,1,1,1,32,8,32,8,PASS,PASS,PASS,""
2026-08-31T04:43:12Z,V4,1,17,sequential,2,1,1,32,8,32,8,PASS,PASS,PASS,""
2026-08-31T04:43:12Z,V4,1,17,sequential,3,1,1,32,8,32,8,PASS,PASS,PASS,""
2026-08-31T04:43:12Z,V1,1,17,signed_seeded,1,1,3,32,8,32,8,PASS,PASS,PASS,""
2026-08-31T04:43:12Z,V1,1,17,signed_seeded,2,1,3,32,8,32,8,PASS,PASS,PASS,""
2026-08-31T04:43:12Z,V1,1,17,signed_seeded,3,1,3,32,8,32,8,PASS,PASS,PASS,""
2026-08-31T04:43:12Z,V2,1,17,signed_seeded,1,1,3,32,8,32,8,PASS,PASS,PASS,""
2026-08-31T04:43:12Z,V2,1,17,signed_seeded,2,1,3,32,8,32,8,PASS,PASS,PASS,""
2026-08-31T04:43:12Z,V2,1,17,signed_seeded,3,1,3,32,8,32,8,PASS,PASS,PASS,""
2026-08-31T04:43:12Z,V3,1,17,signed_seeded,1,1,1,32,8,32,8,PASS,PASS,PASS,""
2026-08-31T04:43:12Z,V3,1,17,signed_seeded,2,1,1,32,8,32,8,PASS,PASS,PASS,""
2026-08-31T04:43:12Z,V3,1,17,signed_seeded,3,1,1,32,8,32,8,PASS,PASS,PASS,""
2026-08-31T04:43:12Z,V4,1,17,signed_seeded,1,1,1,32,8,32,8,PASS,PASS,PASS,""
2026-08-31T04:43:12Z,V4,1,17,signed_seeded,2,1,1,32,8,32,8,PASS,PASS,PASS,""
2026-08-31T04:43:12Z,V4,1,17,signed_seeded,3,1,1,32,8,32,8,PASS,PASS,PASS,""
2026-08-31T04:43:12Z,V1,7,13,coordinate,1,1,2,32,8,32,8,PASS,PASS,PASS,""
2026-08-31T04:43:12Z,V1,7,13,coordinate,2,1,2,32,8,32,8,PASS,PASS,PASS,""
2026-08-31T04:43:12Z,V1,7,13,coordinate,3,1,2,32,8,32,8,PASS,PASS,PASS,""
2026-08-31T04:43:12Z,V2,7,13,coordinate,1,1,2,32,8,32,8,PASS,PASS,PASS,""
2026-08-31T04:43:12Z,V2,7,13,coordinate,2,1,2,32,8,32,8,PASS,PASS,PASS,""
2026-08-31T04:43:12Z,V2,7,13,coordinate,3,1,2,32,8,32,8,PASS,PASS,PASS,""
2026-08-31T04:43:12Z,V3,7,13,coordinate,1,1,1,32,8,32,8,PASS,PASS,PASS,""
2026-08-31T04:43:12Z,V3,7,13,coordinate,2,1,1,32,8,32,8,PASS,PASS,PASS,""
2026-08-31T04:43:12Z,V3,7,13,coordinate,3,1,1,32,8,32,8,PASS,PASS,PASS,""
2026-08-31T04:43:12Z,V4,7,13,coordinate,1,1,1,32,8,32,8,PASS,PASS,PASS,""
2026-08-31T04:43:12Z,V4,7,13,coordinate,2,1,1,32,8,32,8,PASS,PASS,PASS,""
2026-08-31T04:43:12Z,V4,7,13,coordinate,3,1,1,32,8,32,8,PASS,PASS,PASS,""
2026-08-31T04:43:12Z,V1,7,13,sequential,1,1,2,32,8,32,8,PASS,PASS,PASS,""
2026-08-31T04:43:12Z,V1,7,13,sequential,2,1,2,32,8,32,8,PASS,PASS,PASS,""
2026-08-31T04:43:12Z,V1,7,13,sequential,3,1,2,32,8,32,8,PASS,PASS,PASS,""
2026-08-31T04:43:12Z,V2,7,13,sequential,1,1,2,32,8,32,8,PASS,PASS,PASS,""
2026-08-31T04:43:12Z,V2,7,13,sequential,2,1,2,32,8,32,8,PASS,PASS,PASS,""
2026-08-31T04:43:12Z,V2,7,13,sequential,3,1,2,32,8,32,8,PASS,PASS,PASS,""
2026-08-31T04:43:12Z,V3,7,13,sequential,1,1,1,32,8,32,8,PASS,PASS,PASS,""
2026-08-31T04:43:12Z,V3,7,13,sequential,2,1,1,32,8,32,8,PASS,PASS,PASS,""
2026-08-31T04:43:12Z,V3,7,13,sequential,3,1,1,32,8,32,8,PASS,PASS,PASS,""
2026-08-31T04:43:12Z,V4,7,13,sequential,1,1,1,32,8,32,8,PASS,PASS,PASS,""
2026-08-31T04:43:12Z,V4,7,13,sequential,2,1,1,32,8,32,8,PASS,PASS,PASS,""
2026-08-31T04:43:12Z,V4,7,13,sequential,3,1,1,32,8,32,8,PASS,PASS,PASS,""
2026-08-31T04:43:12Z,V1,7,13,signed_seeded,1,1,2,32,8,32,8,PASS,PASS,PASS,""
2026-08-31T04:43:12Z,V1,7,13,signed_seeded,2,1,2,32,8,32,8,PASS,PASS,PASS,""
2026-08-31T04:43:12Z,V1,7,13,signed_seeded,3,1,2,32,8,32,8,PASS,PASS,PASS,""
2026-08-31T04:43:12Z,V2,7,13,signed_seeded,1,1,2,32,8,32,8,PASS,PASS,PASS,""
2026-08-31T04:43:12Z,V2,7,13,signed_seeded,2,1,2,32,8,32,8,PASS,PASS,PASS,""
2026-08-31T04:43:12Z,V2,7,13,signed_seeded,3,1,2,32,8,32,8,PASS,PASS,PASS,""
2026-08-31T04:43:12Z,V3,7,13,signed_seeded,1,1,1,32,8,32,8,PASS,PASS,PASS,""
2026-08-31T04:43:12Z,V3,7,13,signed_seeded,2,1,1,32,8,32,8,PASS,PASS,PASS,""
2026-08-31T04:43:12Z,V3,7,13,signed_seeded,3,1,1,32,8,32,8,PASS,PASS,PASS,""
2026-08-31T04:43:12Z,V4,7,13,signed_seeded,1,1,1,32,8,32,8,PASS,PASS,PASS,""
2026-08-31T04:43:12Z,V4,7,13,signed_seeded,2,1,1,32,8,32,8,PASS,PASS,PASS,""
2026-08-31T04:43:12Z,V4,7,13,signed_seeded,3,1,1,32,8,32,8,PASS,PASS,PASS,""
2026-08-31T04:43:12Z,V1,13,7,coordinate,1,1,1,32,8,32,8,PASS,PASS,PASS,""
2026-08-31T04:43:12Z,V1,13,7,coordinate,2,1,1,32,8,32,8,PASS,PASS,PASS,""
2026-08-31T04:43:12Z,V1,13,7,coordinate,3,1,1,32,8,32,8,PASS,PASS,PASS,""
2026-08-31T04:43:12Z,V2,13,7,coordinate,1,1,1,32,8,32,8,PASS,PASS,PASS,""
2026-08-31T04:43:12Z,V2,13,7,coordinate,2,1,1,32,8,32,8,PASS,PASS,PASS,""
2026-08-31T04:43:12Z,V2,13,7,coordinate,3,1,1,32,8,32,8,PASS,PASS,PASS,""
2026-08-31T04:43:12Z,V3,13,7,coordinate,1,1,1,32,8,32,8,PASS,PASS,PASS,""
2026-08-31T04:43:12Z,V3,13,7,coordinate,2,1,1,32,8,32,8,PASS,PASS,PASS,""
2026-08-31T04:43:12Z,V3,13,7,coordinate,3,1,1,32,8,32,8,PASS,PASS,PASS,""
2026-08-31T04:43:12Z,V4,13,7,coordinate,1,1,1,32,8,32,8,PASS,PASS,PASS,""
2026-08-31T04:43:12Z,V4,13,7,coordinate,2,1,1,32,8,32,8,PASS,PASS,PASS,""
2026-08-31T04:43:12Z,V4,13,7,coordinate,3,1,1,32,8,32,8,PASS,PASS,PASS,""
2026-08-31T04:43:12Z,V1,13,7,sequential,1,1,1,32,8,32,8,PASS,PASS,PASS,""
2026-08-31T04:43:12Z,V1,13,7,sequential,2,1,1,32,8,32,8,PASS,PASS,PASS,""
2026-08-31T04:43:12Z,V1,13,7,sequential,3,1,1,32,8,32,8,PASS,PASS,PASS,""
2026-08-31T04:43:12Z,V2,13,7,sequential,1,1,1,32,8,32,8,PASS,PASS,PASS,""
2026-08-31T04:43:12Z,V2,13,7,sequential,2,1,1,32,8,32,8,PASS,PASS,PASS,""
2026-08-31T04:43:12Z,V2,13,7,sequential,3,1,1,32,8,32,8,PASS,PASS,PASS,""
2026-08-31T04:43:12Z,V3,13,7,sequential,1,1,1,32,8,32,8,PASS,PASS,PASS,""
2026-08-31T04:43:12Z,V3,13,7,sequential,2,1,1,32,8,32,8,PASS,PASS,PASS,""
2026-08-31T04:43:12Z,V3,13,7,sequential,3,1,1,32,8,32,8,PASS,PASS,PASS,""
2026-08-31T04:43:12Z,V4,13,7,sequential,1,1,1,32,8,32,8,PASS,PASS,PASS,""
2026-08-31T04:43:12Z,V4,13,7,sequential,2,1,1,32,8,32,8,PASS,PASS,PASS,""
2026-08-31T04:43:12Z,V4,13,7,sequential,3,1,1,32,8,32,8,PASS,PASS,PASS,""
2026-08-31T04:43:12Z,V1,13,7,signed_seeded,1,1,1,32,8,32,8,PASS,PASS,PASS,""
2026-08-31T04:43:12Z,V1,13,7,signed_seeded,2,1,1,32,8,32,8,PASS,PASS,PASS,""
2026-08-31T04:43:12Z,V1,13,7,signed_seeded,3,1,1,32,8,32,8,PASS,PASS,PASS,""
2026-08-31T04:43:12Z,V2,13,7,signed_seeded,1,1,1,32,8,32,8,PASS,PASS,PASS,""
2026-08-31T04:43:12Z,V2,13,7,signed_seeded,2,1,1,32,8,32,8,PASS,PASS,PASS,""
2026-08-31T04:43:12Z,V2,13,7,signed_seeded,3,1,1,32,8,32,8,PASS,PASS,PASS,""
2026-08-31T04:43:12Z,V3,13,7,signed_seeded,1,1,1,32,8,32,8,PASS,PASS,PASS,""
2026-08-31T04:43:12Z,V3,13,7,signed_seeded,2,1,1,32,8,32,8,PASS,PASS,PASS,""
2026-08-31T04:43:12Z,V3,13,7,signed_seeded,3,1,1,32,8,32,8,PASS,PASS,PASS,""
2026-08-31T04:43:12Z,V4,13,7,signed_seeded,1,1,1,32,8,32,8,PASS,PASS,PASS,""
2026-08-31T04:43:12Z,V4,13,7,signed_seeded,2,1,1,32,8,32,8,PASS,PASS,PASS,""
2026-08-31T04:43:12Z,V4,13,7,signed_seeded,3,1,1,32,8,32,8,PASS,PASS,PASS,""
2026-08-31T04:43:12Z,V1,31,31,coordinate,1,1,4,32,8,32,8,PASS,PASS,PASS,""
2026-08-31T04:43:12Z,V1,31,31,coordinate,2,1,4,32,8,32,8,PASS,PASS,PASS,""
2026-08-31T04:43:12Z,V1,31,31,coordinate,3,1,4,32,8,32,8,PASS,PASS,PASS,""
2026-08-31T04:43:12Z,V2,31,31,coordinate,1,1,4,32,8,32,8,PASS,PASS,PASS,""
2026-08-31T04:43:12Z,V2,31,31,coordinate,2,1,4,32,8,32,8,PASS,PASS,PASS,""
2026-08-31T04:43:12Z,V2,31,31,coordinate,3,1,4,32,8,32,8,PASS,PASS,PASS,""
2026-08-31T04:43:12Z,V3,31,31,coordinate,1,1,1,32,8,32,8,PASS,PASS,PASS,""
2026-08-31T04:43:12Z,V3,31,31,coordinate,2,1,1,32,8,32,8,PASS,PASS,PASS,""
2026-08-31T04:43:12Z,V3,31,31,coordinate,3,1,1,32,8,32,8,PASS,PASS,PASS,""
2026-08-31T04:43:12Z,V4,31,31,coordinate,1,1,1,32,8,32,8,PASS,PASS,PASS,""
2026-08-31T04:43:12Z,V4,31,31,coordinate,2,1,1,32,8,32,8,PASS,PASS,PASS,""
2026-08-31T04:43:12Z,V4,31,31,coordinate,3,1,1,32,8,32,8,PASS,PASS,PASS,""
2026-08-31T04:43:12Z,V1,31,31,sequential,1,1,4,32,8,32,8,PASS,PASS,PASS,""
2026-08-31T04:43:12Z,V1,31,31,sequential,2,1,4,32,8,32,8,PASS,PASS,PASS,""
2026-08-31T04:43:12Z,V1,31,31,sequential,3,1,4,32,8,32,8,PASS,PASS,PASS,""
2026-08-31T04:43:12Z,V2,31,31,sequential,1,1,4,32,8,32,8,PASS,PASS,PASS,""
2026-08-31T04:43:12Z,V2,31,31,sequential,2,1,4,32,8,32,8,PASS,PASS,PASS,""
2026-08-31T04:43:12Z,V2,31,31,sequential,3,1,4,32,8,32,8,PASS,PASS,PASS,""
2026-08-31T04:43:12Z,V3,31,31,sequential,1,1,1,32,8,32,8,PASS,PASS,PASS,""
2026-08-31T04:43:12Z,V3,31,31,sequential,2,1,1,32,8,32,8,PASS,PASS,PASS,""
2026-08-31T04:43:12Z,V3,31,31,sequential,3,1,1,32,8,32,8,PASS,PASS,PASS,""
2026-08-31T04:43:12Z,V4,31,31,sequential,1,1,1,32,8,32,8,PASS,PASS,PASS,""
2026-08-31T04:43:12Z,V4,31,31,sequential,2,1,1,32,8,32,8,PASS,PASS,PASS,""
2026-08-31T04:43:12Z,V4,31,31,sequential,3,1,1,32,8,32,8,PASS,PASS,PASS,""
2026-08-31T04:43:12Z,V1,31,31,signed_seeded,1,1,4,32,8,32,8,PASS,PASS,PASS,""
2026-08-31T04:43:12Z,V1,31,31,signed_seeded,2,1,4,32,8,32,8,PASS,PASS,PASS,""
2026-08-31T04:43:12Z,V1,31,31,signed_seeded,3,1,4,32,8,32,8,PASS,PASS,PASS,""
2026-08-31T04:43:12Z,V2,31,31,signed_seeded,1,1,4,32,8,32,8,PASS,PASS,PASS,""
2026-08-31T04:43:12Z,V2,31,31,signed_seeded,2,1,4,32,8,32,8,PASS,PASS,PASS,""
2026-08-31T04:43:12Z,V2,31,31,signed_seeded,3,1,4,32,8,32,8,PASS,PASS,PASS,""
2026-08-31T04:43:12Z,V3,31,31,signed_seeded,1,1,1,32,8,32,8,PASS,PASS,PASS,""
2026-08-31T04:43:12Z,V3,31,31,signed_seeded,2,1,1,32,8,32,8,PASS,PASS,PASS,""
2026-08-31T04:43:12Z,V3,31,31,signed_seeded,3,1,1,32,8,32,8,PASS,PASS,PASS,""
2026-08-31T04:43:12Z,V4,31,31,signed_seeded,1,1,1,32,8,32,8,PASS,PASS,PASS,""
2026-08-31T04:43:12Z,V4,31,31,signed_seeded,2,1,1,32,8,32,8,PASS,PASS,PASS,""
2026-08-31T04:43:12Z,V4,31,31,signed_seeded,3,1,1,32,8,32,8,PASS,PASS,PASS,""
2026-08-31T04:43:12Z,V1,32,32,coordinate,1,1,4,32,8,32,8,PASS,PASS,PASS,""
2026-08-31T04:43:12Z,V1,32,32,coordinate,2,1,4,32,8,32,8,PASS,PASS,PASS,""
2026-08-31T04:43:12Z,V1,32,32,coordinate,3,1,4,32,8,32,8,PASS,PASS,PASS,""
2026-08-31T04:43:12Z,V2,32,32,coordinate,1,1,4,32,8,32,8,PASS,PASS,PASS,""
2026-08-31T04:43:12Z,V2,32,32,coordinate,2,1,4,32,8,32,8,PASS,PASS,PASS,""
2026-08-31T04:43:12Z,V2,32,32,coordinate,3,1,4,32,8,32,8,PASS,PASS,PASS,""
2026-08-31T04:43:12Z,V3,32,32,coordinate,1,1,1,32,8,32,8,PASS,PASS,PASS,""
2026-08-31T04:43:12Z,V3,32,32,coordinate,2,1,1,32,8,32,8,PASS,PASS,PASS,""
2026-08-31T04:43:12Z,V3,32,32,coordinate,3,1,1,32,8,32,8,PASS,PASS,PASS,""
2026-08-31T04:43:12Z,V4,32,32,coordinate,1,1,1,32,8,32,8,PASS,PASS,PASS,""
2026-08-31T04:43:12Z,V4,32,32,coordinate,2,1,1,32,8,32,8,PASS,PASS,PASS,""
2026-08-31T04:43:12Z,V4,32,32,coordinate,3,1,1,32,8,32,8,PASS,PASS,PASS,""
2026-08-31T04:43:12Z,V1,32,32,sequential,1,1,4,32,8,32,8,PASS,PASS,PASS,""
2026-08-31T04:43:12Z,V1,32,32,sequential,2,1,4,32,8,32,8,PASS,PASS,PASS,""
2026-08-31T04:43:12Z,V1,32,32,sequential,3,1,4,32,8,32,8,PASS,PASS,PASS,""
2026-08-31T04:43:12Z,V2,32,32,sequential,1,1,4,32,8,32,8,PASS,PASS,PASS,""
2026-08-31T04:43:12Z,V2,32,32,sequential,2,1,4,32,8,32,8,PASS,PASS,PASS,""
2026-08-31T04:43:12Z,V2,32,32,sequential,3,1,4,32,8,32,8,PASS,PASS,PASS,""
2026-08-31T04:43:12Z,V3,32,32,sequential,1,1,1,32,8,32,8,PASS,PASS,PASS,""
2026-08-31T04:43:12Z,V3,32,32,sequential,2,1,1,32,8,32,8,PASS,PASS,PASS,""
2026-08-31T04:43:12Z,V3,32,32,sequential,3,1,1,32,8,32,8,PASS,PASS,PASS,""
2026-08-31T04:43:12Z,V4,32,32,sequential,1,1,1,32,8,32,8,PASS,PASS,PASS,""
2026-08-31T04:43:12Z,V4,32,32,sequential,2,1,1,32,8,32,8,PASS,PASS,PASS,""
2026-08-31T04:43:12Z,V4,32,32,sequential,3,1,1,32,8,32,8,PASS,PASS,PASS,""
2026-08-31T04:43:12Z,V1,32,32,signed_seeded,1,1,4,32,8,32,8,PASS,PASS,PASS,""
2026-08-31T04:43:12Z,V1,32,32,signed_seeded,2,1,4,32,8,32,8,PASS,PASS,PASS,""
2026-08-31T04:43:12Z,V1,32,32,signed_seeded,3,1,4,32,8,32,8,PASS,PASS,PASS,""
2026-08-31T04:43:12Z,V2,32,32,signed_seeded,1,1,4,32,8,32,8,PASS,PASS,PASS,""
2026-08-31T04:43:12Z,V2,32,32,signed_seeded,2,1,4,32,8,32,8,PASS,PASS,PASS,""
2026-08-31T04:43:12Z,V2,32,32,signed_seeded,3,1,4,32,8,32,8,PASS,PASS,PASS,""
2026-08-31T04:43:12Z,V3,32,32,signed_seeded,1,1,1,32,8,32,8,PASS,PASS,PASS,""
2026-08-31T04:43:12Z,V3,32,32,signed_seeded,2,1,1,32,8,32,8,PASS,PASS,PASS,""
2026-08-31T04:43:12Z,V3,32,32,signed_seeded,3,1,1,32,8,32,8,PASS,PASS,PASS,""
2026-08-31T04:43:12Z,V4,32,32,signed_seeded,1,1,1,32,8,32,8,PASS,PASS,PASS,""
2026-08-31T04:43:12Z,V4,32,32,signed_seeded,2,1,1,32,8,32,8,PASS,PASS,PASS,""
2026-08-31T04:43:12Z,V4,32,32,signed_seeded,3,1,1,32,8,32,8,PASS,PASS,PASS,""
2026-08-31T04:43:12Z,V1,33,33,coordinate,1,2,5,32,8,32,8,PASS,PASS,PASS,""
2026-08-31T04:43:12Z,V1,33,33,coordinate,2,2,5,32,8,32,8,PASS,PASS,PASS,""
2026-08-31T04:43:12Z,V1,33,33,coordinate,3,2,5,32,8,32,8,PASS,PASS,PASS,""
2026-08-31T04:43:12Z,V2,33,33,coordinate,1,2,5,32,8,32,8,PASS,PASS,PASS,""
2026-08-31T04:43:12Z,V2,33,33,coordinate,2,2,5,32,8,32,8,PASS,PASS,PASS,""
2026-08-31T04:43:12Z,V2,33,33,coordinate,3,2,5,32,8,32,8,PASS,PASS,PASS,""
2026-08-31T04:43:12Z,V3,33,33,coordinate,1,2,2,32,8,32,8,PASS,PASS,PASS,""
2026-08-31T04:43:12Z,V3,33,33,coordinate,2,2,2,32,8,32,8,PASS,PASS,PASS,""
2026-08-31T04:43:12Z,V3,33,33,coordinate,3,2,2,32,8,32,8,PASS,PASS,PASS,""
2026-08-31T04:43:12Z,V4,33,33,coordinate,1,2,2,32,8,32,8,PASS,PASS,PASS,""
2026-08-31T04:43:12Z,V4,33,33,coordinate,2,2,2,32,8,32,8,PASS,PASS,PASS,""
2026-08-31T04:43:12Z,V4,33,33,coordinate,3,2,2,32,8,32,8,PASS,PASS,PASS,""
2026-08-31T04:43:12Z,V1,33,33,sequential,1,2,5,32,8,32,8,PASS,PASS,PASS,""
2026-08-31T04:43:12Z,V1,33,33,sequential,2,2,5,32,8,32,8,PASS,PASS,PASS,""
2026-08-31T04:43:12Z,V1,33,33,sequential,3,2,5,32,8,32,8,PASS,PASS,PASS,""
2026-08-31T04:43:12Z,V2,33,33,sequential,1,2,5,32,8,32,8,PASS,PASS,PASS,""
2026-08-31T04:43:12Z,V2,33,33,sequential,2,2,5,32,8,32,8,PASS,PASS,PASS,""
2026-08-31T04:43:12Z,V2,33,33,sequential,3,2,5,32,8,32,8,PASS,PASS,PASS,""
2026-08-31T04:43:12Z,V3,33,33,sequential,1,2,2,32,8,32,8,PASS,PASS,PASS,""
2026-08-31T04:43:12Z,V3,33,33,sequential,2,2,2,32,8,32,8,PASS,PASS,PASS,""
2026-08-31T04:43:12Z,V3,33,33,sequential,3,2,2,32,8,32,8,PASS,PASS,PASS,""
2026-08-31T04:43:12Z,V4,33,33,sequential,1,2,2,32,8,32,8,PASS,PASS,PASS,""
2026-08-31T04:43:12Z,V4,33,33,sequential,2,2,2,32,8,32,8,PASS,PASS,PASS,""
2026-08-31T04:43:12Z,V4,33,33,sequential,3,2,2,32,8,32,8,PASS,PASS,PASS,""
2026-08-31T04:43:12Z,V1,33,33,signed_seeded,1,2,5,32,8,32,8,PASS,PASS,PASS,""
2026-08-31T04:43:12Z,V1,33,33,signed_seeded,2,2,5,32,8,32,8,PASS,PASS,PASS,""
2026-08-31T04:43:12Z,V1,33,33,signed_seeded,3,2,5,32,8,32,8,PASS,PASS,PASS,""
2026-08-31T04:43:12Z,V2,33,33,signed_seeded,1,2,5,32,8,32,8,PASS,PASS,PASS,""
2026-08-31T04:43:12Z,V2,33,33,signed_seeded,2,2,5,32,8,32,8,PASS,PASS,PASS,""
2026-08-31T04:43:12Z,V2,33,33,signed_seeded,3,2,5,32,8,32,8,PASS,PASS,PASS,""
2026-08-31T04:43:12Z,V3,33,33,signed_seeded,1,2,2,32,8,32,8,PASS,PASS,PASS,""
2026-08-31T04:43:12Z,V3,33,33,signed_seeded,2,2,2,32,8,32,8,PASS,PASS,PASS,""
2026-08-31T04:43:12Z,V3,33,33,signed_seeded,3,2,2,32,8,32,8,PASS,PASS,PASS,""
2026-08-31T04:43:12Z,V4,33,33,signed_seeded,1,2,2,32,8,32,8,PASS,PASS,PASS,""
2026-08-31T04:43:13Z,V4,33,33,signed_seeded,2,2,2,32,8,32,8,PASS,PASS,PASS,""
2026-08-31T04:43:13Z,V4,33,33,signed_seeded,3,2,2,32,8,32,8,PASS,PASS,PASS,""
2026-08-31T04:43:13Z,V1,31,32,coordinate,1,1,4,32,8,32,8,PASS,PASS,PASS,""
2026-08-31T04:43:13Z,V1,31,32,coordinate,2,1,4,32,8,32,8,PASS,PASS,PASS,""
2026-08-31T04:43:13Z,V1,31,32,coordinate,3,1,4,32,8,32,8,PASS,PASS,PASS,""
2026-08-31T04:43:13Z,V2,31,32,coordinate,1,1,4,32,8,32,8,PASS,PASS,PASS,""
2026-08-31T04:43:13Z,V2,31,32,coordinate,2,1,4,32,8,32,8,PASS,PASS,PASS,""
2026-08-31T04:43:13Z,V2,31,32,coordinate,3,1,4,32,8,32,8,PASS,PASS,PASS,""
2026-08-31T04:43:13Z,V3,31,32,coordinate,1,1,1,32,8,32,8,PASS,PASS,PASS,""
2026-08-31T04:43:13Z,V3,31,32,coordinate,2,1,1,32,8,32,8,PASS,PASS,PASS,""
2026-08-31T04:43:13Z,V3,31,32,coordinate,3,1,1,32,8,32,8,PASS,PASS,PASS,""
2026-08-31T04:43:13Z,V4,31,32,coordinate,1,1,1,32,8,32,8,PASS,PASS,PASS,""
2026-08-31T04:43:13Z,V4,31,32,coordinate,2,1,1,32,8,32,8,PASS,PASS,PASS,""
2026-08-31T04:43:13Z,V4,31,32,coordinate,3,1,1,32,8,32,8,PASS,PASS,PASS,""
2026-08-31T04:43:13Z,V1,31,32,sequential,1,1,4,32,8,32,8,PASS,PASS,PASS,""
2026-08-31T04:43:13Z,V1,31,32,sequential,2,1,4,32,8,32,8,PASS,PASS,PASS,""
2026-08-31T04:43:13Z,V1,31,32,sequential,3,1,4,32,8,32,8,PASS,PASS,PASS,""
2026-08-31T04:43:13Z,V2,31,32,sequential,1,1,4,32,8,32,8,PASS,PASS,PASS,""
2026-08-31T04:43:13Z,V2,31,32,sequential,2,1,4,32,8,32,8,PASS,PASS,PASS,""
2026-08-31T04:43:13Z,V2,31,32,sequential,3,1,4,32,8,32,8,PASS,PASS,PASS,""
2026-08-31T04:43:13Z,V3,31,32,sequential,1,1,1,32,8,32,8,PASS,PASS,PASS,""
2026-08-31T04:43:13Z,V3,31,32,sequential,2,1,1,32,8,32,8,PASS,PASS,PASS,""
2026-08-31T04:43:13Z,V3,31,32,sequential,3,1,1,32,8,32,8,PASS,PASS,PASS,""
2026-08-31T04:43:13Z,V4,31,32,sequential,1,1,1,32,8,32,8,PASS,PASS,PASS,""
2026-08-31T04:43:13Z,V4,31,32,sequential,2,1,1,32,8,32,8,PASS,PASS,PASS,""
2026-08-31T04:43:13Z,V4,31,32,sequential,3,1,1,32,8,32,8,PASS,PASS,PASS,""
2026-08-31T04:43:13Z,V1,31,32,signed_seeded,1,1,4,32,8,32,8,PASS,PASS,PASS,""
2026-08-31T04:43:13Z,V1,31,32,signed_seeded,2,1,4,32,8,32,8,PASS,PASS,PASS,""
2026-08-31T04:43:13Z,V1,31,32,signed_seeded,3,1,4,32,8,32,8,PASS,PASS,PASS,""
2026-08-31T04:43:13Z,V2,31,32,signed_seeded,1,1,4,32,8,32,8,PASS,PASS,PASS,""
2026-08-31T04:43:13Z,V2,31,32,signed_seeded,2,1,4,32,8,32,8,PASS,PASS,PASS,""
2026-08-31T04:43:13Z,V2,31,32,signed_seeded,3,1,4,32,8,32,8,PASS,PASS,PASS,""
2026-08-31T04:43:13Z,V3,31,32,signed_seeded,1,1,1,32,8,32,8,PASS,PASS,PASS,""
2026-08-31T04:43:13Z,V3,31,32,signed_seeded,2,1,1,32,8,32,8,PASS,PASS,PASS,""
2026-08-31T04:43:13Z,V3,31,32,signed_seeded,3,1,1,32,8,32,8,PASS,PASS,PASS,""
2026-08-31T04:43:13Z,V4,31,32,signed_seeded,1,1,1,32,8,32,8,PASS,PASS,PASS,""
2026-08-31T04:43:13Z,V4,31,32,signed_seeded,2,1,1,32,8,32,8,PASS,PASS,PASS,""
2026-08-31T04:43:13Z,V4,31,32,signed_seeded,3,1,1,32,8,32,8,PASS,PASS,PASS,""
2026-08-31T04:43:13Z,V1,32,31,coordinate,1,1,4,32,8,32,8,PASS,PASS,PASS,""
2026-08-31T04:43:13Z,V1,32,31,coordinate,2,1,4,32,8,32,8,PASS,PASS,PASS,""
2026-08-31T04:43:13Z,V1,32,31,coordinate,3,1,4,32,8,32,8,PASS,PASS,PASS,""
2026-08-31T04:43:13Z,V2,32,31,coordinate,1,1,4,32,8,32,8,PASS,PASS,PASS,""
2026-08-31T04:43:13Z,V2,32,31,coordinate,2,1,4,32,8,32,8,PASS,PASS,PASS,""
2026-08-31T04:43:13Z,V2,32,31,coordinate,3,1,4,32,8,32,8,PASS,PASS,PASS,""
2026-08-31T04:43:13Z,V3,32,31,coordinate,1,1,1,32,8,32,8,PASS,PASS,PASS,""
2026-08-31T04:43:13Z,V3,32,31,coordinate,2,1,1,32,8,32,8,PASS,PASS,PASS,""
2026-08-31T04:43:13Z,V3,32,31,coordinate,3,1,1,32,8,32,8,PASS,PASS,PASS,""
2026-08-31T04:43:13Z,V4,32,31,coordinate,1,1,1,32,8,32,8,PASS,PASS,PASS,""
2026-08-31T04:43:13Z,V4,32,31,coordinate,2,1,1,32,8,32,8,PASS,PASS,PASS,""
2026-08-31T04:43:13Z,V4,32,31,coordinate,3,1,1,32,8,32,8,PASS,PASS,PASS,""
2026-08-31T04:43:13Z,V1,32,31,sequential,1,1,4,32,8,32,8,PASS,PASS,PASS,""
2026-08-31T04:43:13Z,V1,32,31,sequential,2,1,4,32,8,32,8,PASS,PASS,PASS,""
2026-08-31T04:43:13Z,V1,32,31,sequential,3,1,4,32,8,32,8,PASS,PASS,PASS,""
2026-08-31T04:43:13Z,V2,32,31,sequential,1,1,4,32,8,32,8,PASS,PASS,PASS,""
2026-08-31T04:43:13Z,V2,32,31,sequential,2,1,4,32,8,32,8,PASS,PASS,PASS,""
2026-08-31T04:43:13Z,V2,32,31,sequential,3,1,4,32,8,32,8,PASS,PASS,PASS,""
2026-08-31T04:43:13Z,V3,32,31,sequential,1,1,1,32,8,32,8,PASS,PASS,PASS,""
2026-08-31T04:43:13Z,V3,32,31,sequential,2,1,1,32,8,32,8,PASS,PASS,PASS,""
2026-08-31T04:43:13Z,V3,32,31,sequential,3,1,1,32,8,32,8,PASS,PASS,PASS,""
2026-08-31T04:43:13Z,V4,32,31,sequential,1,1,1,32,8,32,8,PASS,PASS,PASS,""
2026-08-31T04:43:13Z,V4,32,31,sequential,2,1,1,32,8,32,8,PASS,PASS,PASS,""
2026-08-31T04:43:13Z,V4,32,31,sequential,3,1,1,32,8,32,8,PASS,PASS,PASS,""
2026-08-31T04:43:13Z,V1,32,31,signed_seeded,1,1,4,32,8,32,8,PASS,PASS,PASS,""
2026-08-31T04:43:13Z,V1,32,31,signed_seeded,2,1,4,32,8,32,8,PASS,PASS,PASS,""
2026-08-31T04:43:13Z,V1,32,31,signed_seeded,3,1,4,32,8,32,8,PASS,PASS,PASS,""
2026-08-31T04:43:13Z,V2,32,31,signed_seeded,1,1,4,32,8,32,8,PASS,PASS,PASS,""
2026-08-31T04:43:13Z,V2,32,31,signed_seeded,2,1,4,32,8,32,8,PASS,PASS,PASS,""
2026-08-31T04:43:13Z,V2,32,31,signed_seeded,3,1,4,32,8,32,8,PASS,PASS,PASS,""
2026-08-31T04:43:13Z,V3,32,31,signed_seeded,1,1,1,32,8,32,8,PASS,PASS,PASS,""
2026-08-31T04:43:13Z,V3,32,31,signed_seeded,2,1,1,32,8,32,8,PASS,PASS,PASS,""
2026-08-31T04:43:13Z,V3,32,31,signed_seeded,3,1,1,32,8,32,8,PASS,PASS,PASS,""
2026-08-31T04:43:13Z,V4,32,31,signed_seeded,1,1,1,32,8,32,8,PASS,PASS,PASS,""
2026-08-31T04:43:13Z,V4,32,31,signed_seeded,2,1,1,32,8,32,8,PASS,PASS,PASS,""
2026-08-31T04:43:13Z,V4,32,31,signed_seeded,3,1,1,32,8,32,8,PASS,PASS,PASS,""
2026-08-31T04:43:13Z,V1,32,33,coordinate,1,1,5,32,8,32,8,PASS,PASS,PASS,""
2026-08-31T04:43:13Z,V1,32,33,coordinate,2,1,5,32,8,32,8,PASS,PASS,PASS,""
2026-08-31T04:43:13Z,V1,32,33,coordinate,3,1,5,32,8,32,8,PASS,PASS,PASS,""
2026-08-31T04:43:13Z,V2,32,33,coordinate,1,1,5,32,8,32,8,PASS,PASS,PASS,""
2026-08-31T04:43:13Z,V2,32,33,coordinate,2,1,5,32,8,32,8,PASS,PASS,PASS,""
2026-08-31T04:43:13Z,V2,32,33,coordinate,3,1,5,32,8,32,8,PASS,PASS,PASS,""
2026-08-31T04:43:13Z,V3,32,33,coordinate,1,1,2,32,8,32,8,PASS,PASS,PASS,""
2026-08-31T04:43:13Z,V3,32,33,coordinate,2,1,2,32,8,32,8,PASS,PASS,PASS,""
2026-08-31T04:43:13Z,V3,32,33,coordinate,3,1,2,32,8,32,8,PASS,PASS,PASS,""
2026-08-31T04:43:13Z,V4,32,33,coordinate,1,1,2,32,8,32,8,PASS,PASS,PASS,""
2026-08-31T04:43:13Z,V4,32,33,coordinate,2,1,2,32,8,32,8,PASS,PASS,PASS,""
2026-08-31T04:43:13Z,V4,32,33,coordinate,3,1,2,32,8,32,8,PASS,PASS,PASS,""
2026-08-31T04:43:13Z,V1,32,33,sequential,1,1,5,32,8,32,8,PASS,PASS,PASS,""
2026-08-31T04:43:13Z,V1,32,33,sequential,2,1,5,32,8,32,8,PASS,PASS,PASS,""
2026-08-31T04:43:13Z,V1,32,33,sequential,3,1,5,32,8,32,8,PASS,PASS,PASS,""
2026-08-31T04:43:13Z,V2,32,33,sequential,1,1,5,32,8,32,8,PASS,PASS,PASS,""
2026-08-31T04:43:13Z,V2,32,33,sequential,2,1,5,32,8,32,8,PASS,PASS,PASS,""
2026-08-31T04:43:13Z,V2,32,33,sequential,3,1,5,32,8,32,8,PASS,PASS,PASS,""
2026-08-31T04:43:13Z,V3,32,33,sequential,1,1,2,32,8,32,8,PASS,PASS,PASS,""
2026-08-31T04:43:13Z,V3,32,33,sequential,2,1,2,32,8,32,8,PASS,PASS,PASS,""
2026-08-31T04:43:13Z,V3,32,33,sequential,3,1,2,32,8,32,8,PASS,PASS,PASS,""
2026-08-31T04:43:13Z,V4,32,33,sequential,1,1,2,32,8,32,8,PASS,PASS,PASS,""
2026-08-31T04:43:13Z,V4,32,33,sequential,2,1,2,32,8,32,8,PASS,PASS,PASS,""
2026-08-31T04:43:13Z,V4,32,33,sequential,3,1,2,32,8,32,8,PASS,PASS,PASS,""
2026-08-31T04:43:13Z,V1,32,33,signed_seeded,1,1,5,32,8,32,8,PASS,PASS,PASS,""
2026-08-31T04:43:13Z,V1,32,33,signed_seeded,2,1,5,32,8,32,8,PASS,PASS,PASS,""
2026-08-31T04:43:13Z,V1,32,33,signed_seeded,3,1,5,32,8,32,8,PASS,PASS,PASS,""
2026-08-31T04:43:13Z,V2,32,33,signed_seeded,1,1,5,32,8,32,8,PASS,PASS,PASS,""
2026-08-31T04:43:13Z,V2,32,33,signed_seeded,2,1,5,32,8,32,8,PASS,PASS,PASS,""
2026-08-31T04:43:13Z,V2,32,33,signed_seeded,3,1,5,32,8,32,8,PASS,PASS,PASS,""
2026-08-31T04:43:13Z,V3,32,33,signed_seeded,1,1,2,32,8,32,8,PASS,PASS,PASS,""
2026-08-31T04:43:13Z,V3,32,33,signed_seeded,2,1,2,32,8,32,8,PASS,PASS,PASS,""
2026-08-31T04:43:13Z,V3,32,33,signed_seeded,3,1,2,32,8,32,8,PASS,PASS,PASS,""
2026-08-31T04:43:13Z,V4,32,33,signed_seeded,1,1,2,32,8,32,8,PASS,PASS,PASS,""
2026-08-31T04:43:13Z,V4,32,33,signed_seeded,2,1,2,32,8,32,8,PASS,PASS,PASS,""
2026-08-31T04:43:13Z,V4,32,33,signed_seeded,3,1,2,32,8,32,8,PASS,PASS,PASS,""
2026-08-31T04:43:13Z,V1,33,32,coordinate,1,2,4,32,8,32,8,PASS,PASS,PASS,""
2026-08-31T04:43:13Z,V1,33,32,coordinate,2,2,4,32,8,32,8,PASS,PASS,PASS,""
2026-08-31T04:43:13Z,V1,33,32,coordinate,3,2,4,32,8,32,8,PASS,PASS,PASS,""
2026-08-31T04:43:13Z,V2,33,32,coordinate,1,2,4,32,8,32,8,PASS,PASS,PASS,""
2026-08-31T04:43:13Z,V2,33,32,coordinate,2,2,4,32,8,32,8,PASS,PASS,PASS,""
2026-08-31T04:43:13Z,V2,33,32,coordinate,3,2,4,32,8,32,8,PASS,PASS,PASS,""
2026-08-31T04:43:13Z,V3,33,32,coordinate,1,2,1,32,8,32,8,PASS,PASS,PASS,""
2026-08-31T04:43:13Z,V3,33,32,coordinate,2,2,1,32,8,32,8,PASS,PASS,PASS,""
2026-08-31T04:43:13Z,V3,33,32,coordinate,3,2,1,32,8,32,8,PASS,PASS,PASS,""
2026-08-31T04:43:13Z,V4,33,32,coordinate,1,2,1,32,8,32,8,PASS,PASS,PASS,""
2026-08-31T04:43:13Z,V4,33,32,coordinate,2,2,1,32,8,32,8,PASS,PASS,PASS,""
2026-08-31T04:43:13Z,V4,33,32,coordinate,3,2,1,32,8,32,8,PASS,PASS,PASS,""
2026-08-31T04:43:13Z,V1,33,32,sequential,1,2,4,32,8,32,8,PASS,PASS,PASS,""
2026-08-31T04:43:13Z,V1,33,32,sequential,2,2,4,32,8,32,8,PASS,PASS,PASS,""
2026-08-31T04:43:13Z,V1,33,32,sequential,3,2,4,32,8,32,8,PASS,PASS,PASS,""
2026-08-31T04:43:13Z,V2,33,32,sequential,1,2,4,32,8,32,8,PASS,PASS,PASS,""
2026-08-31T04:43:13Z,V2,33,32,sequential,2,2,4,32,8,32,8,PASS,PASS,PASS,""
2026-08-31T04:43:13Z,V2,33,32,sequential,3,2,4,32,8,32,8,PASS,PASS,PASS,""
2026-08-31T04:43:13Z,V3,33,32,sequential,1,2,1,32,8,32,8,PASS,PASS,PASS,""
2026-08-31T04:43:13Z,V3,33,32,sequential,2,2,1,32,8,32,8,PASS,PASS,PASS,""
2026-08-31T04:43:13Z,V3,33,32,sequential,3,2,1,32,8,32,8,PASS,PASS,PASS,""
2026-08-31T04:43:13Z,V4,33,32,sequential,1,2,1,32,8,32,8,PASS,PASS,PASS,""
2026-08-31T04:43:13Z,V4,33,32,sequential,2,2,1,32,8,32,8,PASS,PASS,PASS,""
2026-08-31T04:43:13Z,V4,33,32,sequential,3,2,1,32,8,32,8,PASS,PASS,PASS,""
2026-08-31T04:43:13Z,V1,33,32,signed_seeded,1,2,4,32,8,32,8,PASS,PASS,PASS,""
2026-08-31T04:43:13Z,V1,33,32,signed_seeded,2,2,4,32,8,32,8,PASS,PASS,PASS,""
2026-08-31T04:43:13Z,V1,33,32,signed_seeded,3,2,4,32,8,32,8,PASS,PASS,PASS,""
2026-08-31T04:43:13Z,V2,33,32,signed_seeded,1,2,4,32,8,32,8,PASS,PASS,PASS,""
2026-08-31T04:43:13Z,V2,33,32,signed_seeded,2,2,4,32,8,32,8,PASS,PASS,PASS,""
2026-08-31T04:43:13Z,V2,33,32,signed_seeded,3,2,4,32,8,32,8,PASS,PASS,PASS,""
2026-08-31T04:43:13Z,V3,33,32,signed_seeded,1,2,1,32,8,32,8,PASS,PASS,PASS,""
2026-08-31T04:43:13Z,V3,33,32,signed_seeded,2,2,1,32,8,32,8,PASS,PASS,PASS,""
2026-08-31T04:43:13Z,V3,33,32,signed_seeded,3,2,1,32,8,32,8,PASS,PASS,PASS,""
2026-08-31T04:43:13Z,V4,33,32,signed_seeded,1,2,1,32,8,32,8,PASS,PASS,PASS,""
2026-08-31T04:43:13Z,V4,33,32,signed_seeded,2,2,1,32,8,32,8,PASS,PASS,PASS,""
2026-08-31T04:43:13Z,V4,33,32,signed_seeded,3,2,1,32,8,32,8,PASS,PASS,PASS,""
2026-08-31T04:43:13Z,V1,63,65,coordinate,1,2,9,32,8,32,8,PASS,PASS,PASS,""
2026-08-31T04:43:13Z,V1,63,65,coordinate,2,2,9,32,8,32,8,PASS,PASS,PASS,""
2026-08-31T04:43:13Z,V1,63,65,coordinate,3,2,9,32,8,32,8,PASS,PASS,PASS,""
2026-08-31T04:43:13Z,V2,63,65,coordinate,1,2,9,32,8,32,8,PASS,PASS,PASS,""
2026-08-31T04:43:13Z,V2,63,65,coordinate,2,2,9,32,8,32,8,PASS,PASS,PASS,""
2026-08-31T04:43:13Z,V2,63,65,coordinate,3,2,9,32,8,32,8,PASS,PASS,PASS,""
2026-08-31T04:43:13Z,V3,63,65,coordinate,1,2,3,32,8,32,8,PASS,PASS,PASS,""
2026-08-31T04:43:13Z,V3,63,65,coordinate,2,2,3,32,8,32,8,PASS,PASS,PASS,""
2026-08-31T04:43:13Z,V3,63,65,coordinate,3,2,3,32,8,32,8,PASS,PASS,PASS,""
2026-08-31T04:43:13Z,V4,63,65,coordinate,1,2,3,32,8,32,8,PASS,PASS,PASS,""
2026-08-31T04:43:13Z,V4,63,65,coordinate,2,2,3,32,8,32,8,PASS,PASS,PASS,""
2026-08-31T04:43:13Z,V4,63,65,coordinate,3,2,3,32,8,32,8,PASS,PASS,PASS,""
2026-08-31T04:43:13Z,V1,63,65,sequential,1,2,9,32,8,32,8,PASS,PASS,PASS,""
2026-08-31T04:43:13Z,V1,63,65,sequential,2,2,9,32,8,32,8,PASS,PASS,PASS,""
2026-08-31T04:43:13Z,V1,63,65,sequential,3,2,9,32,8,32,8,PASS,PASS,PASS,""
2026-08-31T04:43:13Z,V2,63,65,sequential,1,2,9,32,8,32,8,PASS,PASS,PASS,""
2026-08-31T04:43:13Z,V2,63,65,sequential,2,2,9,32,8,32,8,PASS,PASS,PASS,""
2026-08-31T04:43:13Z,V2,63,65,sequential,3,2,9,32,8,32,8,PASS,PASS,PASS,""
2026-08-31T04:43:13Z,V3,63,65,sequential,1,2,3,32,8,32,8,PASS,PASS,PASS,""
2026-08-31T04:43:13Z,V3,63,65,sequential,2,2,3,32,8,32,8,PASS,PASS,PASS,""
2026-08-31T04:43:13Z,V3,63,65,sequential,3,2,3,32,8,32,8,PASS,PASS,PASS,""
2026-08-31T04:43:13Z,V4,63,65,sequential,1,2,3,32,8,32,8,PASS,PASS,PASS,""
2026-08-31T04:43:13Z,V4,63,65,sequential,2,2,3,32,8,32,8,PASS,PASS,PASS,""
2026-08-31T04:43:13Z,V4,63,65,sequential,3,2,3,32,8,32,8,PASS,PASS,PASS,""
2026-08-31T04:43:13Z,V1,63,65,signed_seeded,1,2,9,32,8,32,8,PASS,PASS,PASS,""
2026-08-31T04:43:13Z,V1,63,65,signed_seeded,2,2,9,32,8,32,8,PASS,PASS,PASS,""
2026-08-31T04:43:13Z,V1,63,65,signed_seeded,3,2,9,32,8,32,8,PASS,PASS,PASS,""
2026-08-31T04:43:13Z,V2,63,65,signed_seeded,1,2,9,32,8,32,8,PASS,PASS,PASS,""
2026-08-31T04:43:13Z,V2,63,65,signed_seeded,2,2,9,32,8,32,8,PASS,PASS,PASS,""
2026-08-31T04:43:13Z,V2,63,65,signed_seeded,3,2,9,32,8,32,8,PASS,PASS,PASS,""
2026-08-31T04:43:13Z,V3,63,65,signed_seeded,1,2,3,32,8,32,8,PASS,PASS,PASS,""
2026-08-31T04:43:13Z,V3,63,65,signed_seeded,2,2,3,32,8,32,8,PASS,PASS,PASS,""
2026-08-31T04:43:13Z,V3,63,65,signed_seeded,3,2,3,32,8,32,8,PASS,PASS,PASS,""
2026-08-31T04:43:13Z,V4,63,65,signed_seeded,1,2,3,32,8,32,8,PASS,PASS,PASS,""
2026-08-31T04:43:13Z,V4,63,65,signed_seeded,2,2,3,32,8,32,8,PASS,PASS,PASS,""
2026-08-31T04:43:13Z,V4,63,65,signed_seeded,3,2,3,32,8,32,8,PASS,PASS,PASS,""
2026-08-31T04:43:13Z,V1,65,63,coordinate,1,3,8,32,8,32,8,PASS,PASS,PASS,""
2026-08-31T04:43:13Z,V1,65,63,coordinate,2,3,8,32,8,32,8,PASS,PASS,PASS,""
2026-08-31T04:43:13Z,V1,65,63,coordinate,3,3,8,32,8,32,8,PASS,PASS,PASS,""
2026-08-31T04:43:13Z,V2,65,63,coordinate,1,3,8,32,8,32,8,PASS,PASS,PASS,""
2026-08-31T04:43:13Z,V2,65,63,coordinate,2,3,8,32,8,32,8,PASS,PASS,PASS,""
2026-08-31T04:43:13Z,V2,65,63,coordinate,3,3,8,32,8,32,8,PASS,PASS,PASS,""
2026-08-31T04:43:13Z,V3,65,63,coordinate,1,3,2,32,8,32,8,PASS,PASS,PASS,""
2026-08-31T04:43:13Z,V3,65,63,coordinate,2,3,2,32,8,32,8,PASS,PASS,PASS,""
2026-08-31T04:43:13Z,V3,65,63,coordinate,3,3,2,32,8,32,8,PASS,PASS,PASS,""
2026-08-31T04:43:13Z,V4,65,63,coordinate,1,3,2,32,8,32,8,PASS,PASS,PASS,""
2026-08-31T04:43:13Z,V4,65,63,coordinate,2,3,2,32,8,32,8,PASS,PASS,PASS,""
2026-08-31T04:43:13Z,V4,65,63,coordinate,3,3,2,32,8,32,8,PASS,PASS,PASS,""
2026-08-31T04:43:13Z,V1,65,63,sequential,1,3,8,32,8,32,8,PASS,PASS,PASS,""
2026-08-31T04:43:13Z,V1,65,63,sequential,2,3,8,32,8,32,8,PASS,PASS,PASS,""
2026-08-31T04:43:13Z,V1,65,63,sequential,3,3,8,32,8,32,8,PASS,PASS,PASS,""
2026-08-31T04:43:13Z,V2,65,63,sequential,1,3,8,32,8,32,8,PASS,PASS,PASS,""
2026-08-31T04:43:13Z,V2,65,63,sequential,2,3,8,32,8,32,8,PASS,PASS,PASS,""
2026-08-31T04:43:13Z,V2,65,63,sequential,3,3,8,32,8,32,8,PASS,PASS,PASS,""
2026-08-31T04:43:13Z,V3,65,63,sequential,1,3,2,32,8,32,8,PASS,PASS,PASS,""
2026-08-31T04:43:13Z,V3,65,63,sequential,2,3,2,32,8,32,8,PASS,PASS,PASS,""
2026-08-31T04:43:13Z,V3,65,63,sequential,3,3,2,32,8,32,8,PASS,PASS,PASS,""
2026-08-31T04:43:13Z,V4,65,63,sequential,1,3,2,32,8,32,8,PASS,PASS,PASS,""
2026-08-31T04:43:13Z,V4,65,63,sequential,2,3,2,32,8,32,8,PASS,PASS,PASS,""
2026-08-31T04:43:13Z,V4,65,63,sequential,3,3,2,32,8,32,8,PASS,PASS,PASS,""
2026-08-31T04:43:13Z,V1,65,63,signed_seeded,1,3,8,32,8,32,8,PASS,PASS,PASS,""
2026-08-31T04:43:13Z,V1,65,63,signed_seeded,2,3,8,32,8,32,8,PASS,PASS,PASS,""
2026-08-31T04:43:13Z,V1,65,63,signed_seeded,3,3,8,32,8,32,8,PASS,PASS,PASS,""
2026-08-31T04:43:13Z,V2,65,63,signed_seeded,1,3,8,32,8,32,8,PASS,PASS,PASS,""
2026-08-31T04:43:13Z,V2,65,63,signed_seeded,2,3,8,32,8,32,8,PASS,PASS,PASS,""
2026-08-31T04:43:13Z,V2,65,63,signed_seeded,3,3,8,32,8,32,8,PASS,PASS,PASS,""
2026-08-31T04:43:13Z,V3,65,63,signed_seeded,1,3,2,32,8,32,8,PASS,PASS,PASS,""
2026-08-31T04:43:13Z,V3,65,63,signed_seeded,2,3,2,32,8,32,8,PASS,PASS,PASS,""
2026-08-31T04:43:13Z,V3,65,63,signed_seeded,3,3,2,32,8,32,8,PASS,PASS,PASS,""
2026-08-31T04:43:13Z,V4,65,63,signed_seeded,1,3,2,32,8,32,8,PASS,PASS,PASS,""
2026-08-31T04:43:13Z,V4,65,63,signed_seeded,2,3,2,32,8,32,8,PASS,PASS,PASS,""
2026-08-31T04:43:13Z,V4,65,63,signed_seeded,3,3,2,32,8,32,8,PASS,PASS,PASS,""
2026-08-31T04:43:13Z,V1,127,129,coordinate,1,4,17,32,8,32,8,PASS,PASS,PASS,""
2026-08-31T04:43:13Z,V1,127,129,coordinate,2,4,17,32,8,32,8,PASS,PASS,PASS,""
2026-08-31T04:43:13Z,V1,127,129,coordinate,3,4,17,32,8,32,8,PASS,PASS,PASS,""
2026-08-31T04:43:13Z,V2,127,129,coordinate,1,4,17,32,8,32,8,PASS,PASS,PASS,""
2026-08-31T04:43:13Z,V2,127,129,coordinate,2,4,17,32,8,32,8,PASS,PASS,PASS,""
2026-08-31T04:43:13Z,V2,127,129,coordinate,3,4,17,32,8,32,8,PASS,PASS,PASS,""
2026-08-31T04:43:13Z,V3,127,129,coordinate,1,4,5,32,8,32,8,PASS,PASS,PASS,""
2026-08-31T04:43:13Z,V3,127,129,coordinate,2,4,5,32,8,32,8,PASS,PASS,PASS,""
2026-08-31T04:43:13Z,V3,127,129,coordinate,3,4,5,32,8,32,8,PASS,PASS,PASS,""
2026-08-31T04:43:13Z,V4,127,129,coordinate,1,4,5,32,8,32,8,PASS,PASS,PASS,""
2026-08-31T04:43:13Z,V4,127,129,coordinate,2,4,5,32,8,32,8,PASS,PASS,PASS,""
2026-08-31T04:43:13Z,V4,127,129,coordinate,3,4,5,32,8,32,8,PASS,PASS,PASS,""
2026-08-31T04:43:13Z,V1,127,129,sequential,1,4,17,32,8,32,8,PASS,PASS,PASS,""
2026-08-31T04:43:13Z,V1,127,129,sequential,2,4,17,32,8,32,8,PASS,PASS,PASS,""
2026-08-31T04:43:13Z,V1,127,129,sequential,3,4,17,32,8,32,8,PASS,PASS,PASS,""
2026-08-31T04:43:13Z,V2,127,129,sequential,1,4,17,32,8,32,8,PASS,PASS,PASS,""
2026-08-31T04:43:13Z,V2,127,129,sequential,2,4,17,32,8,32,8,PASS,PASS,PASS,""
2026-08-31T04:43:13Z,V2,127,129,sequential,3,4,17,32,8,32,8,PASS,PASS,PASS,""
2026-08-31T04:43:13Z,V3,127,129,sequential,1,4,5,32,8,32,8,PASS,PASS,PASS,""
2026-08-31T04:43:13Z,V3,127,129,sequential,2,4,5,32,8,32,8,PASS,PASS,PASS,""
2026-08-31T04:43:13Z,V3,127,129,sequential,3,4,5,32,8,32,8,PASS,PASS,PASS,""
2026-08-31T04:43:13Z,V4,127,129,sequential,1,4,5,32,8,32,8,PASS,PASS,PASS,""
2026-08-31T04:43:13Z,V4,127,129,sequential,2,4,5,32,8,32,8,PASS,PASS,PASS,""
2026-08-31T04:43:13Z,V4,127,129,sequential,3,4,5,32,8,32,8,PASS,PASS,PASS,""
2026-08-31T04:43:13Z,V1,127,129,signed_seeded,1,4,17,32,8,32,8,PASS,PASS,PASS,""
2026-08-31T04:43:13Z,V1,127,129,signed_seeded,2,4,17,32,8,32,8,PASS,PASS,PASS,""
2026-08-31T04:43:13Z,V1,127,129,signed_seeded,3,4,17,32,8,32,8,PASS,PASS,PASS,""
2026-08-31T04:43:13Z,V2,127,129,signed_seeded,1,4,17,32,8,32,8,PASS,PASS,PASS,""
2026-08-31T04:43:13Z,V2,127,129,signed_seeded,2,4,17,32,8,32,8,PASS,PASS,PASS,""
2026-08-31T04:43:13Z,V2,127,129,signed_seeded,3,4,17,32,8,32,8,PASS,PASS,PASS,""
2026-08-31T04:43:13Z,V3,127,129,signed_seeded,1,4,5,32,8,32,8,PASS,PASS,PASS,""
2026-08-31T04:43:13Z,V3,127,129,signed_seeded,2,4,5,32,8,32,8,PASS,PASS,PASS,""
2026-08-31T04:43:13Z,V3,127,129,signed_seeded,3,4,5,32,8,32,8,PASS,PASS,PASS,""
2026-08-31T04:43:13Z,V4,127,129,signed_seeded,1,4,5,32,8,32,8,PASS,PASS,PASS,""
2026-08-31T04:43:13Z,V4,127,129,signed_seeded,2,4,5,32,8,32,8,PASS,PASS,PASS,""
2026-08-31T04:43:13Z,V4,127,129,signed_seeded,3,4,5,32,8,32,8,PASS,PASS,PASS,""
2026-08-31T04:43:13Z,V1,129,127,coordinate,1,5,16,32,8,32,8,PASS,PASS,PASS,""
2026-08-31T04:43:13Z,V1,129,127,coordinate,2,5,16,32,8,32,8,PASS,PASS,PASS,""
2026-08-31T04:43:13Z,V1,129,127,coordinate,3,5,16,32,8,32,8,PASS,PASS,PASS,""
2026-08-31T04:43:13Z,V2,129,127,coordinate,1,5,16,32,8,32,8,PASS,PASS,PASS,""
2026-08-31T04:43:13Z,V2,129,127,coordinate,2,5,16,32,8,32,8,PASS,PASS,PASS,""
2026-08-31T04:43:13Z,V2,129,127,coordinate,3,5,16,32,8,32,8,PASS,PASS,PASS,""
2026-08-31T04:43:13Z,V3,129,127,coordinate,1,5,4,32,8,32,8,PASS,PASS,PASS,""
2026-08-31T04:43:13Z,V3,129,127,coordinate,2,5,4,32,8,32,8,PASS,PASS,PASS,""
2026-08-31T04:43:13Z,V3,129,127,coordinate,3,5,4,32,8,32,8,PASS,PASS,PASS,""
2026-08-31T04:43:13Z,V4,129,127,coordinate,1,5,4,32,8,32,8,PASS,PASS,PASS,""
2026-08-31T04:43:13Z,V4,129,127,coordinate,2,5,4,32,8,32,8,PASS,PASS,PASS,""
2026-08-31T04:43:13Z,V4,129,127,coordinate,3,5,4,32,8,32,8,PASS,PASS,PASS,""
2026-08-31T04:43:13Z,V1,129,127,sequential,1,5,16,32,8,32,8,PASS,PASS,PASS,""
2026-08-31T04:43:13Z,V1,129,127,sequential,2,5,16,32,8,32,8,PASS,PASS,PASS,""
2026-08-31T04:43:13Z,V1,129,127,sequential,3,5,16,32,8,32,8,PASS,PASS,PASS,""
2026-08-31T04:43:13Z,V2,129,127,sequential,1,5,16,32,8,32,8,PASS,PASS,PASS,""
2026-08-31T04:43:13Z,V2,129,127,sequential,2,5,16,32,8,32,8,PASS,PASS,PASS,""
2026-08-31T04:43:13Z,V2,129,127,sequential,3,5,16,32,8,32,8,PASS,PASS,PASS,""
2026-08-31T04:43:13Z,V3,129,127,sequential,1,5,4,32,8,32,8,PASS,PASS,PASS,""
2026-08-31T04:43:13Z,V3,129,127,sequential,2,5,4,32,8,32,8,PASS,PASS,PASS,""
2026-08-31T04:43:13Z,V3,129,127,sequential,3,5,4,32,8,32,8,PASS,PASS,PASS,""
2026-08-31T04:43:13Z,V4,129,127,sequential,1,5,4,32,8,32,8,PASS,PASS,PASS,""
2026-08-31T04:43:13Z,V4,129,127,sequential,2,5,4,32,8,32,8,PASS,PASS,PASS,""
2026-08-31T04:43:13Z,V4,129,127,sequential,3,5,4,32,8,32,8,PASS,PASS,PASS,""
2026-08-31T04:43:13Z,V1,129,127,signed_seeded,1,5,16,32,8,32,8,PASS,PASS,PASS,""
2026-08-31T04:43:13Z,V1,129,127,signed_seeded,2,5,16,32,8,32,8,PASS,PASS,PASS,""
2026-08-31T04:43:13Z,V1,129,127,signed_seeded,3,5,16,32,8,32,8,PASS,PASS,PASS,""
2026-08-31T04:43:13Z,V2,129,127,signed_seeded,1,5,16,32,8,32,8,PASS,PASS,PASS,""
2026-08-31T04:43:13Z,V2,129,127,signed_seeded,2,5,16,32,8,32,8,PASS,PASS,PASS,""
2026-08-31T04:43:13Z,V2,129,127,signed_seeded,3,5,16,32,8,32,8,PASS,PASS,PASS,""
2026-08-31T04:43:13Z,V3,129,127,signed_seeded,1,5,4,32,8,32,8,PASS,PASS,PASS,""
2026-08-31T04:43:13Z,V3,129,127,signed_seeded,2,5,4,32,8,32,8,PASS,PASS,PASS,""
2026-08-31T04:43:13Z,V3,129,127,signed_seeded,3,5,4,32,8,32,8,PASS,PASS,PASS,""
2026-08-31T04:43:13Z,V4,129,127,signed_seeded,1,5,4,32,8,32,8,PASS,PASS,PASS,""
2026-08-31T04:43:13Z,V4,129,127,signed_seeded,2,5,4,32,8,32,8,PASS,PASS,PASS,""
2026-08-31T04:43:13Z,V4,129,127,signed_seeded,3,5,4,32,8,32,8,PASS,PASS,PASS,""
2026-08-31T04:43:13Z,V1,511,513,coordinate,1,16,65,32,8,32,8,PASS,PASS,PASS,""
2026-08-31T04:43:13Z,V1,511,513,coordinate,2,16,65,32,8,32,8,PASS,PASS,PASS,""
2026-08-31T04:43:13Z,V1,511,513,coordinate,3,16,65,32,8,32,8,PASS,PASS,PASS,""
2026-08-31T04:43:13Z,V2,511,513,coordinate,1,16,65,32,8,32,8,PASS,PASS,PASS,""
2026-08-31T04:43:13Z,V2,511,513,coordinate,2,16,65,32,8,32,8,PASS,PASS,PASS,""
2026-08-31T04:43:13Z,V2,511,513,coordinate,3,16,65,32,8,32,8,PASS,PASS,PASS,""
2026-08-31T04:43:13Z,V3,511,513,coordinate,1,16,17,32,8,32,8,PASS,PASS,PASS,""
2026-08-31T04:43:13Z,V3,511,513,coordinate,2,16,17,32,8,32,8,PASS,PASS,PASS,""
2026-08-31T04:43:13Z,V3,511,513,coordinate,3,16,17,32,8,32,8,PASS,PASS,PASS,""
2026-08-31T04:43:13Z,V4,511,513,coordinate,1,16,17,32,8,32,8,PASS,PASS,PASS,""
2026-08-31T04:43:13Z,V4,511,513,coordinate,2,16,17,32,8,32,8,PASS,PASS,PASS,""
2026-08-31T04:43:13Z,V4,511,513,coordinate,3,16,17,32,8,32,8,PASS,PASS,PASS,""
2026-08-31T04:43:13Z,V1,511,513,sequential,1,16,65,32,8,32,8,PASS,PASS,PASS,""
2026-08-31T04:43:13Z,V1,511,513,sequential,2,16,65,32,8,32,8,PASS,PASS,PASS,""
2026-08-31T04:43:13Z,V1,511,513,sequential,3,16,65,32,8,32,8,PASS,PASS,PASS,""
2026-08-31T04:43:13Z,V2,511,513,sequential,1,16,65,32,8,32,8,PASS,PASS,PASS,""
2026-08-31T04:43:13Z,V2,511,513,sequential,2,16,65,32,8,32,8,PASS,PASS,PASS,""
2026-08-31T04:43:13Z,V2,511,513,sequential,3,16,65,32,8,32,8,PASS,PASS,PASS,""
2026-08-31T04:43:13Z,V3,511,513,sequential,1,16,17,32,8,32,8,PASS,PASS,PASS,""
2026-08-31T04:43:13Z,V3,511,513,sequential,2,16,17,32,8,32,8,PASS,PASS,PASS,""
2026-08-31T04:43:13Z,V3,511,513,sequential,3,16,17,32,8,32,8,PASS,PASS,PASS,""
2026-08-31T04:43:13Z,V4,511,513,sequential,1,16,17,32,8,32,8,PASS,PASS,PASS,""
2026-08-31T04:43:13Z,V4,511,513,sequential,2,16,17,32,8,32,8,PASS,PASS,PASS,""
2026-08-31T04:43:13Z,V4,511,513,sequential,3,16,17,32,8,32,8,PASS,PASS,PASS,""
2026-08-31T04:43:13Z,V1,511,513,signed_seeded,1,16,65,32,8,32,8,PASS,PASS,PASS,""
2026-08-31T04:43:13Z,V1,511,513,signed_seeded,2,16,65,32,8,32,8,PASS,PASS,PASS,""
2026-08-31T04:43:13Z,V1,511,513,signed_seeded,3,16,65,32,8,32,8,PASS,PASS,PASS,""
2026-08-31T04:43:13Z,V2,511,513,signed_seeded,1,16,65,32,8,32,8,PASS,PASS,PASS,""
2026-08-31T04:43:13Z,V2,511,513,signed_seeded,2,16,65,32,8,32,8,PASS,PASS,PASS,""
2026-08-31T04:43:13Z,V2,511,513,signed_seeded,3,16,65,32,8,32,8,PASS,PASS,PASS,""
2026-08-31T04:43:13Z,V3,511,513,signed_seeded,1,16,17,32,8,32,8,PASS,PASS,PASS,""
2026-08-31T04:43:13Z,V3,511,513,signed_seeded,2,16,17,32,8,32,8,PASS,PASS,PASS,""
2026-08-31T04:43:13Z,V3,511,513,signed_seeded,3,16,17,32,8,32,8,PASS,PASS,PASS,""
2026-08-31T04:43:13Z,V4,511,513,signed_seeded,1,16,17,32,8,32,8,PASS,PASS,PASS,""
2026-08-31T04:43:13Z,V4,511,513,signed_seeded,2,16,17,32,8,32,8,PASS,PASS,PASS,""
2026-08-31T04:43:13Z,V4,511,513,signed_seeded,3,16,17,32,8,32,8,PASS,PASS,PASS,""
2026-08-31T04:43:13Z,V1,513,511,coordinate,1,17,64,32,8,32,8,PASS,PASS,PASS,""
2026-08-31T04:43:13Z,V1,513,511,coordinate,2,17,64,32,8,32,8,PASS,PASS,PASS,""
2026-08-31T04:43:13Z,V1,513,511,coordinate,3,17,64,32,8,32,8,PASS,PASS,PASS,""
2026-08-31T04:43:13Z,V2,513,511,coordinate,1,17,64,32,8,32,8,PASS,PASS,PASS,""
2026-08-31T04:43:13Z,V2,513,511,coordinate,2,17,64,32,8,32,8,PASS,PASS,PASS,""
2026-08-31T04:43:13Z,V2,513,511,coordinate,3,17,64,32,8,32,8,PASS,PASS,PASS,""
2026-08-31T04:43:13Z,V3,513,511,coordinate,1,17,16,32,8,32,8,PASS,PASS,PASS,""
2026-08-31T04:43:13Z,V3,513,511,coordinate,2,17,16,32,8,32,8,PASS,PASS,PASS,""
2026-08-31T04:43:13Z,V3,513,511,coordinate,3,17,16,32,8,32,8,PASS,PASS,PASS,""
2026-08-31T04:43:13Z,V4,513,511,coordinate,1,17,16,32,8,32,8,PASS,PASS,PASS,""
2026-08-31T04:43:13Z,V4,513,511,coordinate,2,17,16,32,8,32,8,PASS,PASS,PASS,""
2026-08-31T04:43:13Z,V4,513,511,coordinate,3,17,16,32,8,32,8,PASS,PASS,PASS,""
2026-08-31T04:43:13Z,V1,513,511,sequential,1,17,64,32,8,32,8,PASS,PASS,PASS,""
2026-08-31T04:43:13Z,V1,513,511,sequential,2,17,64,32,8,32,8,PASS,PASS,PASS,""
2026-08-31T04:43:13Z,V1,513,511,sequential,3,17,64,32,8,32,8,PASS,PASS,PASS,""
2026-08-31T04:43:13Z,V2,513,511,sequential,1,17,64,32,8,32,8,PASS,PASS,PASS,""
2026-08-31T04:43:13Z,V2,513,511,sequential,2,17,64,32,8,32,8,PASS,PASS,PASS,""
2026-08-31T04:43:13Z,V2,513,511,sequential,3,17,64,32,8,32,8,PASS,PASS,PASS,""
2026-08-31T04:43:13Z,V3,513,511,sequential,1,17,16,32,8,32,8,PASS,PASS,PASS,""
2026-08-31T04:43:13Z,V3,513,511,sequential,2,17,16,32,8,32,8,PASS,PASS,PASS,""
2026-08-31T04:43:13Z,V3,513,511,sequential,3,17,16,32,8,32,8,PASS,PASS,PASS,""
2026-08-31T04:43:13Z,V4,513,511,sequential,1,17,16,32,8,32,8,PASS,PASS,PASS,""
2026-08-31T04:43:13Z,V4,513,511,sequential,2,17,16,32,8,32,8,PASS,PASS,PASS,""
2026-08-31T04:43:13Z,V4,513,511,sequential,3,17,16,32,8,32,8,PASS,PASS,PASS,""
2026-08-31T04:43:13Z,V1,513,511,signed_seeded,1,17,64,32,8,32,8,PASS,PASS,PASS,""
2026-08-31T04:43:13Z,V1,513,511,signed_seeded,2,17,64,32,8,32,8,PASS,PASS,PASS,""
2026-08-31T04:43:13Z,V1,513,511,signed_seeded,3,17,64,32,8,32,8,PASS,PASS,PASS,""
2026-08-31T04:43:13Z,V2,513,511,signed_seeded,1,17,64,32,8,32,8,PASS,PASS,PASS,""
2026-08-31T04:43:13Z,V2,513,511,signed_seeded,2,17,64,32,8,32,8,PASS,PASS,PASS,""
2026-08-31T04:43:13Z,V2,513,511,signed_seeded,3,17,64,32,8,32,8,PASS,PASS,PASS,""
2026-08-31T04:43:13Z,V3,513,511,signed_seeded,1,17,16,32,8,32,8,PASS,PASS,PASS,""
2026-08-31T04:43:13Z,V3,513,511,signed_seeded,2,17,16,32,8,32,8,PASS,PASS,PASS,""
2026-08-31T04:43:13Z,V3,513,511,signed_seeded,3,17,16,32,8,32,8,PASS,PASS,PASS,""
2026-08-31T04:43:13Z,V4,513,511,signed_seeded,1,17,16,32,8,32,8,PASS,PASS,PASS,""
2026-08-31T04:43:13Z,V4,513,511,signed_seeded,2,17,16,32,8,32,8,PASS,PASS,PASS,""
2026-08-31T04:43:13Z,V4,513,511,signed_seeded,3,17,16,32,8,32,8,PASS,PASS,PASS,""
2026-08-31T04:43:13Z,V1,997,1000,coordinate,1,32,125,32,8,32,8,PASS,PASS,PASS,""
2026-08-31T04:43:13Z,V1,997,1000,coordinate,2,32,125,32,8,32,8,PASS,PASS,PASS,""
2026-08-31T04:43:13Z,V1,997,1000,coordinate,3,32,125,32,8,32,8,PASS,PASS,PASS,""
2026-08-31T04:43:13Z,V2,997,1000,coordinate,1,32,125,32,8,32,8,PASS,PASS,PASS,""
2026-08-31T04:43:13Z,V2,997,1000,coordinate,2,32,125,32,8,32,8,PASS,PASS,PASS,""
2026-08-31T04:43:13Z,V2,997,1000,coordinate,3,32,125,32,8,32,8,PASS,PASS,PASS,""
2026-08-31T04:43:13Z,V3,997,1000,coordinate,1,32,32,32,8,32,8,PASS,PASS,PASS,""
2026-08-31T04:43:13Z,V3,997,1000,coordinate,2,32,32,32,8,32,8,PASS,PASS,PASS,""
2026-08-31T04:43:13Z,V3,997,1000,coordinate,3,32,32,32,8,32,8,PASS,PASS,PASS,""
2026-08-31T04:43:13Z,V4,997,1000,coordinate,1,32,32,32,8,32,8,PASS,PASS,PASS,""
2026-08-31T04:43:13Z,V4,997,1000,coordinate,2,32,32,32,8,32,8,PASS,PASS,PASS,""
2026-08-31T04:43:13Z,V4,997,1000,coordinate,3,32,32,32,8,32,8,PASS,PASS,PASS,""
2026-08-31T04:43:13Z,V1,997,1000,sequential,1,32,125,32,8,32,8,PASS,PASS,PASS,""
2026-08-31T04:43:13Z,V1,997,1000,sequential,2,32,125,32,8,32,8,PASS,PASS,PASS,""
2026-08-31T04:43:13Z,V1,997,1000,sequential,3,32,125,32,8,32,8,PASS,PASS,PASS,""
2026-08-31T04:43:13Z,V2,997,1000,sequential,1,32,125,32,8,32,8,PASS,PASS,PASS,""
2026-08-31T04:43:13Z,V2,997,1000,sequential,2,32,125,32,8,32,8,PASS,PASS,PASS,""
2026-08-31T04:43:13Z,V2,997,1000,sequential,3,32,125,32,8,32,8,PASS,PASS,PASS,""
2026-08-31T04:43:13Z,V3,997,1000,sequential,1,32,32,32,8,32,8,PASS,PASS,PASS,""
2026-08-31T04:43:13Z,V3,997,1000,sequential,2,32,32,32,8,32,8,PASS,PASS,PASS,""
2026-08-31T04:43:13Z,V3,997,1000,sequential,3,32,32,32,8,32,8,PASS,PASS,PASS,""
2026-08-31T04:43:14Z,V4,997,1000,sequential,1,32,32,32,8,32,8,PASS,PASS,PASS,""
2026-08-31T04:43:14Z,V4,997,1000,sequential,2,32,32,32,8,32,8,PASS,PASS,PASS,""
2026-08-31T04:43:14Z,V4,997,1000,sequential,3,32,32,32,8,32,8,PASS,PASS,PASS,""
2026-08-31T04:43:14Z,V1,997,1000,signed_seeded,1,32,125,32,8,32,8,PASS,PASS,PASS,""
2026-08-31T04:43:14Z,V1,997,1000,signed_seeded,2,32,125,32,8,32,8,PASS,PASS,PASS,""
2026-08-31T04:43:14Z,V1,997,1000,signed_seeded,3,32,125,32,8,32,8,PASS,PASS,PASS,""
2026-08-31T04:43:14Z,V2,997,1000,signed_seeded,1,32,125,32,8,32,8,PASS,PASS,PASS,""
2026-08-31T04:43:14Z,V2,997,1000,signed_seeded,2,32,125,32,8,32,8,PASS,PASS,PASS,""
2026-08-31T04:43:14Z,V2,997,1000,signed_seeded,3,32,125,32,8,32,8,PASS,PASS,PASS,""
2026-08-31T04:43:14Z,V3,997,1000,signed_seeded,1,32,32,32,8,32,8,PASS,PASS,PASS,""
2026-08-31T04:43:14Z,V3,997,1000,signed_seeded,2,32,32,32,8,32,8,PASS,PASS,PASS,""
2026-08-31T04:43:14Z,V3,997,1000,signed_seeded,3,32,32,32,8,32,8,PASS,PASS,PASS,""
2026-08-31T04:43:14Z,V4,997,1000,signed_seeded,1,32,32,32,8,32,8,PASS,PASS,PASS,""
2026-08-31T04:43:14Z,V4,997,1000,signed_seeded,2,32,32,32,8,32,8,PASS,PASS,PASS,""
2026-08-31T04:43:14Z,V4,997,1000,signed_seeded,3,32,32,32,8,32,8,PASS,PASS,PASS,""
2026-08-31T04:43:14Z,V1,1000,997,coordinate,1,32,125,32,8,32,8,PASS,PASS,PASS,""
2026-08-31T04:43:14Z,V1,1000,997,coordinate,2,32,125,32,8,32,8,PASS,PASS,PASS,""
2026-08-31T04:43:14Z,V1,1000,997,coordinate,3,32,125,32,8,32,8,PASS,PASS,PASS,""
2026-08-31T04:43:14Z,V2,1000,997,coordinate,1,32,125,32,8,32,8,PASS,PASS,PASS,""
2026-08-31T04:43:14Z,V2,1000,997,coordinate,2,32,125,32,8,32,8,PASS,PASS,PASS,""
2026-08-31T04:43:14Z,V2,1000,997,coordinate,3,32,125,32,8,32,8,PASS,PASS,PASS,""
2026-08-31T04:43:14Z,V3,1000,997,coordinate,1,32,32,32,8,32,8,PASS,PASS,PASS,""
2026-08-31T04:43:14Z,V3,1000,997,coordinate,2,32,32,32,8,32,8,PASS,PASS,PASS,""
2026-08-31T04:43:14Z,V3,1000,997,coordinate,3,32,32,32,8,32,8,PASS,PASS,PASS,""
2026-08-31T04:43:14Z,V4,1000,997,coordinate,1,32,32,32,8,32,8,PASS,PASS,PASS,""
2026-08-31T04:43:14Z,V4,1000,997,coordinate,2,32,32,32,8,32,8,PASS,PASS,PASS,""
2026-08-31T04:43:14Z,V4,1000,997,coordinate,3,32,32,32,8,32,8,PASS,PASS,PASS,""
2026-08-31T04:43:14Z,V1,1000,997,sequential,1,32,125,32,8,32,8,PASS,PASS,PASS,""
2026-08-31T04:43:14Z,V1,1000,997,sequential,2,32,125,32,8,32,8,PASS,PASS,PASS,""
2026-08-31T04:43:14Z,V1,1000,997,sequential,3,32,125,32,8,32,8,PASS,PASS,PASS,""
2026-08-31T04:43:14Z,V2,1000,997,sequential,1,32,125,32,8,32,8,PASS,PASS,PASS,""
2026-08-31T04:43:14Z,V2,1000,997,sequential,2,32,125,32,8,32,8,PASS,PASS,PASS,""
2026-08-31T04:43:14Z,V2,1000,997,sequential,3,32,125,32,8,32,8,PASS,PASS,PASS,""
2026-08-31T04:43:14Z,V3,1000,997,sequential,1,32,32,32,8,32,8,PASS,PASS,PASS,""
2026-08-31T04:43:14Z,V3,1000,997,sequential,2,32,32,32,8,32,8,PASS,PASS,PASS,""
2026-08-31T04:43:14Z,V3,1000,997,sequential,3,32,32,32,8,32,8,PASS,PASS,PASS,""
2026-08-31T04:43:14Z,V4,1000,997,sequential,1,32,32,32,8,32,8,PASS,PASS,PASS,""
2026-08-31T04:43:14Z,V4,1000,997,sequential,2,32,32,32,8,32,8,PASS,PASS,PASS,""
2026-08-31T04:43:14Z,V4,1000,997,sequential,3,32,32,32,8,32,8,PASS,PASS,PASS,""
2026-08-31T04:43:14Z,V1,1000,997,signed_seeded,1,32,125,32,8,32,8,PASS,PASS,PASS,""
2026-08-31T04:43:14Z,V1,1000,997,signed_seeded,2,32,125,32,8,32,8,PASS,PASS,PASS,""
2026-08-31T04:43:14Z,V1,1000,997,signed_seeded,3,32,125,32,8,32,8,PASS,PASS,PASS,""
2026-08-31T04:43:14Z,V2,1000,997,signed_seeded,1,32,125,32,8,32,8,PASS,PASS,PASS,""
2026-08-31T04:43:14Z,V2,1000,997,signed_seeded,2,32,125,32,8,32,8,PASS,PASS,PASS,""
2026-08-31T04:43:14Z,V2,1000,997,signed_seeded,3,32,125,32,8,32,8,PASS,PASS,PASS,""
2026-08-31T04:43:14Z,V3,1000,997,signed_seeded,1,32,32,32,8,32,8,PASS,PASS,PASS,""
2026-08-31T04:43:14Z,V3,1000,997,signed_seeded,2,32,32,32,8,32,8,PASS,PASS,PASS,""
2026-08-31T04:43:14Z,V3,1000,997,signed_seeded,3,32,32,32,8,32,8,PASS,PASS,PASS,""
2026-08-31T04:43:14Z,V4,1000,997,signed_seeded,1,32,32,32,8,32,8,PASS,PASS,PASS,""
2026-08-31T04:43:14Z,V4,1000,997,signed_seeded,2,32,32,32,8,32,8,PASS,PASS,PASS,""
2026-08-31T04:43:14Z,V4,1000,997,signed_seeded,3,32,32,32,8,32,8,PASS,PASS,PASS,""
2026-08-31T04:43:14Z,V1,2048,2048,coordinate,1,64,256,32,8,32,8,PASS,PASS,PASS,""
2026-08-31T04:43:15Z,V1,2048,2048,coordinate,2,64,256,32,8,32,8,PASS,PASS,PASS,""
2026-08-31T04:43:15Z,V1,2048,2048,coordinate,3,64,256,32,8,32,8,PASS,PASS,PASS,""
2026-08-31T04:43:15Z,V2,2048,2048,coordinate,1,64,256,32,8,32,8,PASS,PASS,PASS,""
2026-08-31T04:43:15Z,V2,2048,2048,coordinate,2,64,256,32,8,32,8,PASS,PASS,PASS,""
2026-08-31T04:43:15Z,V2,2048,2048,coordinate,3,64,256,32,8,32,8,PASS,PASS,PASS,""
2026-08-31T04:43:15Z,V3,2048,2048,coordinate,1,64,64,32,8,32,8,PASS,PASS,PASS,""
2026-08-31T04:43:15Z,V3,2048,2048,coordinate,2,64,64,32,8,32,8,PASS,PASS,PASS,""
2026-08-31T04:43:15Z,V3,2048,2048,coordinate,3,64,64,32,8,32,8,PASS,PASS,PASS,""
2026-08-31T04:43:15Z,V4,2048,2048,coordinate,1,64,64,32,8,32,8,PASS,PASS,PASS,""
2026-08-31T04:43:15Z,V4,2048,2048,coordinate,2,64,64,32,8,32,8,PASS,PASS,PASS,""
2026-08-31T04:43:15Z,V4,2048,2048,coordinate,3,64,64,32,8,32,8,PASS,PASS,PASS,""
2026-08-31T04:43:15Z,V1,2048,2048,sequential,1,64,256,32,8,32,8,PASS,PASS,PASS,""
2026-08-31T04:43:15Z,V1,2048,2048,sequential,2,64,256,32,8,32,8,PASS,PASS,PASS,""
2026-08-31T04:43:15Z,V1,2048,2048,sequential,3,64,256,32,8,32,8,PASS,PASS,PASS,""
2026-08-31T04:43:16Z,V2,2048,2048,sequential,1,64,256,32,8,32,8,PASS,PASS,PASS,""
2026-08-31T04:43:16Z,V2,2048,2048,sequential,2,64,256,32,8,32,8,PASS,PASS,PASS,""
2026-08-31T04:43:16Z,V2,2048,2048,sequential,3,64,256,32,8,32,8,PASS,PASS,PASS,""
2026-08-31T04:43:16Z,V3,2048,2048,sequential,1,64,64,32,8,32,8,PASS,PASS,PASS,""
2026-08-31T04:43:16Z,V3,2048,2048,sequential,2,64,64,32,8,32,8,PASS,PASS,PASS,""
2026-08-31T04:43:16Z,V3,2048,2048,sequential,3,64,64,32,8,32,8,PASS,PASS,PASS,""
2026-08-31T04:43:16Z,V4,2048,2048,sequential,1,64,64,32,8,32,8,PASS,PASS,PASS,""
2026-08-31T04:43:16Z,V4,2048,2048,sequential,2,64,64,32,8,32,8,PASS,PASS,PASS,""
2026-08-31T04:43:16Z,V4,2048,2048,sequential,3,64,64,32,8,32,8,PASS,PASS,PASS,""
2026-08-31T04:43:16Z,V1,2048,2048,signed_seeded,1,64,256,32,8,32,8,PASS,PASS,PASS,""
2026-08-31T04:43:16Z,V1,2048,2048,signed_seeded,2,64,256,32,8,32,8,PASS,PASS,PASS,""
2026-08-31T04:43:16Z,V1,2048,2048,signed_seeded,3,64,256,32,8,32,8,PASS,PASS,PASS,""
2026-08-31T04:43:16Z,V2,2048,2048,signed_seeded,1,64,256,32,8,32,8,PASS,PASS,PASS,""
2026-08-31T04:43:17Z,V2,2048,2048,signed_seeded,2,64,256,32,8,32,8,PASS,PASS,PASS,""
2026-08-31T04:43:17Z,V2,2048,2048,signed_seeded,3,64,256,32,8,32,8,PASS,PASS,PASS,""
2026-08-31T04:43:17Z,V3,2048,2048,signed_seeded,1,64,64,32,8,32,8,PASS,PASS,PASS,""
2026-08-31T04:43:17Z,V3,2048,2048,signed_seeded,2,64,64,32,8,32,8,PASS,PASS,PASS,""
2026-08-31T04:43:17Z,V3,2048,2048,signed_seeded,3,64,64,32,8,32,8,PASS,PASS,PASS,""
2026-08-31T04:43:17Z,V4,2048,2048,signed_seeded,1,64,64,32,8,32,8,PASS,PASS,PASS,""
2026-08-31T04:43:17Z,V4,2048,2048,signed_seeded,2,64,64,32,8,32,8,PASS,PASS,PASS,""
2026-08-31T04:43:17Z,V4,2048,2048,signed_seeded,3,64,64,32,8,32,8,PASS,PASS,PASS,""
2026-08-31T04:43:17Z,V1,4093,4096,coordinate,1,128,512,32,8,32,8,PASS,PASS,PASS,""
2026-08-31T04:43:18Z,V1,4093,4096,coordinate,2,128,512,32,8,32,8,PASS,PASS,PASS,""
2026-08-31T04:43:18Z,V1,4093,4096,coordinate,3,128,512,32,8,32,8,PASS,PASS,PASS,""
2026-08-31T04:43:18Z,V2,4093,4096,coordinate,1,128,512,32,8,32,8,PASS,PASS,PASS,""
2026-08-31T04:43:19Z,V2,4093,4096,coordinate,2,128,512,32,8,32,8,PASS,PASS,PASS,""
2026-08-31T04:43:19Z,V2,4093,4096,coordinate,3,128,512,32,8,32,8,PASS,PASS,PASS,""
2026-08-31T04:43:19Z,V3,4093,4096,coordinate,1,128,128,32,8,32,8,PASS,PASS,PASS,""
2026-08-31T04:43:20Z,V3,4093,4096,coordinate,2,128,128,32,8,32,8,PASS,PASS,PASS,""
2026-08-31T04:43:20Z,V3,4093,4096,coordinate,3,128,128,32,8,32,8,PASS,PASS,PASS,""
2026-08-31T04:43:20Z,V4,4093,4096,coordinate,1,128,128,32,8,32,8,PASS,PASS,PASS,""
2026-08-31T04:43:21Z,V4,4093,4096,coordinate,2,128,128,32,8,32,8,PASS,PASS,PASS,""
2026-08-31T04:43:21Z,V4,4093,4096,coordinate,3,128,128,32,8,32,8,PASS,PASS,PASS,""
2026-08-31T04:43:21Z,V1,4093,4096,sequential,1,128,512,32,8,32,8,PASS,PASS,PASS,""
2026-08-31T04:43:21Z,V1,4093,4096,sequential,2,128,512,32,8,32,8,PASS,PASS,PASS,""
2026-08-31T04:43:22Z,V1,4093,4096,sequential,3,128,512,32,8,32,8,PASS,PASS,PASS,""
2026-08-31T04:43:22Z,V2,4093,4096,sequential,1,128,512,32,8,32,8,PASS,PASS,PASS,""
2026-08-31T04:43:22Z,V2,4093,4096,sequential,2,128,512,32,8,32,8,PASS,PASS,PASS,""
2026-08-31T04:43:23Z,V2,4093,4096,sequential,3,128,512,32,8,32,8,PASS,PASS,PASS,""
2026-08-31T04:43:23Z,V3,4093,4096,sequential,1,128,128,32,8,32,8,PASS,PASS,PASS,""
2026-08-31T04:43:23Z,V3,4093,4096,sequential,2,128,128,32,8,32,8,PASS,PASS,PASS,""
2026-08-31T04:43:24Z,V3,4093,4096,sequential,3,128,128,32,8,32,8,PASS,PASS,PASS,""
2026-08-31T04:43:24Z,V4,4093,4096,sequential,1,128,128,32,8,32,8,PASS,PASS,PASS,""
2026-08-31T04:43:24Z,V4,4093,4096,sequential,2,128,128,32,8,32,8,PASS,PASS,PASS,""
2026-08-31T04:43:25Z,V4,4093,4096,sequential,3,128,128,32,8,32,8,PASS,PASS,PASS,""
2026-08-31T04:43:25Z,V1,4093,4096,signed_seeded,1,128,512,32,8,32,8,PASS,PASS,PASS,""
2026-08-31T04:43:25Z,V1,4093,4096,signed_seeded,2,128,512,32,8,32,8,PASS,PASS,PASS,""
2026-08-31T04:43:26Z,V1,4093,4096,signed_seeded,3,128,512,32,8,32,8,PASS,PASS,PASS,""
2026-08-31T04:43:26Z,V2,4093,4096,signed_seeded,1,128,512,32,8,32,8,PASS,PASS,PASS,""
2026-08-31T04:43:26Z,V2,4093,4096,signed_seeded,2,128,512,32,8,32,8,PASS,PASS,PASS,""
2026-08-31T04:43:27Z,V2,4093,4096,signed_seeded,3,128,512,32,8,32,8,PASS,PASS,PASS,""
2026-08-31T04:43:27Z,V3,4093,4096,signed_seeded,1,128,128,32,8,32,8,PASS,PASS,PASS,""
2026-08-31T04:43:28Z,V3,4093,4096,signed_seeded,2,128,128,32,8,32,8,PASS,PASS,PASS,""
2026-08-31T04:43:28Z,V3,4093,4096,signed_seeded,3,128,128,32,8,32,8,PASS,PASS,PASS,""
2026-08-31T04:43:29Z,V4,4093,4096,signed_seeded,1,128,128,32,8,32,8,PASS,PASS,PASS,""
2026-08-31T04:43:29Z,V4,4093,4096,signed_seeded,2,128,128,32,8,32,8,PASS,PASS,PASS,""
2026-08-31T04:43:29Z,V4,4093,4096,signed_seeded,3,128,128,32,8,32,8,PASS,PASS,PASS,""
2026-08-31T04:43:30Z,V1,4096,4093,coordinate,1,128,512,32,8,32,8,PASS,PASS,PASS,""
2026-08-31T04:43:30Z,V1,4096,4093,coordinate,2,128,512,32,8,32,8,PASS,PASS,PASS,""
2026-08-31T04:43:30Z,V1,4096,4093,coordinate,3,128,512,32,8,32,8,PASS,PASS,PASS,""
2026-08-31T04:43:30Z,V2,4096,4093,coordinate,1,128,512,32,8,32,8,PASS,PASS,PASS,""
2026-08-31T04:43:31Z,V2,4096,4093,coordinate,2,128,512,32,8,32,8,PASS,PASS,PASS,""
2026-08-31T04:43:31Z,V2,4096,4093,coordinate,3,128,512,32,8,32,8,PASS,PASS,PASS,""
2026-08-31T04:43:31Z,V3,4096,4093,coordinate,1,128,128,32,8,32,8,PASS,PASS,PASS,""
2026-08-31T04:43:32Z,V3,4096,4093,coordinate,2,128,128,32,8,32,8,PASS,PASS,PASS,""
2026-08-31T04:43:32Z,V3,4096,4093,coordinate,3,128,128,32,8,32,8,PASS,PASS,PASS,""
2026-08-31T04:43:32Z,V4,4096,4093,coordinate,1,128,128,32,8,32,8,PASS,PASS,PASS,""
2026-08-31T04:43:32Z,V4,4096,4093,coordinate,2,128,128,32,8,32,8,PASS,PASS,PASS,""
2026-08-31T04:43:33Z,V4,4096,4093,coordinate,3,128,128,32,8,32,8,PASS,PASS,PASS,""
2026-08-31T04:43:33Z,V1,4096,4093,sequential,1,128,512,32,8,32,8,PASS,PASS,PASS,""
2026-08-31T04:43:33Z,V1,4096,4093,sequential,2,128,512,32,8,32,8,PASS,PASS,PASS,""
2026-08-31T04:43:33Z,V1,4096,4093,sequential,3,128,512,32,8,32,8,PASS,PASS,PASS,""
2026-08-31T04:43:34Z,V2,4096,4093,sequential,1,128,512,32,8,32,8,PASS,PASS,PASS,""
2026-08-31T04:43:34Z,V2,4096,4093,sequential,2,128,512,32,8,32,8,PASS,PASS,PASS,""
2026-08-31T04:43:34Z,V2,4096,4093,sequential,3,128,512,32,8,32,8,PASS,PASS,PASS,""
2026-08-31T04:43:34Z,V3,4096,4093,sequential,1,128,128,32,8,32,8,PASS,PASS,PASS,""
2026-08-31T04:43:35Z,V3,4096,4093,sequential,2,128,128,32,8,32,8,PASS,PASS,PASS,""
2026-08-31T04:43:35Z,V3,4096,4093,sequential,3,128,128,32,8,32,8,PASS,PASS,PASS,""
2026-08-31T04:43:35Z,V4,4096,4093,sequential,1,128,128,32,8,32,8,PASS,PASS,PASS,""
2026-08-31T04:43:35Z,V4,4096,4093,sequential,2,128,128,32,8,32,8,PASS,PASS,PASS,""
2026-08-31T04:43:36Z,V4,4096,4093,sequential,3,128,128,32,8,32,8,PASS,PASS,PASS,""
2026-08-31T04:43:36Z,V1,4096,4093,signed_seeded,1,128,512,32,8,32,8,PASS,PASS,PASS,""
2026-08-31T04:43:36Z,V1,4096,4093,signed_seeded,2,128,512,32,8,32,8,PASS,PASS,PASS,""
2026-08-31T04:43:37Z,V1,4096,4093,signed_seeded,3,128,512,32,8,32,8,PASS,PASS,PASS,""
2026-08-31T04:43:37Z,V2,4096,4093,signed_seeded,1,128,512,32,8,32,8,PASS,PASS,PASS,""
2026-08-31T04:43:37Z,V2,4096,4093,signed_seeded,2,128,512,32,8,32,8,PASS,PASS,PASS,""
2026-08-31T04:43:38Z,V2,4096,4093,signed_seeded,3,128,512,32,8,32,8,PASS,PASS,PASS,""
2026-08-31T04:43:38Z,V3,4096,4093,signed_seeded,1,128,128,32,8,32,8,PASS,PASS,PASS,""
2026-08-31T04:43:38Z,V3,4096,4093,signed_seeded,2,128,128,32,8,32,8,PASS,PASS,PASS,""
2026-08-31T04:43:39Z,V3,4096,4093,signed_seeded,3,128,128,32,8,32,8,PASS,PASS,PASS,""
2026-08-31T04:43:39Z,V4,4096,4093,signed_seeded,1,128,128,32,8,32,8,PASS,PASS,PASS,""
2026-08-31T04:43:39Z,V4,4096,4093,signed_seeded,2,128,128,32,8,32,8,PASS,PASS,PASS,""
2026-08-31T04:43:40Z,V4,4096,4093,signed_seeded,3,128,128,32,8,32,8,PASS,PASS,PASS,""
