timestamp,phase,dimension,version,trial,gpu_freq_mhz,temperature_c,emc_freq_mhz,power_mw,gpu_util_pct,cpu_util_raw,ram_used_mb,ram_total_mb,raw_tegrastats
2026-08-31T11:25:39Z,pre,1024x1024,V1,1,NA,50.593,NA,13334,NA,"0%@729,0%@729,0%@729,0%@729,0%@729,0%@729",2782,7620,"08-31-2026 19:25:39 RAM 2782/7620MB (lfb 28x4MB) SWAP 6/3810MB (cached 0MB) CPU [0%@729,0%@729,0%@729,0%@729,0%@729,0%@729] GR3D_FREQ 0% cpu@49.281C soc2@48.562C soc0@48.625C gpu@50.593C tj@50.593C soc1@48.406C VDD_IN 13334mW/13334mW VDD_CPU_GPU_CV 3858mW/3858mW VDD_SOC 4411mW/4411mW"
2026-08-31T11:25:41Z,post,1024x1024,V1,1,NA,50.531,NA,12904,NA,"9%@806,0%@806,0%@806,0%@806,0%@729,0%@729",2782,7620,"08-31-2026 19:25:40 RAM 2782/7620MB (lfb 28x4MB) SWAP 6/3810MB (cached 0MB) CPU [9%@806,0%@806,0%@806,0%@806,0%@729,0%@729] GR3D_FREQ 0% cpu@49.5C soc2@48.75C soc0@48.781C gpu@50.531C tj@50.531C soc1@48.312C VDD_IN 12904mW/12904mW VDD_CPU_GPU_CV 3747mW/3747mW VDD_SOC 4262mW/4262mW"
2026-08-31T11:25:42Z,pre,1024x1024,V2,1,NA,50.406,NA,9918,NA,"9%@729,0%@729,0%@729,0%@729,0%@729,0%@729",2785,7620,"08-31-2026 19:25:42 RAM 2785/7620MB (lfb 28x4MB) SWAP 6/3810MB (cached 0MB) CPU [9%@729,0%@729,0%@729,0%@729,0%@729,0%@729] GR3D_FREQ 0% cpu@49.218C soc2@48.531C soc0@48.875C gpu@50.406C tj@50.406C soc1@48.531C VDD_IN 9918mW/9918mW VDD_CPU_GPU_CV 3334mW/3334mW VDD_SOC 3025mW/3025mW"
2026-08-31T11:25:43Z,post,1024x1024,V2,1,NA,50.468,NA,8870,NA,"0%@729,0%@729,0%@729,0%@729,0%@729,0%@729",2786,7620,"08-31-2026 19:25:43 RAM 2786/7620MB (lfb 28x4MB) SWAP 6/3810MB (cached 0MB) CPU [0%@729,0%@729,0%@729,0%@729,0%@729,0%@729] GR3D_FREQ 0% cpu@49.156C soc2@48.468C soc0@48.812C gpu@50.468C tj@50.468C soc1@48.5C VDD_IN 8870mW/8870mW VDD_CPU_GPU_CV 3575mW/3575mW VDD_SOC 1928mW/1928mW"
2026-08-31T11:25:45Z,pre,1024x1024,V3,1,NA,50.75,NA,11926,NA,"0%@729,0%@729,0%@1344,0%@1344,0%@729,0%@729",2792,7620,"08-31-2026 19:25:45 RAM 2792/7620MB (lfb 28x4MB) SWAP 6/3810MB (cached 0MB) CPU [0%@729,0%@729,0%@1344,0%@1344,0%@729,0%@729] GR3D_FREQ 0% cpu@49.312C soc2@48.75C soc0@49.156C gpu@50.75C tj@50.75C soc1@48.625C VDD_IN 11926mW/11926mW VDD_CPU_GPU_CV 3558mW/3558mW VDD_SOC 3681mW/3681mW"
2026-08-31T11:25:46Z,post,1024x1024,V3,1,NA,51.093,NA,12416,NA,"0%@729,0%@729,0%@729,0%@729,0%@729,0%@729",2792,7620,"08-31-2026 19:25:46 RAM 2792/7620MB (lfb 28x4MB) SWAP 6/3810MB (cached 0MB) CPU [0%@729,0%@729,0%@729,0%@729,0%@729,0%@729] GR3D_FREQ 0% cpu@49.906C soc2@49.031C soc0@49.062C gpu@51.093C tj@51.093C soc1@48.75C VDD_IN 12416mW/12416mW VDD_CPU_GPU_CV 3708mW/3708mW VDD_SOC 3949mW/3949mW"
2026-08-31T11:25:47Z,pre,1024x1024,V4,1,NA,51.687,NA,15551,NA,"8%@806,9%@806,8%@806,0%@806,9%@729,0%@729",2791,7620,"08-31-2026 19:25:47 RAM 2791/7620MB (lfb 28x4MB) SWAP 6/3810MB (cached 0MB) CPU [8%@806,9%@806,8%@806,0%@806,9%@729,0%@729] GR3D_FREQ 0% cpu@50.437C soc2@49.468C soc0@49.437C gpu@51.687C tj@51.687C soc1@49.218C VDD_IN 15551mW/15551mW VDD_CPU_GPU_CV 4778mW/4778mW VDD_SOC 5097mW/5097mW"
2026-08-31T11:25:49Z,post,1024x1024,V4,1,NA,51.906,NA,15785,NA,"0%@729,0%@729,0%@729,0%@729,0%@729,0%@729",2793,7620,"08-31-2026 19:25:48 RAM 2793/7620MB (lfb 28x4MB) SWAP 6/3810MB (cached 0MB) CPU [0%@729,0%@729,0%@729,0%@729,0%@729,0%@729] GR3D_FREQ 0% cpu@50.843C soc2@49.937C soc0@49.812C gpu@51.906C tj@51.906C soc1@49.343C VDD_IN 15785mW/15785mW VDD_CPU_GPU_CV 4886mW/4886mW VDD_SOC 5175mW/5175mW"
2026-08-31T11:25:50Z,pre,1024x1024,V2,2,NA,51.5,NA,10020,NA,"0%@729,0%@729,0%@729,0%@729,0%@729,0%@729",2794,7620,"08-31-2026 19:25:50 RAM 2794/7620MB (lfb 28x4MB) SWAP 6/3810MB (cached 0MB) CPU [0%@729,0%@729,0%@729,0%@729,0%@729,0%@729] GR3D_FREQ 0% cpu@50.312C soc2@49.593C soc0@49.781C gpu@51.5C tj@51.5C soc1@49.687C VDD_IN 10020mW/10020mW VDD_CPU_GPU_CV 3373mW/3373mW VDD_SOC 3025mW/3025mW"
2026-08-31T11:25:51Z,post,1024x1024,V2,2,NA,51.531,NA,8974,NA,"9%@806,0%@806,0%@806,0%@806,0%@729,0%@729",2795,7620,"08-31-2026 19:25:51 RAM 2795/7620MB (lfb 28x4MB) SWAP 6/3810MB (cached 0MB) CPU [9%@806,0%@806,0%@806,0%@806,0%@729,0%@729] GR3D_FREQ 0% cpu@50.093C soc2@49.437C soc0@49.75C gpu@51.531C tj@51.531C soc1@49.5C VDD_IN 8974mW/8974mW VDD_CPU_GPU_CV 3615mW/3615mW VDD_SOC 2007mW/2007mW"
2026-08-31T11:25:53Z,pre,1024x1024,V3,2,NA,51.656,NA,11887,NA,"0%@729,8%@729,0%@729,0%@729,0%@729,0%@729",2793,7620,"08-31-2026 19:25:53 RAM 2793/7620MB (lfb 28x4MB) SWAP 6/3810MB (cached 0MB) CPU [0%@729,8%@729,0%@729,0%@729,0%@729,0%@729] GR3D_FREQ 0% cpu@50.406C soc2@49.593C soc0@49.906C gpu@51.656C tj@51.656C soc1@49.593C VDD_IN 11887mW/11887mW VDD_CPU_GPU_CV 3558mW/3558mW VDD_SOC 3642mW/3642mW"
2026-08-31T11:25:54Z,post,1024x1024,V3,2,NA,51.968,NA,12455,NA,"0%@729,0%@729,0%@729,0%@729,0%@729,0%@729",2796,7620,"08-31-2026 19:25:54 RAM 2796/7620MB (lfb 28x4MB) SWAP 6/3810MB (cached 0MB) CPU [0%@729,0%@729,0%@729,0%@729,0%@729,0%@729] GR3D_FREQ 0% cpu@50.656C soc2@49.937C soc0@50.25C gpu@51.968C tj@51.968C soc1@49.75C VDD_IN 12455mW/12455mW VDD_CPU_GPU_CV 3747mW/3747mW VDD_SOC 3949mW/3949mW"
2026-08-31T11:25:56Z,pre,1024x1024,V4,2,NA,52.468,NA,15551,NA,"0%@729,0%@729,0%@729,0%@729,0%@729,0%@729",2794,7620,"08-31-2026 19:25:55 RAM 2794/7620MB (lfb 28x4MB) SWAP 6/3810MB (cached 0MB) CPU [0%@729,0%@729,0%@729,0%@729,0%@729,0%@729] GR3D_FREQ 0% cpu@51.281C soc2@50.406C soc0@50.531C gpu@52.468C tj@52.468C soc1@50.031C VDD_IN 15551mW/15551mW VDD_CPU_GPU_CV 4778mW/4778mW VDD_SOC 5136mW/5136mW"
2026-08-31T11:25:57Z,post,1024x1024,V4,2,NA,53.156,NA,15837,NA,"0%@806,0%@806,0%@806,0%@806,0%@729,0%@729",2794,7620,"08-31-2026 19:25:57 RAM 2794/7620MB (lfb 28x4MB) SWAP 6/3810MB (cached 0MB) CPU [0%@806,0%@806,0%@806,0%@806,0%@729,0%@729] GR3D_FREQ 0% cpu@51.562C soc2@50.718C soc0@50.656C gpu@53.156C tj@53.156C soc1@50.375C VDD_IN 15837mW/15837mW VDD_CPU_GPU_CV 4925mW/4925mW VDD_SOC 5214mW/5214mW"
2026-08-31T11:25:58Z,pre,1024x1024,V1,2,NA,52.718,NA,12865,NA,"8%@729,0%@729,0%@960,0%@960,0%@729,0%@729",2800,7620,"08-31-2026 19:25:58 RAM 2800/7620MB (lfb 28x4MB) SWAP 6/3810MB (cached 0MB) CPU [8%@729,0%@729,0%@960,0%@960,0%@729,0%@729] GR3D_FREQ 0% cpu@51.437C soc2@50.625C soc0@50.718C gpu@52.718C tj@52.718C soc1@50.468C VDD_IN 12865mW/12865mW VDD_CPU_GPU_CV 3669mW/3669mW VDD_SOC 4262mW/4262mW"
2026-08-31T11:25:59Z,post,1024x1024,V1,2,NA,52.75,NA,12904,NA,"0%@1344,0%@1344,0%@1344,0%@1344,0%@729,0%@729",2800,7620,"08-31-2026 19:25:59 RAM 2800/7620MB (lfb 28x4MB) SWAP 6/3810MB (cached 0MB) CPU [0%@1344,0%@1344,0%@1344,0%@1344,0%@729,0%@729] GR3D_FREQ 0% cpu@51.5C soc2@50.75C soc0@50.968C gpu@52.75C tj@52.75C soc1@50.5C VDD_IN 12904mW/12904mW VDD_CPU_GPU_CV 3747mW/3747mW VDD_SOC 4262mW/4262mW"
2026-08-31T11:26:01Z,pre,1024x1024,V3,3,NA,52.718,NA,12337,NA,"9%@806,0%@806,0%@806,0%@806,0%@729,0%@729",2794,7620,"08-31-2026 19:26:00 RAM 2794/7620MB (lfb 28x4MB) SWAP 6/3810MB (cached 0MB) CPU [9%@806,0%@806,0%@806,0%@806,0%@729,0%@729] GR3D_FREQ 0% cpu@51.75C soc2@50.718C soc0@50.906C gpu@52.718C tj@53C soc1@50.687C VDD_IN 12337mW/12337mW VDD_CPU_GPU_CV 3591mW/3591mW VDD_SOC 3988mW/3988mW"
2026-08-31T11:26:02Z,post,1024x1024,V3,3,NA,53,NA,12533,NA,"0%@1344,0%@1344,0%@1344,0%@1344,0%@729,0%@729",2796,7620,"08-31-2026 19:26:02 RAM 2796/7620MB (lfb 28x4MB) SWAP 6/3810MB (cached 0MB) CPU [0%@1344,0%@1344,0%@1344,0%@1344,0%@729,0%@729] GR3D_FREQ 0% cpu@51.812C soc2@50.937C soc0@50.968C gpu@53C tj@53C soc1@50.875C VDD_IN 12533mW/12533mW VDD_CPU_GPU_CV 3747mW/3747mW VDD_SOC 3988mW/3988mW"
2026-08-31T11:26:03Z,pre,1024x1024,V4,3,NA,53.687,NA,15551,NA,"0%@806,0%@806,0%@806,0%@806,0%@729,0%@729",2793,7620,"08-31-2026 19:26:03 RAM 2793/7620MB (lfb 28x4MB) SWAP 6/3810MB (cached 0MB) CPU [0%@806,0%@806,0%@806,0%@806,0%@729,0%@729] GR3D_FREQ 0% cpu@52.343C soc2@51.406C soc0@51.375C gpu@53.687C tj@53.687C soc1@51.156C VDD_IN 15551mW/15551mW VDD_CPU_GPU_CV 4778mW/4778mW VDD_SOC 5136mW/5136mW"
2026-08-31T11:26:04Z,post,1024x1024,V4,3,NA,53.75,NA,15759,NA,"0%@806,0%@806,0%@806,0%@806,0%@729,0%@729",2798,7620,"08-31-2026 19:26:04 RAM 2798/7620MB (lfb 28x4MB) SWAP 6/3810MB (cached 0MB) CPU [0%@806,0%@806,0%@806,0%@806,0%@729,0%@729] GR3D_FREQ 0% cpu@52.687C soc2@51.593C soc0@51.562C gpu@53.75C tj@53.75C soc1@51.281C VDD_IN 15759mW/15759mW VDD_CPU_GPU_CV 4886mW/4886mW VDD_SOC 5175mW/5175mW"
2026-08-31T11:26:06Z,pre,1024x1024,V1,3,NA,53.625,NA,12807,NA,"0%@1344,0%@1344,0%@1344,0%@1344,0%@729,0%@729",2797,7620,"08-31-2026 19:26:06 RAM 2797/7620MB (lfb 28x4MB) SWAP 6/3810MB (cached 0MB) CPU [0%@1344,0%@1344,0%@1344,0%@1344,0%@729,0%@729] GR3D_FREQ 0% cpu@52.406C soc2@51.531C soc0@51.593C gpu@53.625C tj@53.625C soc1@51.5C VDD_IN 12807mW/12807mW VDD_CPU_GPU_CV 3630mW/3630mW VDD_SOC 4262mW/4262mW"
2026-08-31T11:26:07Z,post,1024x1024,V1,3,NA,53.656,NA,12865,NA,"0%@1344,0%@1344,9%@1344,0%@1344,0%@729,0%@729",2799,7620,"08-31-2026 19:26:07 RAM 2799/7620MB (lfb 28x4MB) SWAP 6/3810MB (cached 0MB) CPU [0%@1344,0%@1344,9%@1344,0%@1344,0%@729,0%@729] GR3D_FREQ 0% cpu@52.625C soc2@51.718C soc0@51.75C gpu@53.656C tj@53.656C soc1@51.406C VDD_IN 12865mW/12865mW VDD_CPU_GPU_CV 3747mW/3747mW VDD_SOC 4223mW/4223mW"
2026-08-31T11:26:08Z,pre,1024x1024,V2,3,NA,53.468,NA,9981,NA,"0%@1344,0%@1344,0%@1344,9%@1344,0%@729,0%@729",2796,7620,"08-31-2026 19:26:08 RAM 2796/7620MB (lfb 28x4MB) SWAP 6/3810MB (cached 0MB) CPU [0%@1344,0%@1344,0%@1344,9%@1344,0%@729,0%@729] GR3D_FREQ 0% cpu@52.5C soc2@51.468C soc0@51.812C gpu@53.468C tj@53.468C soc1@51.562C VDD_IN 9981mW/9981mW VDD_CPU_GPU_CV 3373mW/3373mW VDD_SOC 3025mW/3025mW"
2026-08-31T11:26:09Z,post,1024x1024,V2,3,NA,53.312,NA,8934,NA,"0%@729,0%@729,0%@729,0%@729,0%@729,0%@729",2796,7620,"08-31-2026 19:26:09 RAM 2796/7620MB (lfb 28x4MB) SWAP 6/3810MB (cached 0MB) CPU [0%@729,0%@729,0%@729,0%@729,0%@729,0%@729] GR3D_FREQ 0% cpu@52.25C soc2@51.375C soc0@51.656C gpu@53.312C tj@53.312C soc1@51.531C VDD_IN 8934mW/8934mW VDD_CPU_GPU_CV 3615mW/3615mW VDD_SOC 1928mW/1928mW"
2026-08-31T11:26:11Z,pre,1024x1024,V4,4,NA,54,NA,15278,NA,"0%@729,0%@729,8%@729,0%@729,0%@729,0%@729",2796,7620,"08-31-2026 19:26:11 RAM 2796/7620MB (lfb 28x4MB) SWAP 6/3810MB (cached 0MB) CPU [0%@729,0%@729,8%@729,0%@729,0%@729,0%@729] GR3D_FREQ 0% cpu@52.875C soc2@51.968C soc0@52.093C gpu@54C tj@54C soc1@51.718C VDD_IN 15278mW/15278mW VDD_CPU_GPU_CV 4739mW/4739mW VDD_SOC 4902mW/4902mW"
2026-08-31T11:26:12Z,post,1024x1024,V4,4,NA,54.406,NA,15759,NA,"9%@806,0%@806,0%@806,0%@806,0%@729,8%@729",2796,7620,"08-31-2026 19:26:12 RAM 2796/7620MB (lfb 28x4MB) SWAP 6/3810MB (cached 0MB) CPU [9%@806,0%@806,0%@806,0%@806,0%@729,8%@729] GR3D_FREQ 0% cpu@53.25C soc2@52.312C soc0@52.25C gpu@54.406C tj@54.406C soc1@52.093C VDD_IN 15759mW/15759mW VDD_CPU_GPU_CV 4925mW/4925mW VDD_SOC 5175mW/5175mW"
2026-08-31T11:26:13Z,pre,1024x1024,V1,4,NA,54.187,NA,12826,NA,"0%@1344,0%@1344,0%@1344,0%@1344,0%@729,0%@729",2794,7620,"08-31-2026 19:26:13 RAM 2794/7620MB (lfb 28x4MB) SWAP 6/3810MB (cached 0MB) CPU [0%@1344,0%@1344,0%@1344,0%@1344,0%@729,0%@729] GR3D_FREQ 0% cpu@53.156C soc2@52.218C soc0@52.25C gpu@54.187C tj@54.187C soc1@52.156C VDD_IN 12826mW/12826mW VDD_CPU_GPU_CV 3669mW/3669mW VDD_SOC 4262mW/4262mW"
2026-08-31T11:26:15Z,post,1024x1024,V1,4,NA,54.218,NA,12865,NA,"0%@729,0%@729,0%@729,0%@729,0%@729,0%@729",2794,7620,"08-31-2026 19:26:14 RAM 2794/7620MB (lfb 28x4MB) SWAP 6/3810MB (cached 0MB) CPU [0%@729,0%@729,0%@729,0%@729,0%@729,0%@729] GR3D_FREQ 0% cpu@53.343C soc2@52.343C soc0@52.343C gpu@54.218C tj@54.218C soc1@52.031C VDD_IN 12865mW/12865mW VDD_CPU_GPU_CV 3708mW/3708mW VDD_SOC 4223mW/4223mW"
2026-08-31T11:26:16Z,pre,1024x1024,V2,4,NA,53.968,NA,9981,NA,"0%@729,0%@729,0%@729,0%@729,0%@729,0%@729",2800,7620,"08-31-2026 19:26:16 RAM 2800/7620MB (lfb 28x4MB) SWAP 6/3810MB (cached 0MB) CPU [0%@729,0%@729,0%@729,0%@729,0%@729,0%@729] GR3D_FREQ 0% cpu@52.906C soc2@52.093C soc0@52.312C gpu@53.968C tj@53.968C soc1@52.281C VDD_IN 9981mW/9981mW VDD_CPU_GPU_CV 3373mW/3373mW VDD_SOC 3025mW/3025mW"
2026-08-31T11:26:17Z,post,1024x1024,V2,4,NA,54.093,NA,8934,NA,"8%@729,0%@806,0%@806,0%@806,0%@729,0%@729",2800,7620,"08-31-2026 19:26:17 RAM 2800/7620MB (lfb 28x4MB) SWAP 6/3810MB (cached 0MB) CPU [8%@729,0%@806,0%@806,0%@806,0%@729,0%@729] GR3D_FREQ 0% cpu@52.906C soc2@52.125C soc0@52.281C gpu@54.093C tj@54.093C soc1@52.093C VDD_IN 8934mW/8934mW VDD_CPU_GPU_CV 3615mW/3615mW VDD_SOC 1928mW/1928mW"
2026-08-31T11:26:19Z,pre,1024x1024,V3,4,NA,54.125,NA,11867,NA,"8%@729,0%@729,0%@729,0%@729,0%@729,0%@729",2799,7620,"08-31-2026 19:26:19 RAM 2799/7620MB (lfb 28x4MB) SWAP 6/3810MB (cached 0MB) CPU [8%@729,0%@729,0%@729,0%@729,0%@729,0%@729] GR3D_FREQ 0% cpu@53.156C soc2@52.156C soc0@52.375C gpu@54.125C tj@54.125C soc1@52.187C VDD_IN 11867mW/11867mW VDD_CPU_GPU_CV 3597mW/3597mW VDD_SOC 3603mW/3603mW"
2026-08-31T11:26:20Z,post,1024x1024,V3,4,NA,54.312,NA,12494,NA,"0%@729,0%@729,0%@729,0%@729,0%@729,8%@729",2799,7620,"08-31-2026 19:26:20 RAM 2799/7620MB (lfb 28x4MB) SWAP 6/3810MB (cached 0MB) CPU [0%@729,0%@729,0%@729,0%@729,0%@729,8%@729] GR3D_FREQ 0% cpu@53.187C soc2@52.375C soc0@52.687C gpu@54.312C tj@54.312C soc1@52.375C VDD_IN 12494mW/12494mW VDD_CPU_GPU_CV 3747mW/3747mW VDD_SOC 3988mW/3988mW"
2026-08-31T11:26:21Z,pre,1024x1024,V1,5,NA,54.625,NA,12729,NA,"0%@729,8%@729,9%@729,0%@729,0%@729,0%@729",2805,7620,"08-31-2026 19:26:21 RAM 2805/7620MB (lfb 28x4MB) SWAP 6/3810MB (cached 0MB) CPU [0%@729,8%@729,9%@729,0%@729,0%@729,0%@729] GR3D_FREQ 0% cpu@53.406C soc2@52.531C soc0@52.718C gpu@54.625C tj@54.625C soc1@52.437C VDD_IN 12729mW/12729mW VDD_CPU_GPU_CV 3591mW/3591mW VDD_SOC 4223mW/4223mW"
2026-08-31T11:26:22Z,post,1024x1024,V1,5,NA,54.75,NA,12904,NA,"0%@729,0%@729,0%@729,0%@729,0%@729,0%@729",2805,7620,"08-31-2026 19:26:22 RAM 2805/7620MB (lfb 28x4MB) SWAP 6/3810MB (cached 0MB) CPU [0%@729,0%@729,0%@729,0%@729,0%@729,0%@729] GR3D_FREQ 0% cpu@53.531C soc2@52.687C soc0@52.906C gpu@54.75C tj@54.75C soc1@52.593C VDD_IN 12904mW/12904mW VDD_CPU_GPU_CV 3747mW/3747mW VDD_SOC 4262mW/4262mW"
2026-08-31T11:26:24Z,pre,1024x1024,V3,5,NA,54.718,NA,12337,NA,"0%@729,0%@729,0%@729,0%@729,0%@729,0%@729",2801,7620,"08-31-2026 19:26:24 RAM 2801/7620MB (lfb 28x4MB) SWAP 6/3810MB (cached 0MB) CPU [0%@729,0%@729,0%@729,0%@729,0%@729,0%@729] GR3D_FREQ 0% cpu@53.562C soc2@52.718C soc0@52.812C gpu@54.718C tj@54.718C soc1@52.75C VDD_IN 12337mW/12337mW VDD_CPU_GPU_CV 3591mW/3591mW VDD_SOC 3988mW/3988mW"
2026-08-31T11:26:25Z,post,1024x1024,V3,5,NA,54.75,NA,12533,NA,"0%@729,0%@729,0%@729,0%@729,0%@729,0%@729",2801,7620,"08-31-2026 19:26:25 RAM 2801/7620MB (lfb 28x4MB) SWAP 6/3810MB (cached 0MB) CPU [0%@729,0%@729,0%@729,0%@729,0%@729,0%@729] GR3D_FREQ 0% cpu@53.75C soc2@52.875C soc0@52.937C gpu@54.75C tj@54.75C soc1@52.812C VDD_IN 12533mW/12533mW VDD_CPU_GPU_CV 3747mW/3747mW VDD_SOC 3988mW/3988mW"
2026-08-31T11:26:27Z,pre,1024x1024,V2,5,NA,54.625,NA,9249,NA,"9%@729,0%@729,0%@1344,0%@1344,0%@729,0%@729",2800,7620,"08-31-2026 19:26:26 RAM 2800/7620MB (lfb 28x4MB) SWAP 6/3810MB (cached 0MB) CPU [9%@729,0%@729,0%@1344,0%@1344,0%@729,0%@729] GR3D_FREQ 0% cpu@53.375C soc2@52.5C soc0@53.031C gpu@54.625C tj@54.625C soc1@52.718C VDD_IN 9249mW/9249mW VDD_CPU_GPU_CV 3379mW/3379mW VDD_SOC 2361mW/2361mW"
2026-08-31T11:26:28Z,post,1024x1024,V2,5,NA,54.468,NA,8830,NA,"0%@729,0%@729,0%@729,0%@729,0%@729,0%@729",2801,7620,"08-31-2026 19:26:28 RAM 2801/7620MB (lfb 28x4MB) SWAP 6/3810MB (cached 0MB) CPU [0%@729,0%@729,0%@729,0%@729,0%@729,0%@729] GR3D_FREQ 0% cpu@53.312C soc2@52.468C soc0@52.875C gpu@54.468C tj@54.468C soc1@52.75C VDD_IN 8830mW/8830mW VDD_CPU_GPU_CV 3615mW/3615mW VDD_SOC 1849mW/1849mW"
2026-08-31T11:26:29Z,pre,1024x1024,V4,5,NA,55.406,NA,15122,NA,"8%@729,0%@729,9%@729,0%@729,0%@729,0%@729",2804,7620,"08-31-2026 19:26:29 RAM 2804/7620MB (lfb 28x4MB) SWAP 6/3810MB (cached 0MB) CPU [8%@729,0%@729,9%@729,0%@729,0%@729,0%@729] GR3D_FREQ 0% cpu@54.156C soc2@53.062C soc0@53.125C gpu@55.406C tj@55.406C soc1@52.781C VDD_IN 15122mW/15122mW VDD_CPU_GPU_CV 4739mW/4739mW VDD_SOC 4786mW/4786mW"
2026-08-31T11:26:31Z,post,1024x1024,V4,5,NA,55.531,NA,15707,NA,"0%@729,0%@729,0%@729,9%@729,0%@729,0%@729",2804,7620,"08-31-2026 19:26:30 RAM 2804/7620MB (lfb 28x4MB) SWAP 6/3810MB (cached 0MB) CPU [0%@729,0%@729,0%@729,9%@729,0%@729,0%@729] GR3D_FREQ 0% cpu@54.281C soc2@53.437C soc0@53.406C gpu@55.531C tj@55.531C soc1@53.125C VDD_IN 15707mW/15707mW VDD_CPU_GPU_CV 4925mW/4925mW VDD_SOC 5058mW/5058mW"
2026-08-31T11:26:32Z,pre,1024x1024,V2,6,NA,55.062,NA,10020,NA,"0%@729,0%@729,0%@729,0%@729,0%@729,0%@729",2796,7620,"08-31-2026 19:26:32 RAM 2796/7620MB (lfb 28x4MB) SWAP 6/3810MB (cached 0MB) CPU [0%@729,0%@729,0%@729,0%@729,0%@729,0%@729] GR3D_FREQ 0% cpu@53.875C soc2@52.968C soc0@53.343C gpu@55.062C tj@55.062C soc1@53.187C VDD_IN 10020mW/10020mW VDD_CPU_GPU_CV 3413mW/3413mW VDD_SOC 2986mW/2986mW"
2026-08-31T11:26:33Z,post,1024x1024,V2,6,NA,54.812,NA,8974,NA,"0%@806,0%@806,0%@806,0%@806,0%@729,0%@729",2801,7620,"08-31-2026 19:26:33 RAM 2801/7620MB (lfb 28x4MB) SWAP 6/3810MB (cached 0MB) CPU [0%@806,0%@806,0%@806,0%@806,0%@729,0%@729] GR3D_FREQ 0% cpu@53.875C soc2@52.968C soc0@53.312C gpu@54.812C tj@54.812C soc1@53.031C VDD_IN 8974mW/8974mW VDD_CPU_GPU_CV 3654mW/3654mW VDD_SOC 1928mW/1928mW"
2026-08-31T11:26:35Z,pre,1024x1024,V4,6,NA,55.5,NA,15200,NA,"0%@960,0%@960,0%@960,0%@960,0%@729,0%@729",2800,7620,"08-31-2026 19:26:35 RAM 2800/7620MB (lfb 28x4MB) SWAP 6/3810MB (cached 0MB) CPU [0%@960,0%@960,0%@960,0%@960,0%@729,0%@729] GR3D_FREQ 0% cpu@54.281C soc2@53.406C soc0@53.5C gpu@55.5C tj@55.5C soc1@53.218C VDD_IN 15200mW/15200mW VDD_CPU_GPU_CV 4739mW/4739mW VDD_SOC 4864mW/4864mW"
2026-08-31T11:26:36Z,post,1024x1024,V4,6,NA,55.968,NA,15720,NA,"9%@729,8%@729,0%@729,0%@729,0%@729,0%@729",2800,7620,"08-31-2026 19:26:36 RAM 2800/7620MB (lfb 28x4MB) SWAP 6/3810MB (cached 0MB) CPU [9%@729,8%@729,0%@729,0%@729,0%@729,0%@729] GR3D_FREQ 0% cpu@54.781C soc2@53.781C soc0@53.781C gpu@55.968C tj@55.968C soc1@53.406C VDD_IN 15720mW/15720mW VDD_CPU_GPU_CV 4925mW/4925mW VDD_SOC 5097mW/5097mW"
2026-08-31T11:26:38Z,pre,1024x1024,V3,6,NA,55.687,NA,12416,NA,"0%@729,0%@729,0%@729,0%@729,0%@729,0%@729",2805,7620,"08-31-2026 19:26:37 RAM 2805/7620MB (lfb 28x4MB) SWAP 6/3810MB (cached 0MB) CPU [0%@729,0%@729,0%@729,0%@729,0%@729,0%@729] GR3D_FREQ 0% cpu@54.5C soc2@53.593C soc0@53.812C gpu@55.687C tj@55.687C soc1@53.687C VDD_IN 12416mW/12416mW VDD_CPU_GPU_CV 3669mW/3669mW VDD_SOC 3949mW/3949mW"
2026-08-31T11:26:39Z,post,1024x1024,V3,6,NA,55.593,NA,12494,NA,"0%@729,0%@729,0%@729,0%@729,0%@729,0%@729",2806,7620,"08-31-2026 19:26:39 RAM 2806/7620MB (lfb 28x4MB) SWAP 6/3810MB (cached 0MB) CPU [0%@729,0%@729,0%@729,0%@729,0%@729,0%@729] GR3D_FREQ 0% cpu@54.562C soc2@53.718C soc0@53.875C gpu@55.593C tj@55.593C soc1@53.718C VDD_IN 12494mW/12494mW VDD_CPU_GPU_CV 3786mW/3786mW VDD_SOC 3910mW/3910mW"
2026-08-31T11:26:40Z,pre,1024x1024,V1,6,NA,55.75,NA,12612,NA,"0%@729,0%@729,0%@729,0%@729,0%@729,0%@729",2801,7620,"08-31-2026 19:26:40 RAM 2801/7620MB (lfb 28x4MB) SWAP 6/3810MB (cached 0MB) CPU [0%@729,0%@729,0%@729,0%@729,0%@729,0%@729] GR3D_FREQ 0% cpu@54.562C soc2@53.687C soc0@54.062C gpu@55.75C tj@55.75C soc1@53.781C VDD_IN 12612mW/12612mW VDD_CPU_GPU_CV 3591mW/3591mW VDD_SOC 4105mW/4105mW"
2026-08-31T11:26:41Z,post,1024x1024,V1,6,NA,55.812,NA,12826,NA,"0%@729,0%@729,0%@729,0%@729,0%@729,0%@729",2802,7620,"08-31-2026 19:26:41 RAM 2802/7620MB (lfb 28x4MB) SWAP 6/3810MB (cached 0MB) CPU [0%@729,0%@729,0%@729,0%@729,0%@729,0%@729] GR3D_FREQ 0% cpu@54.687C soc2@53.843C soc0@53.906C gpu@55.812C tj@55.812C soc1@53.812C VDD_IN 12826mW/12826mW VDD_CPU_GPU_CV 3747mW/3747mW VDD_SOC 4184mW/4184mW"
2026-08-31T11:26:43Z,pre,1024x1024,V4,7,NA,56.218,NA,15551,NA,"0%@729,0%@729,0%@729,0%@729,0%@729,0%@729",2803,7620,"08-31-2026 19:26:42 RAM 2803/7620MB (lfb 28x4MB) SWAP 6/3810MB (cached 0MB) CPU [0%@729,0%@729,0%@729,0%@729,0%@729,0%@729] GR3D_FREQ 0% cpu@55.312C soc2@54.125C soc0@54.187C gpu@56.218C tj@56.218C soc1@54.125C VDD_IN 15551mW/15551mW VDD_CPU_GPU_CV 4817mW/4817mW VDD_SOC 5058mW/5058mW"
2026-08-31T11:26:44Z,post,1024x1024,V4,7,NA,56.656,NA,15759,NA,"0%@729,0%@729,0%@729,0%@729,0%@729,0%@729",2804,7620,"08-31-2026 19:26:44 RAM 2804/7620MB (lfb 28x4MB) SWAP 6/3810MB (cached 0MB) CPU [0%@729,0%@729,0%@729,0%@729,0%@729,0%@729] GR3D_FREQ 0% cpu@55.406C soc2@54.375C soc0@54.343C gpu@56.656C tj@56.656C soc1@54.093C VDD_IN 15759mW/15759mW VDD_CPU_GPU_CV 4964mW/4964mW VDD_SOC 5097mW/5097mW"
2026-08-31T11:26:45Z,pre,1024x1024,V2,7,NA,55.906,NA,10020,NA,"0%@729,0%@729,0%@729,0%@729,0%@729,0%@729",2804,7620,"08-31-2026 19:26:45 RAM 2804/7620MB (lfb 28x4MB) SWAP 6/3810MB (cached 0MB) CPU [0%@729,0%@729,0%@729,0%@729,0%@729,0%@729] GR3D_FREQ 0% cpu@54.875C soc2@53.906C soc0@54.156C gpu@55.906C tj@55.906C soc1@54.187C VDD_IN 10020mW/10020mW VDD_CPU_GPU_CV 3413mW/3413mW VDD_SOC 2986mW/2986mW"
2026-08-31T11:26:46Z,post,1024x1024,V2,7,NA,56,NA,9013,NA,"16%@729,0%@729,0%@729,0%@729,0%@729,0%@729",2806,7620,"08-31-2026 19:26:46 RAM 2806/7620MB (lfb 28x4MB) SWAP 6/3810MB (cached 0MB) CPU [16%@729,0%@729,0%@729,0%@729,0%@729,0%@729] GR3D_FREQ 0% cpu@54.906C soc2@53.875C soc0@54.062C gpu@56C tj@56C soc1@53.812C VDD_IN 9013mW/9013mW VDD_CPU_GPU_CV 3615mW/3615mW VDD_SOC 1968mW/1968mW"
2026-08-31T11:26:48Z,pre,1024x1024,V1,7,NA,56.281,NA,12181,NA,"0%@729,0%@729,0%@729,0%@729,0%@729,0%@729",2810,7620,"08-31-2026 19:26:48 RAM 2810/7620MB (lfb 28x4MB) SWAP 6/3810MB (cached 0MB) CPU [0%@729,0%@729,0%@729,0%@729,0%@729,0%@729] GR3D_FREQ 0% cpu@54.843C soc2@53.906C soc0@54.093C gpu@56.281C tj@56.062C soc1@54.25C VDD_IN 12181mW/12181mW VDD_CPU_GPU_CV 3591mW/3591mW VDD_SOC 3793mW/3793mW"
2026-08-31T11:26:49Z,post,1024x1024,V1,7,NA,56.25,NA,12787,NA,"0%@729,0%@729,0%@729,0%@806,0%@729,0%@729",2810,7620,"08-31-2026 19:26:49 RAM 2810/7620MB (lfb 28x4MB) SWAP 6/3810MB (cached 0MB) CPU [0%@729,0%@729,0%@729,0%@806,0%@729,0%@729] GR3D_FREQ 0% cpu@55.062C soc2@54.187C soc0@54.25C gpu@56.25C tj@56.031C soc1@54.093C VDD_IN 12787mW/12787mW VDD_CPU_GPU_CV 3747mW/3747mW VDD_SOC 4145mW/4145mW"
2026-08-31T11:26:50Z,pre,1024x1024,V3,7,NA,56.218,NA,12337,NA,"0%@729,0%@729,0%@729,0%@729,0%@729,0%@729",2806,7620,"08-31-2026 19:26:50 RAM 2806/7620MB (lfb 28x4MB) SWAP 6/3810MB (cached 0MB) CPU [0%@729,0%@729,0%@729,0%@729,0%@729,0%@729] GR3D_FREQ 0% cpu@55.312C soc2@54.093C soc0@54.437C gpu@56.218C tj@56.218C soc1@54.156C VDD_IN 12337mW/12337mW VDD_CPU_GPU_CV 3630mW/3630mW VDD_SOC 3910mW/3910mW"
2026-08-31T11:26:52Z,post,1024x1024,V3,7,NA,56.25,NA,12455,NA,"0%@729,0%@729,0%@729,0%@729,0%@729,0%@729",2808,7620,"08-31-2026 19:26:51 RAM 2808/7620MB (lfb 28x4MB) SWAP 6/3810MB (cached 0MB) CPU [0%@729,0%@729,0%@729,0%@729,0%@729,0%@729] GR3D_FREQ 0% cpu@55.125C soc2@54.187C soc0@54.562C gpu@56.25C tj@56.25C soc1@54.312C VDD_IN 12455mW/12455mW VDD_CPU_GPU_CV 3747mW/3747mW VDD_SOC 3910mW/3910mW"
2026-08-31T11:26:53Z,pre,4096x4096,V1,1,NA,56.562,NA,13217,NA,"0%@1036,0%@1036,0%@1036,0%@1036,0%@729,0%@729",3110,7620,"08-31-2026 19:26:53 RAM 3110/7620MB (lfb 9x4MB) SWAP 6/3810MB (cached 0MB) CPU [0%@1036,0%@1036,0%@1036,0%@1036,0%@729,0%@729] GR3D_FREQ 0% cpu@55.531C soc2@54.406C soc0@54.531C gpu@56.562C tj@56.562C soc1@54.375C VDD_IN 13217mW/13217mW VDD_CPU_GPU_CV 3702mW/3702mW VDD_SOC 4333mW/4333mW"
2026-08-31T11:26:54Z,post,4096x4096,V1,1,NA,56.531,NA,13647,NA,"0%@729,0%@729,0%@729,0%@729,0%@729,0%@729",3113,7620,"08-31-2026 19:26:54 RAM 3113/7620MB (lfb 9x4MB) SWAP 6/3810MB (cached 0MB) CPU [0%@729,0%@729,0%@729,0%@729,0%@729,0%@729] GR3D_FREQ 0% cpu@55.437C soc2@54.5C soc0@54.593C gpu@56.531C tj@56.531C soc1@54.562C VDD_IN 13647mW/13647mW VDD_CPU_GPU_CV 4053mW/4053mW VDD_SOC 4372mW/4372mW"
2026-08-31T11:26:56Z,pre,4096x4096,V2,1,NA,56.437,NA,9761,NA,"0%@729,0%@729,0%@729,0%@729,0%@729,0%@729",3109,7620,"08-31-2026 19:26:56 RAM 3109/7620MB (lfb 9x4MB) SWAP 6/3810MB (cached 0MB) CPU [0%@729,0%@729,0%@729,0%@729,0%@729,0%@729] GR3D_FREQ 0% cpu@55.093C soc2@54.218C soc0@54.593C gpu@56.437C tj@56.437C soc1@54.406C VDD_IN 9761mW/9761mW VDD_CPU_GPU_CV 3334mW/3334mW VDD_SOC 2790mW/2790mW"
2026-08-31T11:26:57Z,post,4096x4096,V2,1,NA,55.968,NA,8974,NA,"0%@729,0%@729,0%@729,0%@729,0%@729,0%@729",3113,7620,"08-31-2026 19:26:57 RAM 3113/7620MB (lfb 9x4MB) SWAP 6/3810MB (cached 0MB) CPU [0%@729,0%@729,0%@729,0%@729,0%@729,0%@729] GR3D_FREQ 0% cpu@55.062C soc2@54.093C soc0@54.593C gpu@55.968C tj@56.125C soc1@54.312C VDD_IN 8974mW/8974mW VDD_CPU_GPU_CV 3693mW/3693mW VDD_SOC 1889mW/1889mW"
2026-08-31T11:26:59Z,pre,4096x4096,V3,1,NA,56.25,NA,11985,NA,"0%@729,0%@729,0%@729,0%@729,0%@729,0%@729",3109,7620,"08-31-2026 19:26:59 RAM 3109/7620MB (lfb 9x4MB) SWAP 6/3810MB (cached 0MB) CPU [0%@729,0%@729,0%@729,0%@729,0%@729,0%@729] GR3D_FREQ 0% cpu@55.031C soc2@54.187C soc0@54.406C gpu@56.25C tj@56.25C soc1@54.406C VDD_IN 11985mW/11985mW VDD_CPU_GPU_CV 3519mW/3519mW VDD_SOC 3642mW/3642mW"
2026-08-31T11:27:01Z,post,4096x4096,V3,1,NA,56.406,NA,12787,NA,"0%@806,0%@806,8%@806,0%@806,0%@729,0%@729",3110,7620,"08-31-2026 19:27:00 RAM 3110/7620MB (lfb 9x4MB) SWAP 6/3810MB (cached 0MB) CPU [0%@806,0%@806,8%@806,0%@806,0%@729,0%@729] GR3D_FREQ 0% cpu@55.406C soc2@54.375C soc0@54.562C gpu@56.406C tj@56.406C soc1@54.562C VDD_IN 12787mW/12787mW VDD_CPU_GPU_CV 3904mW/3904mW VDD_SOC 3988mW/3988mW"
2026-08-31T11:27:02Z,pre,4096x4096,V4,1,NA,56.781,NA,15629,NA,"0%@1344,0%@1344,0%@1344,0%@1344,0%@729,0%@729",3109,7620,"08-31-2026 19:27:02 RAM 3109/7620MB (lfb 8x4MB) SWAP 6/3810MB (cached 0MB) CPU [0%@1344,0%@1344,0%@1344,0%@1344,0%@729,0%@729] GR3D_FREQ 0% cpu@55.656C soc2@54.656C soc0@54.75C gpu@56.781C tj@56.781C soc1@54.562C VDD_IN 15629mW/15629mW VDD_CPU_GPU_CV 4692mW/4692mW VDD_SOC 5097mW/5097mW"
2026-08-31T11:27:04Z,post,4096x4096,V4,1,NA,57.406,NA,16304,NA,"0%@729,0%@729,8%@729,0%@729,0%@729,0%@729",3109,7620,"08-31-2026 19:27:03 RAM 3109/7620MB (lfb 8x4MB) SWAP 6/3810MB (cached 0MB) CPU [0%@729,0%@729,8%@729,0%@729,0%@729,0%@729] GR3D_FREQ 0% cpu@56.125C soc2@55.031C soc0@55.031C gpu@57.406C tj@57.406C soc1@54.75C VDD_IN 16304mW/16304mW VDD_CPU_GPU_CV 5158mW/5158mW VDD_SOC 5205mW/5205mW"
2026-08-31T11:27:05Z,pre,4096x4096,V2,2,NA,56.562,NA,9941,NA,"0%@729,0%@729,0%@729,0%@729,0%@729,0%@729",3102,7620,"08-31-2026 19:27:05 RAM 3102/7620MB (lfb 8x4MB) SWAP 6/3810MB (cached 0MB) CPU [0%@729,0%@729,0%@729,0%@729,0%@729,0%@729] GR3D_FREQ 0% cpu@55.406C soc2@54.468C soc0@54.937C gpu@56.562C tj@56.562C soc1@54.781C VDD_IN 9941mW/9941mW VDD_CPU_GPU_CV 3373mW/3373mW VDD_SOC 2986mW/2986mW"
2026-08-31T11:27:07Z,post,4096x4096,V2,2,NA,56.312,NA,8974,NA,"0%@806,0%@806,8%@806,0%@806,0%@729,0%@729",3104,7620,"08-31-2026 19:27:06 RAM 3104/7620MB (lfb 8x4MB) SWAP 6/3810MB (cached 0MB) CPU [0%@806,0%@806,8%@806,0%@806,0%@729,0%@729] GR3D_FREQ 0% cpu@55.125C soc2@54.5C soc0@54.843C gpu@56.312C tj@56.312C soc1@54.593C VDD_IN 8974mW/8974mW VDD_CPU_GPU_CV 3693mW/3693mW VDD_SOC 1889mW/1889mW"
2026-08-31T11:27:08Z,pre,4096x4096,V3,2,NA,56.625,NA,12063,NA,"0%@729,0%@729,0%@729,0%@729,0%@729,0%@729",3098,7620,"08-31-2026 19:27:08 RAM 3098/7620MB (lfb 9x4MB) SWAP 6/3810MB (cached 0MB) CPU [0%@729,0%@729,0%@729,0%@729,0%@729,0%@729] GR3D_FREQ 0% cpu@55.687C soc2@54.531C soc0@54.812C gpu@56.625C tj@56.625C soc1@54.75C VDD_IN 12063mW/12063mW VDD_CPU_GPU_CV 3513mW/3513mW VDD_SOC 3720mW/3720mW"
2026-08-31T11:27:10Z,post,4096x4096,V3,2,NA,56.687,NA,12747,NA,"0%@1344,0%@1344,0%@1344,0%@1344,0%@729,0%@729",3099,7620,"08-31-2026 19:27:09 RAM 3099/7620MB (lfb 9x4MB) SWAP 6/3810MB (cached 0MB) CPU [0%@1344,0%@1344,0%@1344,0%@1344,0%@729,0%@729] GR3D_FREQ 0% cpu@55.593C soc2@54.687C soc0@54.968C gpu@56.687C tj@56.687C soc1@54.781C VDD_IN 12747mW/12747mW VDD_CPU_GPU_CV 3904mW/3904mW VDD_SOC 3988mW/3988mW"
2026-08-31T11:27:11Z,pre,4096x4096,V4,2,NA,57.375,NA,15720,NA,"8%@729,0%@729,0%@729,0%@729,0%@729,9%@729",3103,7620,"08-31-2026 19:27:11 RAM 3103/7620MB (lfb 8x4MB) SWAP 6/3810MB (cached 0MB) CPU [8%@729,0%@729,0%@729,0%@729,0%@729,9%@729] GR3D_FREQ 0% cpu@55.968C soc2@55.062C soc0@55.062C gpu@57.375C tj@57.375C soc1@54.812C VDD_IN 15720mW/15720mW VDD_CPU_GPU_CV 4731mW/4731mW VDD_SOC 5136mW/5136mW"
2026-08-31T11:27:13Z,post,4096x4096,V4,2,NA,57.375,NA,16459,NA,"0%@1344,9%@1344,0%@1344,0%@1344,0%@729,0%@729",3107,7620,"08-31-2026 19:27:13 RAM 3107/7620MB (lfb 8x4MB) SWAP 6/3810MB (cached 0MB) CPU [0%@1344,9%@1344,0%@1344,0%@1344,0%@729,0%@729] GR3D_FREQ 0% cpu@56.312C soc2@55.343C soc0@55.25C gpu@57.375C tj@57.375C soc1@55.093C VDD_IN 16459mW/16459mW VDD_CPU_GPU_CV 5227mW/5227mW VDD_SOC 5244mW/5244mW"
2026-08-31T11:27:14Z,pre,4096x4096,V1,2,NA,57.093,NA,13256,NA,"0%@729,0%@729,0%@729,9%@729,0%@729,0%@729",3100,7620,"08-31-2026 19:27:14 RAM 3100/7620MB (lfb 8x4MB) SWAP 6/3810MB (cached 0MB) CPU [0%@729,0%@729,0%@729,9%@729,0%@729,0%@729] GR3D_FREQ 0% cpu@56.031C soc2@55.218C soc0@55.281C gpu@57.093C tj@57.093C soc1@55.031C VDD_IN 13256mW/13256mW VDD_CPU_GPU_CV 3663mW/3663mW VDD_SOC 4372mW/4372mW"
2026-08-31T11:27:16Z,post,4096x4096,V1,2,NA,57.187,NA,13569,NA,"8%@806,0%@806,8%@806,0%@806,8%@729,0%@729",3101,7620,"08-31-2026 19:27:15 RAM 3101/7620MB (lfb 8x4MB) SWAP 6/3810MB (cached 0MB) CPU [8%@806,0%@806,8%@806,0%@806,8%@729,0%@729] GR3D_FREQ 0% cpu@56.156C soc2@55.218C soc0@55.343C gpu@57.187C tj@57.187C soc1@55.25C VDD_IN 13569mW/13569mW VDD_CPU_GPU_CV 4014mW/4014mW VDD_SOC 4372mW/4372mW"
2026-08-31T11:27:17Z,pre,4096x4096,V3,3,NA,57.312,NA,12455,NA,"0%@729,8%@729,0%@729,0%@729,0%@729,0%@729",3101,7620,"08-31-2026 19:27:17 RAM 3101/7620MB (lfb 8x4MB) SWAP 6/3810MB (cached 0MB) CPU [0%@729,8%@729,0%@729,0%@729,0%@729,0%@729] GR3D_FREQ 0% cpu@56.031C soc2@55.156C soc0@55.343C gpu@57.312C tj@57.312C soc1@55.125C VDD_IN 12455mW/12455mW VDD_CPU_GPU_CV 3552mW/3552mW VDD_SOC 3988mW/3988mW"
2026-08-31T11:27:19Z,post,4096x4096,V3,3,NA,57.187,NA,12787,NA,"0%@729,0%@729,0%@729,0%@729,0%@729,0%@729",3101,7620,"08-31-2026 19:27:18 RAM 3101/7620MB (lfb 8x4MB) SWAP 6/3810MB (cached 0MB) CPU [0%@729,0%@729,0%@729,0%@729,0%@729,0%@729] GR3D_FREQ 0% cpu@56.25C soc2@55.25C soc0@55.468C gpu@57.187C tj@57.187C soc1@55.187C VDD_IN 12787mW/12787mW VDD_CPU_GPU_CV 3904mW/3904mW VDD_SOC 3988mW/3988mW"
2026-08-31T11:27:20Z,pre,4096x4096,V4,3,NA,57.75,NA,15681,NA,"0%@729,0%@729,0%@729,0%@729,0%@729,0%@729",3104,7620,"08-31-2026 19:27:20 RAM 3104/7620MB (lfb 9x4MB) SWAP 6/3810MB (cached 0MB) CPU [0%@729,0%@729,0%@729,0%@729,0%@729,0%@729] GR3D_FREQ 0% cpu@56.375C soc2@55.531C soc0@55.562C gpu@57.75C tj@57.75C soc1@55.437C VDD_IN 15681mW/15681mW VDD_CPU_GPU_CV 4731mW/4731mW VDD_SOC 5136mW/5136mW"
2026-08-31T11:27:22Z,post,4096x4096,V4,3,NA,57.906,NA,16420,NA,"0%@729,0%@729,0%@729,0%@729,0%@729,0%@729",3104,7620,"08-31-2026 19:27:21 RAM 3104/7620MB (lfb 9x4MB) SWAP 6/3810MB (cached 0MB) CPU [0%@729,0%@729,0%@729,0%@729,0%@729,0%@729] GR3D_FREQ 0% cpu@56.812C soc2@55.812C soc0@55.781C gpu@57.906C tj@57.906C soc1@55.656C VDD_IN 16420mW/16420mW VDD_CPU_GPU_CV 5188mW/5188mW VDD_SOC 5244mW/5244mW"
2026-08-31T11:27:23Z,pre,4096x4096,V1,3,NA,57.656,NA,13256,NA,"0%@729,0%@729,0%@729,0%@729,0%@729,0%@729",3101,7620,"08-31-2026 19:27:23 RAM 3101/7620MB (lfb 8x4MB) SWAP 6/3810MB (cached 0MB) CPU [0%@729,0%@729,0%@729,0%@729,0%@729,0%@729] GR3D_FREQ 0% cpu@56.718C soc2@55.531C soc0@55.718C gpu@57.656C tj@57.656C soc1@55.593C VDD_IN 13256mW/13256mW VDD_CPU_GPU_CV 3702mW/3702mW VDD_SOC 4372mW/4372mW"
2026-08-31T11:27:24Z,post,4096x4096,V1,3,NA,57.781,NA,13608,NA,"0%@806,0%@806,0%@806,0%@806,0%@729,0%@729",3105,7620,"08-31-2026 19:27:24 RAM 3105/7620MB (lfb 8x4MB) SWAP 6/3810MB (cached 0MB) CPU [0%@806,0%@806,0%@806,0%@806,0%@729,0%@729] GR3D_FREQ 0% cpu@56.625C soc2@55.781C soc0@55.812C gpu@57.781C tj@57.781C soc1@55.687C VDD_IN 13608mW/13608mW VDD_CPU_GPU_CV 4053mW/4053mW VDD_SOC 4372mW/4372mW"
2026-08-31T11:27:26Z,pre,4096x4096,V2,3,NA,57.625,NA,9824,NA,"0%@729,0%@729,0%@729,0%@729,0%@729,8%@729",3102,7620,"08-31-2026 19:27:26 RAM 3102/7620MB (lfb 8x4MB) SWAP 6/3810MB (cached 0MB) CPU [0%@729,0%@729,0%@729,0%@729,0%@729,8%@729] GR3D_FREQ 0% cpu@56.343C soc2@55.468C soc0@55.718C gpu@57.625C tj@57.625C soc1@55.656C VDD_IN 9824mW/9824mW VDD_CPU_GPU_CV 3373mW/3373mW VDD_SOC 2868mW/2868mW"
2026-08-31T11:27:28Z,post,4096x4096,V2,3,NA,57.625,NA,8974,NA,"0%@806,0%@806,0%@806,0%@806,0%@729,0%@729",3102,7620,"08-31-2026 19:27:27 RAM 3102/7620MB (lfb 8x4MB) SWAP 6/3810MB (cached 0MB) CPU [0%@806,0%@806,0%@806,0%@806,0%@729,0%@729] GR3D_FREQ 0% cpu@56.343C soc2@55.375C soc0@55.687C gpu@57.625C tj@57.625C soc1@55.5C VDD_IN 8974mW/8974mW VDD_CPU_GPU_CV 3693mW/3693mW VDD_SOC 1889mW/1889mW"
2026-08-31T11:27:29Z,pre,4096x4096,V4,4,NA,57.843,NA,15512,NA,"0%@729,0%@729,0%@729,0%@729,0%@729,0%@729",3105,7620,"08-31-2026 19:27:29 RAM 3105/7620MB (lfb 8x4MB) SWAP 6/3810MB (cached 0MB) CPU [0%@729,0%@729,0%@729,0%@729,0%@729,0%@729] GR3D_FREQ 0% cpu@56.812C soc2@55.781C soc0@55.812C gpu@57.843C tj@57.843C soc1@55.718C VDD_IN 15512mW/15512mW VDD_CPU_GPU_CV 4739mW/4739mW VDD_SOC 4941mW/4941mW"
2026-08-31T11:27:31Z,post,4096x4096,V4,4,NA,58.562,NA,16498,NA,"0%@729,0%@806,0%@806,0%@806,0%@729,0%@729",3105,7620,"08-31-2026 19:27:30 RAM 3105/7620MB (lfb 8x4MB) SWAP 6/3810MB (cached 0MB) CPU [0%@729,0%@806,0%@806,0%@806,0%@729,0%@729] GR3D_FREQ 0% cpu@57.031C soc2@56.093C soc0@56.031C gpu@58.562C tj@58.562C soc1@55.906C VDD_IN 16498mW/16498mW VDD_CPU_GPU_CV 5227mW/5227mW VDD_SOC 5283mW/5283mW"
2026-08-31T11:27:32Z,pre,4096x4096,V1,4,NA,58,NA,13295,NA,"0%@806,8%@806,0%@806,0%@806,0%@729,0%@729",3103,7620,"08-31-2026 19:27:32 RAM 3103/7620MB (lfb 9x4MB) SWAP 6/3810MB (cached 0MB) CPU [0%@806,8%@806,0%@806,0%@806,0%@729,0%@729] GR3D_FREQ 0% cpu@56.687C soc2@55.781C soc0@56.093C gpu@58C tj@58C soc1@55.812C VDD_IN 13295mW/13295mW VDD_CPU_GPU_CV 3702mW/3702mW VDD_SOC 4411mW/4411mW"
2026-08-31T11:27:33Z,post,4096x4096,V1,4,NA,58.281,NA,13585,NA,"0%@729,0%@729,0%@729,9%@729,0%@729,9%@729",3105,7620,"08-31-2026 19:27:33 RAM 3105/7620MB (lfb 9x4MB) SWAP 6/3810MB (cached 0MB) CPU [0%@729,0%@729,0%@729,9%@729,0%@729,9%@729] GR3D_FREQ 0% cpu@57.093C soc2@55.937C soc0@56.218C gpu@58.281C tj@58.281C soc1@55.875C VDD_IN 13585mW/13585mW VDD_CPU_GPU_CV 4053mW/4053mW VDD_SOC 4372mW/4372mW"
2026-08-31T11:27:35Z,pre,4096x4096,V2,4,NA,57.75,NA,9981,NA,"0%@729,0%@729,0%@729,0%@729,0%@729,0%@729",3099,7620,"08-31-2026 19:27:35 RAM 3099/7620MB (lfb 9x4MB) SWAP 6/3810MB (cached 0MB) CPU [0%@729,0%@729,0%@729,0%@729,0%@729,0%@729] GR3D_FREQ 0% cpu@56.375C soc2@55.562C soc0@56C gpu@57.75C tj@57.75C soc1@55.75C VDD_IN 9981mW/9981mW VDD_CPU_GPU_CV 3373mW/3373mW VDD_SOC 2947mW/2947mW"
2026-08-31T11:27:37Z,post,4096x4096,V2,4,NA,57.531,NA,9092,NA,"0%@729,0%@729,8%@729,0%@729,0%@729,0%@729",3101,7620,"08-31-2026 19:27:36 RAM 3101/7620MB (lfb 9x4MB) SWAP 6/3810MB (cached 0MB) CPU [0%@729,0%@729,8%@729,0%@729,0%@729,0%@729] GR3D_FREQ 0% cpu@56.406C soc2@55.562C soc0@55.843C gpu@57.531C tj@57.531C soc1@55.625C VDD_IN 9092mW/9092mW VDD_CPU_GPU_CV 3687mW/3687mW VDD_SOC 1928mW/1928mW"
2026-08-31T11:27:38Z,pre,4096x4096,V3,4,NA,57.437,NA,12102,NA,"0%@806,0%@806,0%@806,0%@806,0%@729,0%@729",3101,7620,"08-31-2026 19:27:38 RAM 3101/7620MB (lfb 8x4MB) SWAP 6/3810MB (cached 0MB) CPU [0%@806,0%@806,0%@806,0%@806,0%@729,0%@729] GR3D_FREQ 0% cpu@56.406C soc2@55.5C soc0@55.906C gpu@57.437C tj@57.437C soc1@55.75C VDD_IN 12102mW/12102mW VDD_CPU_GPU_CV 3552mW/3552mW VDD_SOC 3714mW/3714mW"
2026-08-31T11:27:40Z,post,4096x4096,V3,4,NA,57.906,NA,12787,NA,"0%@729,0%@729,0%@729,0%@729,0%@729,0%@729",3101,7620,"08-31-2026 19:27:39 RAM 3101/7620MB (lfb 8x4MB) SWAP 6/3810MB (cached 0MB) CPU [0%@729,0%@729,0%@729,0%@729,0%@729,0%@729] GR3D_FREQ 0% cpu@56.625C soc2@55.718C soc0@55.812C gpu@57.906C tj@57.906C soc1@55.937C VDD_IN 12787mW/12787mW VDD_CPU_GPU_CV 3904mW/3904mW VDD_SOC 3988mW/3988mW"
2026-08-31T11:27:41Z,pre,4096x4096,V1,5,NA,57.781,NA,13178,NA,"0%@729,9%@729,0%@729,0%@729,0%@729,0%@729",3098,7620,"08-31-2026 19:27:41 RAM 3098/7620MB (lfb 8x4MB) SWAP 6/3810MB (cached 0MB) CPU [0%@729,9%@729,0%@729,0%@729,0%@729,0%@729] GR3D_FREQ 0% cpu@56.625C soc2@55.75C soc0@56.062C gpu@57.781C tj@57.781C soc1@55.906C VDD_IN 13178mW/13178mW VDD_CPU_GPU_CV 3663mW/3663mW VDD_SOC 4333mW/4333mW"
2026-08-31T11:27:42Z,post,4096x4096,V1,5,NA,58,NA,13647,NA,"0%@806,0%@806,0%@806,0%@806,0%@729,0%@729",3100,7620,"08-31-2026 19:27:42 RAM 3100/7620MB (lfb 8x4MB) SWAP 6/3810MB (cached 0MB) CPU [0%@806,0%@806,0%@806,0%@806,0%@729,0%@729] GR3D_FREQ 0% cpu@56.875C soc2@56.031C soc0@56.062C gpu@58C tj@58C soc1@56.031C VDD_IN 13647mW/13647mW VDD_CPU_GPU_CV 4053mW/4053mW VDD_SOC 4372mW/4372mW"
2026-08-31T11:27:44Z,pre,4096x4096,V3,5,NA,58.031,NA,12455,NA,"0%@729,0%@729,0%@729,0%@729,0%@729,0%@729",3094,7620,"08-31-2026 19:27:44 RAM 3094/7620MB (lfb 9x4MB) SWAP 6/3810MB (cached 0MB) CPU [0%@729,0%@729,0%@729,0%@729,0%@729,0%@729] GR3D_FREQ 0% cpu@56.781C soc2@55.843C soc0@56.093C gpu@58.031C tj@58.031C soc1@56.031C VDD_IN 12455mW/12455mW VDD_CPU_GPU_CV 3552mW/3552mW VDD_SOC 4027mW/4027mW"
2026-08-31T11:27:45Z,post,4096x4096,V3,5,NA,57.937,NA,12865,NA,"0%@806,0%@806,0%@806,0%@806,0%@729,0%@729",3099,7620,"08-31-2026 19:27:45 RAM 3099/7620MB (lfb 9x4MB) SWAP 6/3810MB (cached 0MB) CPU [0%@806,0%@806,0%@806,0%@806,0%@729,0%@729] GR3D_FREQ 0% cpu@56.812C soc2@55.937C soc0@56.093C gpu@57.937C tj@57.937C soc1@56.031C VDD_IN 12865mW/12865mW VDD_CPU_GPU_CV 3936mW/3936mW VDD_SOC 3988mW/3988mW"
2026-08-31T11:27:47Z,pre,4096x4096,V2,5,NA,57.718,NA,8934,NA,"0%@729,8%@729,0%@729,8%@729,0%@729,0%@729",3092,7620,"08-31-2026 19:27:47 RAM 3092/7620MB (lfb 8x4MB) SWAP 6/3810MB (cached 0MB) CPU [0%@729,8%@729,0%@729,8%@729,0%@729,0%@729] GR3D_FREQ 0% cpu@56.312C soc2@55.562C soc0@55.937C gpu@57.718C tj@57.718C soc1@55.812C VDD_IN 8934mW/8934mW VDD_CPU_GPU_CV 3340mW/3340mW VDD_SOC 2086mW/2086mW"
2026-08-31T11:27:48Z,post,4096x4096,V2,5,NA,57.718,NA,8934,NA,"0%@729,0%@729,0%@729,0%@729,0%@729,0%@729",3096,7620,"08-31-2026 19:27:48 RAM 3096/7620MB (lfb 8x4MB) SWAP 6/3810MB (cached 0MB) CPU [0%@729,0%@729,0%@729,0%@729,0%@729,0%@729] GR3D_FREQ 0% cpu@56.25C soc2@55.531C soc0@56C gpu@57.718C tj@57.718C soc1@55.812C VDD_IN 8934mW/8934mW VDD_CPU_GPU_CV 3693mW/3693mW VDD_SOC 1849mW/1849mW"
2026-08-31T11:27:50Z,pre,4096x4096,V4,5,NA,58.281,NA,15434,NA,"0%@729,0%@729,0%@729,0%@729,9%@729,0%@729",3098,7620,"08-31-2026 19:27:50 RAM 3098/7620MB (lfb 9x4MB) SWAP 6/3810MB (cached 0MB) CPU [0%@729,0%@729,0%@729,0%@729,9%@729,0%@729] GR3D_FREQ 0% cpu@57.031C soc2@55.937C soc0@56C gpu@58.281C tj@58.281C soc1@55.781C VDD_IN 15434mW/15434mW VDD_CPU_GPU_CV 4700mW/4700mW VDD_SOC 4902mW/4902mW"
2026-08-31T11:27:52Z,post,4096x4096,V4,5,NA,58.5,NA,16498,NA,"0%@729,0%@729,8%@729,0%@729,0%@729,0%@729",3098,7620,"08-31-2026 19:27:51 RAM 3098/7620MB (lfb 9x4MB) SWAP 6/3810MB (cached 0MB) CPU [0%@729,0%@729,8%@729,0%@729,0%@729,0%@729] GR3D_FREQ 0% cpu@57.25C soc2@56.312C soc0@56.281C gpu@58.5C tj@58.5C soc1@56.187C VDD_IN 16498mW/16498mW VDD_CPU_GPU_CV 5227mW/5227mW VDD_SOC 5244mW/5244mW"
2026-08-31T11:27:53Z,pre,4096x4096,V2,6,NA,57.906,NA,10138,NA,"0%@729,0%@729,0%@729,9%@729,0%@729,0%@729",3100,7620,"08-31-2026 19:27:53 RAM 3100/7620MB (lfb 9x4MB) SWAP 6/3810MB (cached 0MB) CPU [0%@729,0%@729,0%@729,9%@729,0%@729,0%@729] GR3D_FREQ 0% cpu@56.843C soc2@55.812C soc0@56.218C gpu@57.906C tj@57.906C soc1@56.031C VDD_IN 10138mW/10138mW VDD_CPU_GPU_CV 3407mW/3407mW VDD_SOC 3020mW/3020mW"
2026-08-31T11:27:55Z,post,4096x4096,V2,6,NA,57.781,NA,9170,NA,"8%@729,0%@729,9%@729,0%@729,0%@729,0%@729",3100,7620,"08-31-2026 19:27:54 RAM 3100/7620MB (lfb 9x4MB) SWAP 6/3810MB (cached 0MB) CPU [8%@729,0%@729,9%@729,0%@729,0%@729,0%@729] GR3D_FREQ 0% cpu@56.406C soc2@55.5C soc0@56.062C gpu@57.781C tj@57.781C soc1@55.906C VDD_IN 9170mW/9170mW VDD_CPU_GPU_CV 3727mW/3727mW VDD_SOC 1968mW/1968mW"
2026-08-31T11:27:56Z,pre,4096x4096,V4,6,NA,58.312,NA,15473,NA,"0%@729,0%@729,0%@729,0%@729,0%@729,0%@729",3097,7620,"08-31-2026 19:27:56 RAM 3097/7620MB (lfb 9x4MB) SWAP 6/3810MB (cached 0MB) CPU [0%@729,0%@729,0%@729,0%@729,0%@729,0%@729] GR3D_FREQ 0% cpu@57.062C soc2@56.062C soc0@56.218C gpu@58.312C tj@58.312C soc1@56.031C VDD_IN 15473mW/15473mW VDD_CPU_GPU_CV 4700mW/4700mW VDD_SOC 4941mW/4941mW"
2026-08-31T11:27:58Z,post,4096x4096,V4,6,NA,58.562,NA,16498,NA,"0%@729,0%@729,0%@729,0%@729,0%@729,0%@729",3098,7620,"08-31-2026 19:27:58 RAM 3098/7620MB (lfb 9x4MB) SWAP 6/3810MB (cached 0MB) CPU [0%@729,0%@729,0%@729,0%@729,0%@729,0%@729] GR3D_FREQ 0% cpu@57.375C soc2@56.5C soc0@56.312C gpu@58.562C tj@58.562C soc1@56.281C VDD_IN 16498mW/16498mW VDD_CPU_GPU_CV 5227mW/5227mW VDD_SOC 5283mW/5283mW"
2026-08-31T11:27:59Z,pre,4096x4096,V3,6,NA,58.218,NA,12533,NA,"9%@729,0%@729,0%@729,0%@729,0%@729,0%@729",3097,7620,"08-31-2026 19:27:59 RAM 3097/7620MB (lfb 8x4MB) SWAP 6/3810MB (cached 0MB) CPU [9%@729,0%@729,0%@729,0%@729,0%@729,0%@729] GR3D_FREQ 0% cpu@56.937C soc2@56.093C soc0@56.468C gpu@58.218C tj@58.218C soc1@56.218C VDD_IN 12533mW/12533mW VDD_CPU_GPU_CV 3591mW/3591mW VDD_SOC 4027mW/4027mW"
2026-08-31T11:28:01Z,post,4096x4096,V3,6,NA,58.281,NA,12826,NA,"9%@806,0%@806,0%@806,0%@806,0%@729,0%@729",3098,7620,"08-31-2026 19:28:01 RAM 3098/7620MB (lfb 8x4MB) SWAP 6/3810MB (cached 0MB) CPU [9%@806,0%@806,0%@806,0%@806,0%@729,0%@729] GR3D_FREQ 0% cpu@57.125C soc2@56.218C soc0@56.406C gpu@58.281C tj@58.281C soc1@56.25C VDD_IN 12826mW/12826mW VDD_CPU_GPU_CV 3897mW/3897mW VDD_SOC 4027mW/4027mW"
2026-08-31T11:28:02Z,pre,4096x4096,V1,6,NA,58.062,NA,13217,NA,"0%@729,0%@729,0%@729,0%@729,0%@729,0%@729",3100,7620,"08-31-2026 19:28:02 RAM 3100/7620MB (lfb 8x4MB) SWAP 6/3810MB (cached 0MB) CPU [0%@729,0%@729,0%@729,0%@729,0%@729,0%@729] GR3D_FREQ 0% cpu@57.156C soc2@56.187C soc0@56.406C gpu@58.062C tj@58.062C soc1@56.281C VDD_IN 13217mW/13217mW VDD_CPU_GPU_CV 3663mW/3663mW VDD_SOC 4372mW/4372mW"
2026-08-31T11:28:04Z,post,4096x4096,V1,6,NA,58.468,NA,13608,NA,"9%@806,0%@806,0%@806,0%@806,0%@729,0%@729",3100,7620,"08-31-2026 19:28:03 RAM 3100/7620MB (lfb 8x4MB) SWAP 6/3810MB (cached 0MB) CPU [9%@806,0%@806,0%@806,0%@806,0%@729,0%@729] GR3D_FREQ 0% cpu@57.5C soc2@56.312C soc0@56.5C gpu@58.468C tj@58.468C soc1@56.156C VDD_IN 13608mW/13608mW VDD_CPU_GPU_CV 4053mW/4053mW VDD_SOC 4372mW/4372mW"
2026-08-31T11:28:05Z,pre,4096x4096,V4,7,NA,58.593,NA,15681,NA,"0%@729,0%@729,0%@729,0%@729,0%@729,0%@729",3098,7620,"08-31-2026 19:28:05 RAM 3098/7620MB (lfb 8x4MB) SWAP 6/3810MB (cached 0MB) CPU [0%@729,0%@729,0%@729,0%@729,0%@729,0%@729] GR3D_FREQ 0% cpu@57.375C soc2@56.468C soc0@56.406C gpu@58.593C tj@58.593C soc1@56.343C VDD_IN 15681mW/15681mW VDD_CPU_GPU_CV 4692mW/4692mW VDD_SOC 5097mW/5097mW"
2026-08-31T11:28:07Z,post,4096x4096,V4,7,NA,59.062,NA,16498,NA,"0%@729,0%@729,0%@729,0%@729,0%@729,0%@729",3098,7620,"08-31-2026 19:28:07 RAM 3098/7620MB (lfb 8x4MB) SWAP 6/3810MB (cached 0MB) CPU [0%@729,0%@729,0%@729,0%@729,0%@729,0%@729] GR3D_FREQ 0% cpu@57.781C soc2@56.656C soc0@56.812C gpu@59.062C tj@59.062C soc1@56.5C VDD_IN 16498mW/16498mW VDD_CPU_GPU_CV 5227mW/5227mW VDD_SOC 5283mW/5283mW"
2026-08-31T11:28:08Z,pre,4096x4096,V2,7,NA,58.312,NA,9981,NA,"0%@729,0%@729,0%@729,0%@729,0%@729,0%@729",3092,7620,"08-31-2026 19:28:08 RAM 3092/7620MB (lfb 8x4MB) SWAP 6/3810MB (cached 0MB) CPU [0%@729,0%@729,0%@729,0%@729,0%@729,0%@729] GR3D_FREQ 0% cpu@57.156C soc2@56.25C soc0@56.75C gpu@58.312C tj@58.312C soc1@56.406C VDD_IN 9981mW/9981mW VDD_CPU_GPU_CV 3407mW/3407mW VDD_SOC 2986mW/2986mW"
2026-08-31T11:28:10Z,post,4096x4096,V2,7,NA,58.187,NA,9013,NA,"0%@806,0%@806,0%@806,0%@806,0%@729,0%@729",3094,7620,"08-31-2026 19:28:10 RAM 3094/7620MB (lfb 8x4MB) SWAP 6/3810MB (cached 0MB) CPU [0%@806,0%@806,0%@806,0%@806,0%@729,0%@729] GR3D_FREQ 0% cpu@56.843C soc2@56.093C soc0@56.406C gpu@58.187C tj@58.187C soc1@56.343C VDD_IN 9013mW/9013mW VDD_CPU_GPU_CV 3687mW/3687mW VDD_SOC 1928mW/1928mW"
2026-08-31T11:28:11Z,pre,4096x4096,V1,7,NA,58.25,NA,12904,NA,"0%@729,0%@729,0%@729,0%@729,0%@729,0%@729",3091,7620,"08-31-2026 19:28:11 RAM 3091/7620MB (lfb 9x4MB) SWAP 6/3810MB (cached 0MB) CPU [0%@729,0%@729,0%@729,0%@729,0%@729,0%@729] GR3D_FREQ 0% cpu@57.156C soc2@56.187C soc0@56.593C gpu@58.25C tj@58.25C soc1@56.343C VDD_IN 12904mW/12904mW VDD_CPU_GPU_CV 3663mW/3663mW VDD_SOC 4145mW/4145mW"
2026-08-31T11:28:13Z,post,4096x4096,V1,7,NA,58.437,NA,13585,NA,"0%@729,0%@729,0%@729,0%@729,8%@729,0%@729",3093,7620,"08-31-2026 19:28:13 RAM 3093/7620MB (lfb 9x4MB) SWAP 6/3810MB (cached 0MB) CPU [0%@729,0%@729,0%@729,0%@729,8%@729,0%@729] GR3D_FREQ 0% cpu@57.5C soc2@56.5C soc0@56.593C gpu@58.437C tj@58.437C soc1@56.5C VDD_IN 13585mW/13585mW VDD_CPU_GPU_CV 4053mW/4053mW VDD_SOC 4372mW/4372mW"
2026-08-31T11:28:14Z,pre,4096x4096,V3,7,NA,58.281,NA,12494,NA,"0%@729,0%@729,0%@729,0%@729,0%@729,0%@729",3093,7620,"08-31-2026 19:28:14 RAM 3093/7620MB (lfb 9x4MB) SWAP 6/3810MB (cached 0MB) CPU [0%@729,0%@729,0%@729,0%@729,0%@729,0%@729] GR3D_FREQ 0% cpu@57.5C soc2@56.25C soc0@56.625C gpu@58.281C tj@58.281C soc1@56.343C VDD_IN 12494mW/12494mW VDD_CPU_GPU_CV 3552mW/3552mW VDD_SOC 4027mW/4027mW"
2026-08-31T11:28:16Z,post,4096x4096,V3,7,NA,58.531,NA,12826,NA,"9%@806,0%@806,0%@806,0%@806,0%@729,0%@729",3093,7620,"08-31-2026 19:28:15 RAM 3093/7620MB (lfb 9x4MB) SWAP 6/3810MB (cached 0MB) CPU [9%@806,0%@806,0%@806,0%@806,0%@729,0%@729] GR3D_FREQ 0% cpu@57.312C soc2@56.375C soc0@56.593C gpu@58.531C tj@58.531C soc1@56.531C VDD_IN 12826mW/12826mW VDD_CPU_GPU_CV 3936mW/3936mW VDD_SOC 4027mW/4027mW"
