Time (%),Total Time (ns),Instances,Avg (ns),Med (ns),Min (ns),Max (ns),StdDev (ns),Range
87.8,7215997664,1,7215997664.0,7215997664.0,7215997664,7215997664,0.0,:PHASE3B_INIT
2.5,207550336,28,7412512.0,136688.0,99744,87933888,18393868.9,TensorRT:ExecutionContext::enqueue
2.4,195640896,7,27948699.4,15172704.0,11561472,86332672,27652080.4,TensorRT:{ForeignNode[/Cast.../Add_111]}
2.1,172736576,1,172736576.0,172736576.0,172736576,172736576,0.0,:PHASE3B_WARMUP
0.8,67147072,1,67147072.0,67147072.0,67147072,67147072,0.0,:PHASE3B_STEADY_DECODE_STEP_0
0.7,58274784,1,58274784.0,58274784.0,58274784,58274784,0.0,:PHASE3B_STEADY_DECODE_STEP_1
0.6,49748960,7,7106994.3,50272.0,27072,49474816,18682457.2,myelin-exec:/up_proj/MatMul
0.5,41980800,1,41980800.0,41980800.0,41980800,41980800,0.0,:PHASE3B_STEADY_DECODE_STEP_3
0.5,39029280,567,68834.7,32608.0,21888,341408,61577.7,myelin-exec:__myl_FcCas
0.4,36746592,1,36746592.0,36746592.0,36746592,36746592,0.0,:PHASE3B_STEADY_DECODE_STEP_2
0.4,33651328,1,33651328.0,33651328.0,33651328,33651328,0.0,:PHASE3B_STEADY_PREFILL_S8
0.2,14524928,217,66935.2,29504.0,21856,202240,60448.3,myelin-exec:__myl_FcAdd
0.2,13069696,189,69151.8,30752.0,23744,317120,64159.2,myelin-exec:__myl_FcCasNegExpAddDivMulMul
0.1,12111808,175,69210.3,31520.0,24032,198816,61408.9,myelin-exec:__myl_FcCasAdd
0.1,6403648,384,16676.2,14624.0,11232,50336,4976.1,myelin-exec:__myl_ResMulMea
0.0,3661664,189,19373.9,18048.0,12448,45056,4726.4,myelin-exec:__myl_MulMeaAddSqrDivMulMulMulMinMaxRouCas
0.0,2237184,100,22371.8,21040.0,13728,85792,9068.2,myelin-exec:__myl_MulMinMaxRouCas
0.0,2183168,108,20214.5,20064.0,14048,50752,6188.7,myelin-exec:__myl_ResConResRep
0.0,2042432,112,18236.0,18208.0,13280,23264,2656.6,myelin-exec:__myl_MulMaxSubExpSumDivMul
0.0,2028352,108,18781.0,19536.0,14080,27744,3100.5,myelin-exec:__myl_AddSqrDivMulMulResSliSliNegConMulMulAddConResRepResTra
0.0,1635616,84,19471.6,19088.0,12672,45248,5933.2,myelin-exec:__myl_ResTraResSliRepRes
0.0,1607744,104,15459.1,13488.0,12320,24544,3718.6,myelin-exec:__myl_MulMeaAddSqrDivMulDivMinMaxRouCasDivMinMaxRouCasDivMinMaxRouCas
0.0,1585920,84,18880.0,18656.0,13280,29248,2960.0,myelin-exec:_gemm_mha_v2
0.0,1558560,78,19981.5,17472.0,14176,33600,5442.3,myelin-exec:__myl_MulMeaAddSqrDivMulMulMinMaxRouCasMulMinMaxRouCasMulMinMaxRouCas
0.0,1518496,81,18746.9,18272.0,12896,81856,7668.1,myelin-exec:__myl_AddSqrDivMulMulTraSliSliNegConMulMulAddResSliRepResTraRes
0.0,1444704,108,13376.9,12336.0,10880,21120,2409.5,myelin-exec:__myl_AddSqrDivMulMulResSliSliNegConMulMulAdd
0.0,1183488,81,14611.0,13280.0,11040,26688,3245.3,myelin-exec:__myl_AddSqrDivMulMulTraSliSliNegConMulMulAddRes
0.0,941312,75,12550.8,11776.0,10368,19200,2012.4,myelin-exec:__myl_ResTra
0.0,805536,7,115076.6,113632.0,104768,137824,11828.0,TensorRT:{ForeignNode[/Cast.../Cast_1]}
0.0,786432,7,112347.4,111360.0,95456,129536,12737.8,TensorRT:{ForeignNode[onnx::MatMul_4 + ONNXTRT_Broadcast.../MatMul]}
0.0,714464,11,64951.3,65504.0,41120,99072,15986.5,myelin-exec:/MatMul
0.0,705248,7,100749.7,93088.0,86624,127648,14960.5,TensorRT:{ForeignNode[ONNXTRT_castHelper.../Gather]}
0.0,446208,7,63744.0,47104.0,33760,162624,45022.3,myelin-exec:/up_proj_1/MatMul
0.0,327040,7,46720.0,46496.0,35200,59712,9095.7,myelin-exec:__myl_MovMulMeaAddSqrDivMulMulCas
0.0,323968,7,46281.1,50112.0,21984,70912,16364.3,myelin-exec:/up_proj_27/MatMul
0.0,315776,7,45110.9,49760.0,22368,68896,16329.7,myelin-exec:/up_proj_4/MatMul
0.0,315296,7,45042.3,41984.0,21440,69888,15436.3,myelin-exec:/up_proj_7/MatMul
0.0,315200,7,45028.6,48608.0,25120,70624,14835.9,myelin-exec:/v_proj_2/MatMul+/k_proj_2/MatMul+/q_proj_2/MatMul
0.0,313856,7,44836.6,51424.0,20704,69216,17839.1,myelin-exec:/up_proj_11/MatMul
0.0,313024,7,44717.7,44992.0,37248,55552,7279.3,myelin-exec:__myl_CasGat
0.0,312064,7,44580.6,47072.0,22240,72160,16434.6,myelin-exec:/up_proj_18/MatMul
0.0,311840,7,44548.6,43680.0,20736,77408,17850.2,myelin-exec:/up_proj_17/MatMul
0.0,311616,7,44516.6,45024.0,21536,81280,19232.5,myelin-exec:/up_proj_8/MatMul
0.0,311456,7,44493.7,45728.0,21056,73184,18527.0,myelin-exec:/up_proj_24/MatMul
0.0,311360,7,44480.0,43520.0,26144,73568,14800.7,myelin-exec:/up_proj_2/MatMul
0.0,308992,7,44141.7,44704.0,21728,67552,16532.5,myelin-exec:/up_proj_23/MatMul
0.0,308192,7,44027.4,42016.0,24320,62912,12063.1,myelin-exec:/up_proj_3/MatMul
0.0,308032,7,44004.6,46240.0,20672,75936,18645.1,myelin-exec:/up_proj_21/MatMul
0.0,303168,7,43309.7,45536.0,20992,69888,16825.1,myelin-exec:/up_proj_15/MatMul
0.0,302368,7,43195.4,46432.0,21760,71168,16949.3,myelin-exec:/up_proj_26/MatMul
0.0,296384,7,42340.6,43008.0,21504,70624,17163.7,myelin-exec:/up_proj_22/MatMul
0.0,295072,7,42153.1,41408.0,19296,74784,17740.1,myelin-exec:/up_proj_13/MatMul
0.0,294016,7,42002.3,41792.0,21440,66816,16463.0,myelin-exec:/up_proj_20/MatMul
0.0,293408,7,41915.4,44768.0,21472,65248,14954.2,myelin-exec:/up_proj_16/MatMul
0.0,293408,7,41915.4,42240.0,21664,65312,13979.6,myelin-exec:/up_proj_5/MatMul
0.0,293120,7,41874.3,44544.0,20384,67808,15654.7,myelin-exec:/up_proj_12/MatMul
0.0,291968,7,41709.7,44672.0,20352,71520,17345.0,myelin-exec:/up_proj_14/MatMul
0.0,289472,7,41353.1,39808.0,20096,69728,17346.7,myelin-exec:/up_proj_25/MatMul
0.0,287584,7,41083.4,40672.0,21120,65568,15836.0,myelin-exec:/up_proj_19/MatMul
0.0,287264,14,20518.9,18272.0,15072,33952,5758.2,myelin-exec:__myl_MulMeaAddSqrDivMulMul
0.0,286656,7,40950.9,40128.0,20768,70784,15916.8,myelin-exec:/up_proj_9/MatMul
0.0,282048,7,40292.6,41152.0,21280,65920,14540.7,myelin-exec:/up_proj_6/MatMul
0.0,280672,7,40096.0,41856.0,21152,68512,15957.5,myelin-exec:/up_proj_10/MatMul
0.0,272128,4,68032.0,58080.0,43488,112480,31113.3,myelin-exec:/MatMul_12
0.0,257088,4,64272.0,37072.0,32448,150496,57535.2,myelin-exec:__myl_FcNegExpAddDivMulMul
0.0,251008,4,62752.0,56864.0,48224,89056,18587.3,myelin-exec:/MatMul_30
0.0,234368,4,58592.0,52272.0,46880,82944,16782.5,myelin-exec:__myl_MovMulMeaAddSqrDivMulDivMinMaxRouCasDivMinMaxRouCasDivMinMaxRouCas
0.0,221120,4,55280.0,51216.0,47584,71104,10689.7,myelin-exec:/MatMul_24
0.0,220704,4,55176.0,54032.0,44864,67776,10079.1,myelin-exec:/MatMul_31
0.0,219232,4,54808.0,56128.0,48384,58592,4468.1,myelin-exec:/MatMul_2
0.0,219200,4,54800.0,52000.0,46112,69088,10190.4,myelin-exec:/MatMul_44
0.0,218528,4,54632.0,53520.0,45408,66080,8633.8,myelin-exec:/MatMul_52
0.0,217952,4,54488.0,51584.0,46496,68288,9576.8,myelin-exec:/MatMul_22
0.0,214336,4,53584.0,51872.0,45824,64768,8847.2,myelin-exec:/MatMul_23
0.0,213536,4,53384.0,49344.0,43968,70880,12499.5,myelin-exec:/MatMul_49
0.0,211104,4,52776.0,48064.0,46144,68832,10776.7,myelin-exec:/MatMul_5
0.0,210624,4,52656.0,49120.0,44832,67552,10175.5,myelin-exec:/MatMul_20
0.0,210240,4,52560.0,52544.0,50272,54880,2018.5,myelin-exec:/MatMul_1
0.0,210112,4,52528.0,45280.0,43296,76256,15847.3,myelin-exec:/MatMul_16
0.0,209984,4,52496.0,50784.0,44512,63904,8244.1,myelin-exec:/MatMul_55
0.0,209888,4,52472.0,46720.0,45408,71040,12394.1,myelin-exec:/MatMul_38
0.0,208768,4,52192.0,51664.0,47072,58368,5893.5,myelin-exec:/MatMul_17
0.0,208448,4,52112.0,48192.0,42016,70048,12449.6,myelin-exec:/MatMul_36
0.0,208128,4,52032.0,48128.0,40320,71552,14326.9,myelin-exec:/MatMul_50
0.0,207424,4,51856.0,46416.0,43648,70944,12951.3,myelin-exec:/MatMul_40
0.0,206016,4,51504.0,49120.0,46400,61376,6774.4,myelin-exec:/MatMul_39
0.0,205184,4,51296.0,47120.0,40704,70240,12986.5,myelin-exec:/MatMul_46
0.0,204128,4,51032.0,50736.0,41056,61600,8397.0,myelin-exec:/MatMul_25
0.0,203680,4,50920.0,48144.0,40992,66400,10871.3,myelin-exec:/MatMul_54
0.0,203104,4,50776.0,46064.0,41248,69728,12927.7,myelin-exec:/MatMul_42
0.0,202368,4,50592.0,47744.0,40864,66016,10835.1,myelin-exec:/MatMul_8
0.0,201088,4,50272.0,48880.0,39520,63808,12388.3,myelin-exec:/MatMul_51
0.0,201024,4,50256.0,48864.0,43840,59456,6771.3,myelin-exec:/MatMul_33
0.0,200992,4,50248.0,50704.0,42976,56608,6303.7,myelin-exec:/MatMul_18
0.0,200928,4,50232.0,48768.0,40896,62496,9599.7,myelin-exec:/MatMul_45
0.0,199744,4,49936.0,46800.0,42336,63808,9561.9,myelin-exec:/MatMul_13
0.0,199680,4,49920.0,47936.0,38432,65376,11396.6,myelin-exec:/MatMul_47
0.0,198976,4,49744.0,45456.0,41056,67008,11747.3,myelin-exec:/MatMul_27
0.0,198880,4,49720.0,49984.0,48224,50688,1112.9,myelin-exec:/MatMul_3
0.0,198880,4,49720.0,45696.0,42496,64992,10487.3,myelin-exec:/MatMul_43
0.0,198400,4,49600.0,47056.0,41120,63168,9472.3,myelin-exec:/MatMul_29
0.0,198336,4,49584.0,46128.0,39392,66688,11838.6,myelin-exec:/MatMul_15
0.0,197216,4,49304.0,45392.0,40992,65440,11065.2,myelin-exec:/MatMul_11
0.0,197056,4,49264.0,46160.0,43904,60832,7805.2,myelin-exec:/MatMul_21
0.0,196096,4,49024.0,45616.0,41984,62880,9433.0,myelin-exec:/MatMul_26
0.0,196000,4,49000.0,48896.0,47040,51168,2029.0,myelin-exec:/MatMul_4
0.0,195264,4,48816.0,45680.0,42240,61664,9053.3,myelin-exec:/MatMul_35
0.0,195072,4,48768.0,49088.0,43296,53600,4376.5,myelin-exec:/MatMul_32
0.0,194432,4,48608.0,46352.0,41344,60384,9137.9,myelin-exec:/MatMul_10
0.0,193824,4,48456.0,45168.0,40864,62624,9661.2,myelin-exec:/MatMul_28
0.0,193248,4,48312.0,45008.0,40064,63168,10476.0,myelin-exec:/MatMul_41
0.0,193152,4,48288.0,46480.0,38080,62112,10892.3,myelin-exec:/MatMul_37
0.0,192960,4,48240.0,43680.0,42176,63424,10147.5,myelin-exec:/MatMul_53
0.0,192352,4,48088.0,46912.0,42880,55648,6033.1,myelin-exec:/MatMul_34
0.0,191744,4,47936.0,45712.0,40736,59584,8567.4,myelin-exec:/MatMul_6
0.0,190112,4,47528.0,44992.0,41632,58496,7498.0,myelin-exec:/MatMul_48
0.0,189312,4,47328.0,44080.0,40992,60160,9015.0,myelin-exec:/MatMul_19
0.0,189216,4,47304.0,45312.0,39552,59040,9118.1,myelin-exec:/MatMul_14
0.0,187360,4,46840.0,47136.0,41824,51264,5013.0,myelin-exec:/MatMul_9
0.0,174592,4,43648.0,42192.0,39424,50784,5362.7,myelin-exec:/MatMul_7
0.0,157152,3,52384.0,55968.0,41952,59232,9180.6,myelin-exec:__myl_RepIotIotRepCasAddCasEqlLtOrSel
0.0,151456,8,18932.0,17584.0,15072,29440,4437.3,myelin-exec:__myl_MovResMulMea
0.0,113632,4,28408.0,27136.0,23072,36288,5616.1,myelin-exec:__myl_MovResConResRep
0.0,98304,3,32768.0,32224.0,31104,34976,1992.5,myelin-exec:__myl_MovMulMeaAddSqrDivMulMulMinMaxRouCasMulMinMaxRouCasMulMinMaxRouCas
0.0,97152,3,32384.0,27232.0,21408,48512,14267.6,myelin-exec:/gate_proj_27/MatMul
0.0,91424,4,22856.0,23008.0,21376,24032,1380.4,myelin-exec:__myl_CasResMulConSinResCosResAddSqrAddSqrDivMulDivMulMulResSliSliNegConMulMulAddConResRepResTraEtc
0.0,66944,3,22314.7,21408.0,20000,25536,2877.2,myelin-exec:__myl_CasResMulConSinResCosResAddSqrAddSqrDivMulDivMulMulTraSliSliNegConMulMulAddResSliRepResTraEtc
0.0,59072,3,19690.7,19520.0,15776,23776,4002.7,myelin-exec:__myl_NegExpAddDivMulMul
0.0,42304,4,10576.0,9936.0,8736,13696,2234.3,myelin-exec:__mye676844
0.0,41728,4,10432.0,3440.0,2720,32128,14469.0,myelin-exec:__mye677204
0.0,32288,3,10762.7,10368.0,8832,13088,2155.3,myelin-exec:__mye725921
0.0,30464,4,7616.0,7088.0,6400,9888,1577.9,myelin-exec:__mye676846
0.0,25472,4,6368.0,6832.0,4672,7136,1141.6,myelin-exec:__mye676880
0.0,24128,4,6032.0,5888.0,4928,7424,1221.7,myelin-exec:__mye676854
0.0,24128,3,8042.7,7936.0,5408,10784,2689.6,myelin-exec:__mye725923
0.0,23200,3,7733.3,5312.0,4000,13888,5370.3,myelin-exec:__mye725935
0.0,21728,4,5432.0,5120.0,4256,7232,1267.5,myelin-exec:__mye676858
0.0,19968,4,4992.0,5200.0,3904,5664,835.7,myelin-exec:__mye677160
0.0,19904,4,4976.0,4640.0,4224,6400,970.8,myelin-exec:__mye677132
0.0,19904,4,4976.0,4912.0,4160,5920,728.1,myelin-exec:__mye677230
0.0,19616,4,4904.0,4448.0,3808,6912,1396.9,myelin-exec:__mye676978
0.0,19232,4,4808.0,4816.0,3776,5824,841.1,myelin-exec:__mye677174
0.0,19200,4,4800.0,4688.0,4320,5504,504.6,myelin-exec:__mye677146
0.0,19136,4,4784.0,4480.0,4256,5920,771.8,myelin-exec:__mye677076
0.0,19104,4,4776.0,4656.0,3904,5888,834.2,myelin-exec:__mye676950
0.0,19040,4,4760.0,4416.0,3776,6432,1203.7,myelin-exec:__mye676922
0.0,18752,4,4688.0,4128.0,3968,6528,1231.5,myelin-exec:__mye676992
0.0,18528,4,4632.0,4624.0,3616,5664,848.4,myelin-exec:__mye677034
0.0,18432,4,4608.0,4512.0,4224,5184,408.1,myelin-exec:__mye677090
0.0,18304,4,4576.0,4576.0,3776,5376,678.3,myelin-exec:__mye677020
0.0,18240,4,4560.0,4176.0,3776,6112,1055.7,myelin-exec:__mye677202
0.0,18208,4,4552.0,4224.0,3680,6080,1089.1,myelin-exec:__mye676936
0.0,18112,4,4528.0,4304.0,3584,5920,1012.8,myelin-exec:__mye676894
0.0,18016,4,4504.0,4192.0,3936,5696,805.5,myelin-exec:__mye677104
0.0,18016,4,4504.0,4112.0,3872,5920,955.1,myelin-exec:__mye677216
0.0,17952,4,4488.0,4336.0,3616,5664,969.0,myelin-exec:__mye676908
0.0,17952,4,4488.0,4176.0,3744,5856,935.3,myelin-exec:__mye677006
0.0,17728,4,4432.0,4400.0,3392,5536,878.5,myelin-exec:__mye677048
0.0,17600,3,5866.7,3552.0,3168,10880,4345.9,myelin-exec:__mye725937
0.0,17568,4,4392.0,4320.0,3744,5184,726.1,myelin-exec:__mye676964
0.0,17504,4,4376.0,4240.0,4064,4960,408.4,myelin-exec:__mye677118
0.0,17440,4,4360.0,3184.0,2816,8256,2608.7,myelin-exec:__mye677210
0.0,17408,4,4352.0,4432.0,3744,4800,519.3,myelin-exec:__mye677172
0.0,17344,4,4336.0,4096.0,3392,5760,1008.7,myelin-exec:__mye677188
0.0,17312,4,4328.0,4224.0,3232,5632,1169.5,myelin-exec:__mye676848
0.0,17120,4,4280.0,4128.0,3584,5280,737.3,myelin-exec:__mye677062
0.0,17024,4,4256.0,4080.0,3904,4960,478.2,myelin-exec:__mye676850
0.0,16672,4,4168.0,4192.0,3200,5088,782.3,myelin-exec:__mye676948
0.0,16608,3,5536.0,5344.0,5248,6016,418.5,myelin-exec:__mye725957
0.0,16576,4,4144.0,4128.0,3712,4608,374.6,myelin-exec:__mye676852
0.0,16512,4,4128.0,4160.0,3648,4544,390.2,myelin-exec:__mye677074
0.0,16320,4,4080.0,4224.0,3392,4480,475.0,myelin-exec:__mye677228
0.0,16288,4,4072.0,3984.0,3424,4896,691.5,myelin-exec:__mye676856
0.0,16256,4,4064.0,3520.0,3392,5824,1176.0,myelin-exec:__mye677002
0.0,16192,4,4048.0,4048.0,3456,4640,485.0,myelin-exec:__mye677130
0.0,16160,4,4040.0,4224.0,3040,4672,716.7,myelin-exec:__mye677242
0.0,16128,4,4032.0,4160.0,3488,4320,371.3,myelin-exec:__mye676882
0.0,16128,4,4032.0,4016.0,3008,5088,871.7,myelin-exec:__mye677004
0.0,16128,4,4032.0,4192.0,3136,4608,628.7,myelin-exec:__mye677032
0.0,16064,4,4016.0,4064.0,3264,4672,605.8,myelin-exec:__mye676890
0.0,16032,4,4008.0,3856.0,2976,5344,1020.1,myelin-exec:__mye676862
0.0,16000,4,4000.0,3952.0,2912,5184,1047.4,myelin-exec:__mye677180
0.0,15968,4,3992.0,3840.0,3360,4928,723.3,myelin-exec:__mye676932
0.0,15584,4,3896.0,3712.0,3488,4672,530.6,myelin-exec:__mye676878
0.0,15488,4,3872.0,3584.0,2848,5472,1141.0,myelin-exec:__mye677170
0.0,15424,3,5141.3,4736.0,3904,6784,1482.2,myelin-exec:__mye725985
0.0,15392,4,3848.0,3664.0,3328,4736,616.3,myelin-exec:__mye677186
0.0,15360,3,5120.0,5120.0,4000,6240,1120.0,myelin-exec:__mye725971
0.0,15328,4,3832.0,3376.0,3168,5408,1056.0,myelin-exec:__mye677226
0.0,15296,4,3824.0,3312.0,3264,5408,1056.3,myelin-exec:__mye676868
0.0,15296,4,3824.0,3488.0,3008,5312,1050.5,myelin-exec:__mye676988
0.0,15200,4,3800.0,3312.0,3136,5440,1102.8,myelin-exec:__mye677156
0.0,15168,4,3792.0,3776.0,3040,4576,653.5,myelin-exec:__mye676934
0.0,15136,4,3784.0,3776.0,2976,4608,668.4,myelin-exec:__mye677018
0.0,15104,4,3776.0,3712.0,3040,4640,698.2,myelin-exec:__mye676874
0.0,15104,4,3776.0,3616.0,3168,4704,666.6,myelin-exec:__mye676976
0.0,15072,4,3768.0,3712.0,3424,4224,368.0,myelin-exec:__mye676892
0.0,15040,4,3760.0,3632.0,3136,4640,632.8,myelin-exec:__mye676920
0.0,15040,4,3760.0,3616.0,2944,4864,942.6,myelin-exec:__mye677100
0.0,15040,4,3760.0,3840.0,3072,4288,581.0,myelin-exec:__mye677152
0.0,14976,4,3744.0,3680.0,2880,4736,804.9,myelin-exec:__mye677116
0.0,14944,4,3736.0,3792.0,3008,4352,641.8,myelin-exec:__mye677144
0.0,14912,4,3728.0,3792.0,2688,4640,909.0,myelin-exec:__mye676906
0.0,14912,4,3728.0,3600.0,3072,4640,693.5,myelin-exec:__mye677044
0.0,14912,4,3728.0,3584.0,3328,4416,499.5,myelin-exec:__mye677166
0.0,14848,3,4949.3,5024.0,3456,6368,1457.4,myelin-exec:__mye726181
0.0,14816,4,3704.0,3296.0,3104,5120,949.8,myelin-exec:__mye676956
0.0,14816,3,4938.7,4416.0,4352,6048,961.2,myelin-exec:__mye725931
0.0,14720,4,3680.0,3280.0,2976,5184,1013.6,myelin-exec:__mye677030
0.0,14624,3,4874.7,3808.0,3808,7008,1847.5,myelin-exec:__mye726307
0.0,14592,4,3648.0,3632.0,3296,4032,333.6,myelin-exec:__mye677088
0.0,14560,3,4853.3,4576.0,4448,5536,594.7,myelin-exec:__mye725999
0.0,14560,3,4853.3,4512.0,3968,6080,1096.6,myelin-exec:__mye726195
0.0,14528,3,4842.7,3808.0,3712,7008,1875.8,myelin-exec:__mye726167
0.0,14496,4,3624.0,3440.0,2976,4640,794.4,myelin-exec:__mye677158
0.0,14496,3,4832.0,4128.0,3776,6592,1534.3,myelin-exec:__mye726293
0.0,14464,4,3616.0,3296.0,3008,4864,843.4,myelin-exec:__mye676860
0.0,14464,4,3616.0,3248.0,2944,5024,949.6,myelin-exec:__mye676900
0.0,14464,4,3616.0,3600.0,3328,3936,287.4,myelin-exec:__mye677208
0.0,14464,4,3616.0,3552.0,2688,4672,914.5,myelin-exec:__mye677214
0.0,14432,4,3608.0,3536.0,3296,4064,366.1,myelin-exec:__mye677222
0.0,14368,4,3592.0,3040.0,2816,5472,1267.5,myelin-exec:__mye676946
0.0,14272,3,4757.3,4608.0,4160,5504,684.3,myelin-exec:__mye726223
0.0,14240,3,4746.7,4736.0,4256,5248,496.1,myelin-exec:__mye726027
0.0,14208,4,3552.0,3488.0,2848,4384,683.3,myelin-exec:__mye676984
0.0,14208,4,3552.0,3328.0,3104,4448,620.5,myelin-exec:__mye677114
0.0,14208,3,4736.0,4672.0,4320,5216,451.4,myelin-exec:__mye726041
0.0,14176,4,3544.0,3584.0,3072,3936,356.7,myelin-exec:__mye676990
0.0,14176,4,3544.0,3584.0,2816,4192,621.3,myelin-exec:__mye677102
0.0,14176,4,3544.0,3376.0,2816,4608,858.4,myelin-exec:__mye677124
0.0,14176,4,3544.0,3600.0,2816,4160,578.0,myelin-exec:__mye677138
0.0,14144,4,3536.0,3392.0,2816,4544,725.3,myelin-exec:__mye676904
0.0,14080,4,3520.0,3360.0,2784,4576,776.4,myelin-exec:__mye676918
0.0,14016,3,4672.0,4032.0,3968,6016,1164.4,myelin-exec:__mye726237
0.0,13984,4,3496.0,3264.0,2880,4576,742.9,myelin-exec:__mye677086
0.0,13984,4,3496.0,3280.0,2976,4448,651.8,myelin-exec:__mye677198
0.0,13984,3,4661.3,5056.0,3584,5344,944.0,myelin-exec:__mye726083
0.0,13920,3,4640.0,4512.0,3904,5504,807.6,myelin-exec:__mye726139
0.0,13888,4,3472.0,3408.0,3008,4064,452.9,myelin-exec:__mye676942
0.0,13888,4,3472.0,3232.0,3136,4288,548.4,myelin-exec:__mye677142
0.0,13888,4,3472.0,3536.0,2752,4064,606.3,myelin-exec:__mye677182
0.0,13856,4,3464.0,3360.0,2816,4320,668.4,myelin-exec:__mye677054
0.0,13856,4,3464.0,2960.0,2912,5024,1040.3,myelin-exec:__mye677184
0.0,13824,4,3456.0,3360.0,2912,4192,544.3,myelin-exec:__mye676998
0.0,13792,4,3448.0,3312.0,3136,4032,415.1,myelin-exec:__mye677058
0.0,13792,4,3448.0,3040.0,2816,4896,971.4,myelin-exec:__mye677224
0.0,13792,3,4597.3,4384.0,3552,5856,1166.7,myelin-exec:__mye726013
0.0,13760,4,3440.0,3424.0,2848,4064,497.5,myelin-exec:__mye677200
0.0,13760,4,3440.0,3264.0,3008,4224,552.1,myelin-exec:__mye677236
0.0,13760,3,4586.7,4320.0,3200,6240,1537.4,myelin-exec:__mye726279
0.0,13728,4,3432.0,3280.0,2784,4384,679.5,myelin-exec:__mye676916
0.0,13696,4,3424.0,3280.0,3008,4128,524.5,myelin-exec:__mye676970
0.0,13664,4,3416.0,3216.0,2784,4448,743.8,myelin-exec:__mye677168
0.0,13632,4,3408.0,3120.0,3008,4384,654.0,myelin-exec:__mye677110
0.0,13600,4,3400.0,3504.0,2816,3776,410.1,myelin-exec:__mye676896
0.0,13568,4,3392.0,3280.0,2944,4064,489.5,myelin-exec:__mye677026
0.0,13568,4,3392.0,2960.0,2752,4896,1011.6,myelin-exec:__mye677072
0.0,13568,3,4522.7,3968.0,3904,5696,1016.6,myelin-exec:__mye725925
0.0,13536,4,3384.0,3328.0,2976,3904,384.3,myelin-exec:__mye677042
0.0,13536,4,3384.0,3152.0,2784,4448,771.3,myelin-exec:__mye677212
0.0,13536,3,4512.0,4416.0,3584,5536,979.5,myelin-exec:__mye726125
0.0,13504,4,3376.0,3408.0,3232,3456,99.5,myelin-exec:__mye676876
0.0,13504,4,3376.0,3152.0,2688,4512,793.6,myelin-exec:__mye676986
0.0,13504,4,3376.0,3216.0,2912,4160,576.3,myelin-exec:__mye677040
0.0,13472,4,3368.0,3120.0,2784,4448,786.6,myelin-exec:__mye677240
0.0,13440,3,4480.0,4608.0,3616,5216,807.6,myelin-exec:__mye726265
0.0,13408,4,3352.0,3184.0,3040,4000,442.2,myelin-exec:__mye676902
0.0,13408,4,3352.0,3216.0,2976,4000,448.3,myelin-exec:__mye676974
0.0,13376,4,3344.0,3232.0,2752,4160,625.2,myelin-exec:__mye677126
0.0,13344,4,3336.0,3216.0,2816,4096,544.5,myelin-exec:__mye677096
0.0,13344,4,3336.0,3184.0,2816,4160,638.1,myelin-exec:__mye677194
0.0,13312,4,3328.0,3168.0,2848,4128,556.7,myelin-exec:__mye676928
0.0,13312,3,4437.3,3552.0,3168,6592,1875.8,myelin-exec:__mye725939
0.0,13280,4,3320.0,3168.0,3040,3904,394.8,myelin-exec:__mye676930
0.0,13280,4,3320.0,3120.0,2784,4256,645.0,myelin-exec:__mye677056
0.0,13216,3,4405.3,3968.0,3648,5600,1046.9,myelin-exec:__mye726069
0.0,13184,4,3296.0,3232.0,2464,4256,799.4,myelin-exec:__mye676962
0.0,13152,4,3288.0,3024.0,2752,4352,720.9,myelin-exec:__mye676944
0.0,13152,4,3288.0,3008.0,2656,4480,815.6,myelin-exec:__mye676958
0.0,13152,4,3288.0,2864.0,2528,4896,1085.6,myelin-exec:__mye677014
0.0,13152,4,3288.0,3024.0,2528,4576,890.8,myelin-exec:__mye677154
0.0,13120,4,3280.0,3088.0,2784,4160,643.5,myelin-exec:__mye677000
0.0,13120,4,3280.0,3088.0,2816,4128,591.5,myelin-exec:__mye677098
0.0,13088,4,3272.0,3360.0,2656,3712,449.8,myelin-exec:__mye677046
0.0,13056,4,3264.0,3104.0,2848,4000,546.8,myelin-exec:__mye676972
0.0,13056,4,3264.0,3040.0,2784,4192,643.7,myelin-exec:__mye677238
0.0,13024,4,3256.0,3040.0,2880,4064,543.9,myelin-exec:__mye676914
0.0,12928,4,3232.0,3232.0,2784,3680,374.1,myelin-exec:__mye676888
0.0,12896,4,3224.0,3040.0,2752,4064,585.6,myelin-exec:__mye677112
0.0,12896,3,4298.7,3744.0,3616,5536,1073.5,myelin-exec:__mye726209
0.0,12896,3,4298.7,3712.0,3680,5504,1044.0,myelin-exec:__mye726321
0.0,12864,3,4288.0,3648.0,3424,5792,1307.3,myelin-exec:__mye726111
0.0,12768,4,3192.0,3232.0,2496,3808,609.6,myelin-exec:__mye677176
0.0,12768,3,4256.0,3872.0,3712,5184,807.6,myelin-exec:__mye726097
0.0,12704,4,3176.0,3040.0,2688,3936,538.9,myelin-exec:__mye677084
0.0,12672,3,4224.0,4480.0,3520,4672,617.2,myelin-exec:__mye726055
0.0,12640,4,3160.0,3056.0,2496,4032,645.0,myelin-exec:__mye677082
0.0,12640,4,3160.0,2864.0,2816,4096,625.6,myelin-exec:__mye677196
0.0,12640,3,4213.3,3680.0,3456,5504,1123.3,myelin-exec:__mye726251
0.0,12608,4,3152.0,2928.0,2624,4128,666.4,myelin-exec:__mye677028
0.0,12576,4,3144.0,3040.0,2976,3520,257.8,myelin-exec:__mye677012
0.0,12576,4,3144.0,2672.0,2496,4736,1065.3,myelin-exec:__mye677016
0.0,12576,4,3144.0,3024.0,2688,3840,491.9,myelin-exec:__mye677128
0.0,12544,4,3136.0,3152.0,3008,3232,94.2,myelin-exec:__mye677060
0.0,12512,4,3128.0,3024.0,2688,3776,482.0,myelin-exec:__mye677140
0.0,12480,4,3120.0,2832.0,2784,4032,609.7,myelin-exec:__mye676960
0.0,12384,4,3096.0,3136.0,2816,3296,240.0,myelin-exec:__mye677036
0.0,12384,4,3096.0,3088.0,2624,3584,478.5,myelin-exec:__mye677218
0.0,12224,4,3056.0,3072.0,2720,3360,263.2,myelin-exec:__mye677022
0.0,12224,4,3056.0,3152.0,2432,3488,446.9,myelin-exec:__mye677106
0.0,12192,4,3048.0,2784.0,2688,3936,596.0,myelin-exec:__mye677070
0.0,12192,3,4064.0,3840.0,3712,4640,502.9,myelin-exec:__mye726325
0.0,12160,3,4053.3,3200.0,3072,5888,1590.2,myelin-exec:__mye725945
0.0,12128,4,3032.0,2944.0,2656,3584,400.0,myelin-exec:__mye677232
0.0,12064,4,3016.0,3216.0,2240,3392,531.9,myelin-exec:__mye676924
0.0,12032,4,3008.0,3040.0,2656,3296,275.3,myelin-exec:__mye677078
0.0,12032,4,3008.0,2944.0,2848,3296,212.3,myelin-exec:__mye677162
0.0,12000,3,4000.0,3200.0,2912,5888,1641.4,myelin-exec:__mye726219
0.0,11968,3,3989.3,3744.0,3136,5088,998.9,myelin-exec:__mye726153
0.0,11936,4,2984.0,2928.0,2624,3456,425.6,myelin-exec:__mye676886
0.0,11936,4,2984.0,2768.0,2656,3744,510.9,myelin-exec:__mye676980
0.0,11936,3,3978.7,3840.0,3008,5088,1046.9,myelin-exec:__mye726275
0.0,11904,4,2976.0,2960.0,2720,3264,226.3,myelin-exec:__mye677134
0.0,11872,4,2968.0,3040.0,2528,3264,312.9,myelin-exec:__mye676884
0.0,11872,4,2968.0,2944.0,2240,3744,758.3,myelin-exec:__mye676966
0.0,11872,3,3957.3,3168.0,3104,5600,1423.0,myelin-exec:__mye726261
0.0,11840,4,2960.0,2912.0,2240,3776,642.9,myelin-exec:__mye676952
0.0,11808,4,2952.0,2832.0,2688,3456,354.8,myelin-exec:__mye676872
0.0,11808,4,2952.0,2928.0,2816,3136,139.2,myelin-exec:__mye677068
0.0,11808,4,2952.0,2944.0,2400,3520,464.0,myelin-exec:__mye677120
0.0,11744,3,3914.7,3392.0,3200,5152,1075.9,myelin-exec:__mye726009
0.0,11648,4,2912.0,2720.0,2240,3968,768.4,myelin-exec:__mye676938
0.0,11648,3,3882.7,3488.0,2848,5312,1278.5,myelin-exec:__mye725995
0.0,11616,4,2904.0,2672.0,2656,3616,474.9,myelin-exec:__mye677008
0.0,11616,3,3872.0,3648.0,2880,5088,1120.9,myelin-exec:__mye726233
0.0,11488,3,3829.3,3744.0,3264,4480,612.5,myelin-exec:__mye725927
0.0,11456,3,3818.7,3008.0,2848,5600,1544.8,myelin-exec:__mye726301
0.0,11424,4,2856.0,2784.0,2432,3424,475.6,myelin-exec:__mye677050
0.0,11424,3,3808.0,3392.0,3360,4672,748.4,myelin-exec:__mye725929
0.0,11424,3,3808.0,4000.0,2720,4704,1005.8,myelin-exec:__mye726037
0.0,11392,4,2848.0,2784.0,2144,3680,631.9,myelin-exec:__mye676864
0.0,11392,4,2848.0,2752.0,2560,3328,367.7,myelin-exec:__mye677092
0.0,11360,4,2840.0,2912.0,2560,2976,196.2,myelin-exec:__mye677148
0.0,11360,3,3786.7,3648.0,3456,4256,417.6,myelin-exec:__mye725967
0.0,11360,3,3786.7,3456.0,3008,4896,986.5,myelin-exec:__mye726323
0.0,11328,3,3776.0,3776.0,2912,4640,864.0,myelin-exec:__mye726093
0.0,11328,3,3776.0,3392.0,3232,4704,807.6,myelin-exec:__mye726317
0.0,11264,3,3754.7,3456.0,3424,4384,545.3,myelin-exec:__mye726289
0.0,11200,3,3733.3,3584.0,3392,4224,435.6,myelin-exec:__mye726061
0.0,11200,3,3733.3,3200.0,3008,4992,1094.3,myelin-exec:__mye726315
0.0,11168,4,2792.0,2656.0,2272,3584,558.8,myelin-exec:__mye677190
0.0,11168,4,2792.0,2416.0,2336,4000,807.2,myelin-exec:__mye677220
0.0,11136,4,2784.0,2688.0,2112,3648,688.3,myelin-exec:__mye677164
0.0,11072,4,2768.0,2464.0,1952,4192,1007.4,myelin-exec:__mye676996
0.0,11072,3,3690.7,3520.0,3200,4352,594.7,myelin-exec:__mye725959
0.0,11040,3,3680.0,3456.0,3136,4448,684.1,myelin-exec:__mye726313
0.0,11008,3,3669.3,3520.0,3296,4192,466.3,myelin-exec:__mye725991
0.0,11008,3,3669.3,3296.0,3040,4672,877.7,myelin-exec:__mye726215
0.0,10976,4,2744.0,2160.0,1888,4768,1357.0,myelin-exec:__mye676870
0.0,10976,4,2744.0,2576.0,2272,3552,600.0,myelin-exec:__mye676910
0.0,10944,3,3648.0,3648.0,3296,4000,352.0,myelin-exec:__mye726121
0.0,10944,3,3648.0,3072.0,2816,5056,1226.1,myelin-exec:__mye726149
0.0,10912,4,2728.0,2496.0,2080,3840,768.6,myelin-exec:__mye676982
0.0,10912,3,3637.3,3552.0,2976,4384,707.9,myelin-exec:__mye725953
0.0,10912,3,3637.3,3072.0,2816,5024,1207.7,myelin-exec:__mye726247
0.0,10880,4,2720.0,2448.0,2432,3552,554.9,myelin-exec:__mye677064
0.0,10848,4,2712.0,2368.0,2112,4000,873.4,myelin-exec:__mye676940
0.0,10848,3,3616.0,3360.0,3264,4224,528.7,myelin-exec:__mye726005
0.0,10816,3,3605.3,3456.0,3072,4288,621.6,myelin-exec:__mye726285
0.0,10752,3,3584.0,2848.0,2528,5376,1560.1,myelin-exec:__mye726177
0.0,10720,3,3573.3,2368.0,2272,6080,2171.4,myelin-exec:__mye725941
0.0,10720,3,3573.3,3264.0,2752,4704,1012.1,myelin-exec:__mye726287
0.0,10688,3,3562.7,3424.0,3136,4128,510.3,myelin-exec:__mye725951
0.0,10656,3,3552.0,3200.0,2944,4512,841.2,myelin-exec:__mye726065
0.0,10624,3,3541.3,3328.0,2848,4448,821.1,myelin-exec:__mye726189
0.0,10624,3,3541.3,3744.0,2592,4288,866.0,myelin-exec:__mye726271
0.0,10592,4,2648.0,2576.0,2208,3232,493.2,myelin-exec:__mye676926
0.0,10528,3,3509.3,3232.0,2752,4544,927.6,myelin-exec:__mye726089
0.0,10496,4,2624.0,2560.0,2176,3200,462.2,myelin-exec:__mye676994
0.0,10496,3,3498.7,2656.0,2496,5344,1600.1,myelin-exec:__mye725949
0.0,10464,3,3488.0,3456.0,3104,3904,401.0,myelin-exec:__mye726021
0.0,10464,3,3488.0,3552.0,2976,3936,483.2,myelin-exec:__mye726033
0.0,10464,3,3488.0,3072.0,2944,4448,833.8,myelin-exec:__mye726257
0.0,10400,3,3466.7,3072.0,2656,4672,1064.4,myelin-exec:__mye725981
0.0,10400,3,3466.7,3328.0,3040,4032,510.3,myelin-exec:__mye726035
0.0,10368,3,3456.0,3072.0,2848,4448,866.4,myelin-exec:__mye725977
0.0,10304,3,3434.7,2976.0,2752,4576,994.7,myelin-exec:__mye726163
0.0,10304,3,3434.7,3072.0,2912,4320,770.9,myelin-exec:__mye726229
0.0,10272,3,3424.0,3136.0,3008,4128,613.0,myelin-exec:__mye726075
0.0,10272,3,3424.0,3136.0,2784,4352,822.7,myelin-exec:__mye726187
0.0,10272,3,3424.0,3232.0,3008,4032,538.3,myelin-exec:__mye726201
0.0,10208,3,3402.7,3456.0,2208,4544,1168.9,myelin-exec:__mye726183
0.0,10208,3,3402.7,3008.0,2976,4224,711.5,myelin-exec:__mye726203
0.0,10176,3,3392.0,3424.0,2496,4256,880.4,myelin-exec:__mye726079
0.0,10176,3,3392.0,2848.0,2784,4544,998.2,myelin-exec:__mye726175
0.0,10144,3,3381.3,2976.0,2912,4256,758.2,myelin-exec:__mye726007
0.0,10144,3,3381.3,3456.0,2688,4000,659.2,myelin-exec:__mye726091
0.0,10144,3,3381.3,2944.0,2816,4384,870.7,myelin-exec:__mye726105
0.0,10144,3,3381.3,3008.0,2944,4192,702.8,myelin-exec:__mye726205
0.0,10144,3,3381.3,3008.0,2880,4256,760.2,myelin-exec:__mye726303
0.0,10112,3,3370.7,2944.0,2944,4224,739.0,myelin-exec:__mye726231
0.0,10080,3,3360.0,3136.0,2624,4320,869.9,myelin-exec:__mye726023
0.0,10080,3,3360.0,2976.0,2720,4384,896.0,myelin-exec:__mye726049
0.0,10080,3,3360.0,3072.0,2848,4160,701.8,myelin-exec:__mye726063
0.0,10048,3,3349.3,3328.0,3040,3680,320.5,myelin-exec:__mye726019
0.0,10048,3,3349.3,3168.0,3168,3712,314.1,myelin-exec:__mye726145
0.0,10048,3,3349.3,3200.0,2656,4192,778.8,myelin-exec:__mye726161
0.0,10048,3,3349.3,3104.0,2816,4128,689.5,myelin-exec:__mye726173
0.0,10048,3,3349.3,3008.0,2720,4320,852.9,myelin-exec:__mye726245
0.0,10016,4,2504.0,2464.0,2176,2912,321.5,myelin-exec:__mye676898
0.0,10016,3,3338.7,3040.0,2880,4096,660.7,myelin-exec:__mye726131
0.0,9984,4,2496.0,2400.0,2176,3008,380.4,myelin-exec:__mye677108
0.0,9984,3,3328.0,3552.0,2624,3808,623.0,myelin-exec:__mye726299
0.0,9888,3,3296.0,3488.0,2368,4032,848.5,myelin-exec:__mye726191
0.0,9824,3,3274.7,2944.0,2656,4224,834.7,myelin-exec:__mye726273
0.0,9792,3,3264.0,3104.0,2784,3904,576.9,myelin-exec:__mye726047
0.0,9728,3,3242.7,3104.0,3040,3584,297.3,myelin-exec:__mye725965
0.0,9728,3,3242.7,3040.0,2624,4064,741.1,myelin-exec:__mye725979
0.0,9696,4,2424.0,2432.0,2016,2816,402.6,myelin-exec:__mye677038
0.0,9664,4,2416.0,2144.0,1984,3392,655.5,myelin-exec:__mye677150
0.0,9632,3,3210.7,3232.0,2912,3488,288.6,myelin-exec:__mye725993
0.0,9632,3,3210.7,2848.0,2752,4032,712.9,myelin-exec:__mye726133
0.0,9568,4,2392.0,2144.0,2080,3200,539.5,myelin-exec:__mye677080
0.0,9568,4,2392.0,2416.0,1856,2880,474.2,myelin-exec:__mye677136
0.0,9568,3,3189.3,3392.0,2368,3808,741.1,myelin-exec:__mye725987
0.0,9568,3,3189.3,3072.0,2496,4000,758.8,myelin-exec:__mye726327
0.0,9536,4,2384.0,2432.0,1984,2688,359.7,myelin-exec:__mye676866
0.0,9536,3,3178.7,3456.0,2464,3616,624.1,myelin-exec:__mye725973
0.0,9504,4,2376.0,2272.0,2048,2912,404.2,myelin-exec:__mye677052
0.0,9472,3,3157.3,3072.0,2816,3584,391.0,myelin-exec:__mye725963
0.0,9472,3,3157.3,3072.0,2688,3712,517.3,myelin-exec:__mye726051
0.0,9472,3,3157.3,3168.0,2592,3712,560.1,myelin-exec:__mye726103
0.0,9472,3,3157.3,2912.0,2784,3776,539.6,myelin-exec:__mye726259
0.0,9440,4,2360.0,2160.0,1888,3232,619.1,myelin-exec:__mye676912
0.0,9440,4,2360.0,2208.0,2048,2976,424.8,myelin-exec:__mye677024
0.0,9440,4,2360.0,2416.0,1792,2816,504.2,myelin-exec:__mye677206
0.0,9440,3,3146.7,2912.0,2560,3968,732.7,myelin-exec:__mye726135
0.0,9440,3,3146.7,3168.0,2976,3296,161.1,myelin-exec:__mye726147
0.0,9408,3,3136.0,3072.0,2432,3904,738.1,myelin-exec:__mye726217
0.0,9408,3,3136.0,3264.0,2528,3616,555.2,myelin-exec:__mye726243
0.0,9376,4,2344.0,2240.0,2080,2816,332.9,myelin-exec:__mye676968
0.0,9376,3,3125.3,3136.0,2272,3968,848.1,myelin-exec:__mye726043
0.0,9376,3,3125.3,2816.0,2656,3904,679.1,myelin-exec:__mye726197
0.0,9248,3,3082.7,3264.0,2560,3424,459.7,myelin-exec:__mye726015
0.0,9248,3,3082.7,2272.0,2240,4736,1431.9,myelin-exec:__mye726169
0.0,9216,3,3072.0,2976.0,2816,3424,315.2,myelin-exec:__mye726117
0.0,9184,4,2296.0,2208.0,1888,2880,418.4,myelin-exec:__mye676954
0.0,9120,3,3040.0,2816.0,2592,3712,592.6,myelin-exec:__mye726119
0.0,9056,4,2264.0,2128.0,1792,3008,528.6,myelin-exec:__mye677178
0.0,9056,3,3018.7,2656.0,1952,4448,1286.9,myelin-exec:__mye726281
0.0,9024,3,3008.0,2848.0,2688,3488,423.3,myelin-exec:__mye725933
0.0,9024,3,3008.0,3008.0,2496,3520,512.0,myelin-exec:__mye726107
0.0,9024,3,3008.0,2688.0,2304,4032,907.4,myelin-exec:__mye726225
0.0,8992,4,2248.0,2224.0,1856,2688,347.0,myelin-exec:__mye677094
0.0,8992,3,2997.3,2880.0,2528,3584,537.7,myelin-exec:__mye726001
0.0,8992,3,2997.3,2656.0,2560,3776,676.1,myelin-exec:__mye726077
0.0,8992,3,2997.3,2432.0,2432,4128,979.2,myelin-exec:__mye726309
0.0,8928,4,2232.0,2096.0,1888,2848,432.0,myelin-exec:__mye677066
0.0,8896,3,2965.3,2720.0,2336,3840,781.4,myelin-exec:__mye726211
0.0,8864,4,2216.0,1952.0,1696,3264,709.5,myelin-exec:__mye677192
0.0,8864,3,2954.7,3040.0,2528,3296,391.0,myelin-exec:__mye726085
0.0,8864,3,2954.7,2688.0,2656,3520,489.9,myelin-exec:__mye726159
0.0,8832,3,2944.0,2496.0,2144,4192,1095.0,myelin-exec:__mye725947
0.0,8832,3,2944.0,2592.0,2400,3840,781.9,myelin-exec:__mye726057
0.0,8800,3,2933.3,2336.0,1984,4480,1351.0,myelin-exec:__mye726295
0.0,8768,4,2192.0,1888.0,1824,3168,651.9,myelin-exec:__mye677234
0.0,8608,4,2152.0,2160.0,1792,2496,379.9,myelin-exec:__mye677122
0.0,8608,3,2869.3,2336.0,2272,4000,979.7,myelin-exec:__mye726255
0.0,8576,3,2858.7,2816.0,2400,3360,481.4,myelin-exec:__mye726099
0.0,8544,3,2848.0,2528.0,2336,3680,726.9,myelin-exec:__mye726029
0.0,8512,4,2128.0,1936.0,1760,2880,521.6,myelin-exec:__mye677010
0.0,8512,3,2837.3,2432.0,2208,3872,903.0,myelin-exec:__mye726239
0.0,8416,3,2805.3,2560.0,2528,3328,452.9,myelin-exec:__mye726269
0.0,8384,3,2794.7,2624.0,2272,3488,625.7,myelin-exec:__mye726003
0.0,8384,3,2794.7,2688.0,2464,3232,395.0,myelin-exec:__mye726127
0.0,8384,3,2794.7,2528.0,2304,3552,665.4,myelin-exec:__mye726253
0.0,8352,3,2784.0,2432.0,2272,3648,752.5,myelin-exec:__mye725989
0.0,8288,3,2762.7,2368.0,2304,3616,739.7,myelin-exec:__mye726155
0.0,8224,3,2741.3,2432.0,2272,3520,679.1,myelin-exec:__mye726113
0.0,8192,3,2730.7,2496.0,2240,3456,641.1,myelin-exec:__mye726267
0.0,8096,3,2698.7,2368.0,1824,3904,1078.7,myelin-exec:__mye726227
0.0,8064,3,2688.0,2592.0,2240,3232,502.9,myelin-exec:__mye725975
0.0,8032,3,2677.3,2432.0,2304,3296,539.6,myelin-exec:__mye726071
0.0,8000,7,1142.9,1024.0,800,1600,321.4,myelin-exec:__mye60_0
0.0,8000,3,2666.7,2592.0,2368,3040,342.2,myelin-exec:__mye725943
0.0,7936,3,2645.3,2432.0,1888,3616,883.5,myelin-exec:__mye726059
0.0,7904,3,2634.7,2016.0,1856,4032,1212.8,myelin-exec:__mye726171
0.0,7872,3,2624.0,2752.0,2048,3072,523.9,myelin-exec:__mye726141
0.0,7840,3,2613.3,2016.0,1920,3904,1118.8,myelin-exec:__mye726213
0.0,7680,3,2560.0,2528.0,2272,2880,305.3,myelin-exec:__mye726101
0.0,7680,3,2560.0,2400.0,2208,3072,453.7,myelin-exec:__mye726143
0.0,7584,3,2528.0,2656.0,2176,2752,308.6,myelin-exec:__mye726031
0.0,7584,3,2528.0,2176.0,1984,3424,781.9,myelin-exec:__mye726311
0.0,7392,3,2464.0,2336.0,2272,2784,279.0,myelin-exec:__mye725969
0.0,7392,3,2464.0,2464.0,1920,3008,544.0,myelin-exec:__mye726087
0.0,7392,3,2464.0,2528.0,2176,2688,261.9,myelin-exec:__mye726283
0.0,7360,3,2453.3,1888.0,1632,3840,1207.7,myelin-exec:__mye726305
0.0,7328,3,2442.7,2016.0,1984,3328,766.9,myelin-exec:__mye726115
0.0,7296,3,2432.0,2432.0,1920,2944,512.0,myelin-exec:__mye725961
0.0,7264,3,2421.3,2592.0,1952,2720,411.5,myelin-exec:__mye726185
0.0,7136,3,2378.7,2336.0,2272,2528,133.2,myelin-exec:__mye726017
0.0,7136,3,2378.7,2240.0,2048,2848,417.6,myelin-exec:__mye726199
0.0,7040,3,2346.7,2272.0,2208,2560,187.5,myelin-exec:__mye726025
0.0,6976,3,2325.3,2240.0,2080,2656,297.3,myelin-exec:__mye726045
0.0,6944,3,2314.7,2144.0,2112,2688,323.7,myelin-exec:__mye726157
0.0,6912,3,2304.0,2528.0,1792,2592,444.6,myelin-exec:__mye726129
0.0,6912,3,2304.0,2176.0,1888,2848,492.6,myelin-exec:__mye726165
0.0,6848,3,2282.7,2176.0,2112,2560,242.3,myelin-exec:__mye726109
0.0,6816,3,2272.0,2304.0,2144,2368,115.4,myelin-exec:__mye725955
0.0,6784,7,969.1,832.0,384,2368,664.8,myelin-exec:__mye39_0
0.0,6720,3,2240.0,1984.0,1792,2944,617.2,myelin-exec:__mye726241
0.0,6720,3,2240.0,2272.0,1920,2528,305.3,myelin-exec:__mye726297
0.0,6656,3,2218.7,2240.0,2048,2368,161.1,myelin-exec:__mye725983
0.0,6624,3,2208.0,2048.0,2016,2560,305.3,myelin-exec:__mye726073
0.0,6560,3,2186.7,2176.0,1952,2432,240.2,myelin-exec:__mye726067
0.0,6496,3,2165.3,1824.0,1568,3104,822.9,myelin-exec:__mye726319
0.0,6464,3,2154.7,2144.0,2048,2272,112.4,myelin-exec:__mye726277
0.0,6400,3,2133.3,2272.0,1696,2432,387.1,myelin-exec:__mye726039
0.0,6304,3,2101.3,2112.0,2080,2112,18.5,myelin-exec:__mye726151
0.0,6304,3,2101.3,1888.0,1600,2816,635.5,myelin-exec:__mye726179
0.0,6304,3,2101.3,2048.0,2016,2240,121.2,myelin-exec:__mye726207
0.0,6304,3,2101.3,2048.0,1856,2400,275.9,myelin-exec:__mye726221
0.0,6240,3,2080.0,2080.0,1984,2176,96.0,myelin-exec:__mye725997
0.0,6240,3,2080.0,2112.0,1824,2304,241.6,myelin-exec:__mye726235
0.0,6208,3,2069.3,2176.0,1536,2496,488.8,myelin-exec:__mye726095
0.0,6176,3,2058.7,2112.0,1856,2208,182.0,myelin-exec:__mye726193
0.0,6144,3,2048.0,2016.0,1856,2272,209.8,myelin-exec:__mye726123
0.0,6112,3,2037.3,2112.0,1888,2112,129.3,myelin-exec:__mye726249
0.0,6016,3,2005.3,2112.0,1728,2176,242.3,myelin-exec:__mye726011
0.0,5952,3,1984.0,1952.0,1696,2304,305.3,myelin-exec:__mye726137
0.0,5888,3,1962.7,1952.0,1824,2112,144.3,myelin-exec:__mye726291
0.0,5824,3,1941.3,1952.0,1888,1984,48.9,myelin-exec:__mye726081
0.0,5664,4,1416.0,1312.0,1216,1824,280.6,myelin-exec:__mye156465_0
0.0,5632,3,1877.3,1984.0,1664,1984,184.8,myelin-exec:__mye726053
0.0,5568,3,1856.0,1920.0,1664,1984,169.3,myelin-exec:__mye726263
0.0,4992,7,713.1,736.0,288,1056,265.6,myelin-exec:__mye31_0
0.0,3680,3,1226.7,960.0,928,1792,489.9,myelin-exec:__mye181941_0
